user_id,signup_date,city_tier,segment,preferred_device,acquisition_channel,last_active_date,avg_daily_minutes,lifetime_paid_amount,lifetime_paid_months,plan_id,sub_status,sub_end_date,sub_start_date,plan_name,plan_price,tier,tenure_days,days_since_last_active,engagement_band,price_band
u000001,2025-05-27,1,value,mobile,paid_social,2026-01-30,3.325384615384616,1495.0,5,PLN_BASIC,cancelled,2025-10-24,2025-05-27,Basic,299.0,low,248,0,low,low
u000002,2025-11-15,1,regular,web,search,2026-01-30,14.836,598.0,2,PLN_BASIC,active,2026-01-30,2025-11-21,Basic,299.0,low,76,0,medium,low
u000003,2025-10-16,1,regular,web,referral,2026-01-30,12.605188679245284,998.0,2,PLN_STD,cancelled,2026-01-14,2025-10-16,Standard,499.0,mid,106,0,medium,mid
u000004,2025-08-23,2,regular,web,referral,2026-01-30,18.890759493670885,3995.0,5,PLN_PREM,active,2026-01-30,2025-08-29,Premium,799.0,high,160,0,high,high
u000005,2025-08-21,1,regular,mobile,organic,2026-01-30,18.393950617283952,1495.0,5,PLN_BASIC,active,2026-01-30,2025-08-28,Basic,299.0,low,162,0,high,low
u000006,2025-12-06,3,value,mobile,organic,2026-01-30,8.726545454545453,299.0,1,PLN_BASIC,active,2026-01-30,2025-12-12,Basic,299.0,low,55,0,medium,low
u000007,2025-05-26,3,value,mobile,organic,2026-01-30,7.560384615384615,2093.0,7,PLN_BASIC,active,2026-01-30,2025-05-27,Basic,299.0,low,249,0,low,low
u000008,2025-10-27,3,value,web,organic,2026-01-30,10.165578947368422,897.0,3,PLN_BASIC,active,2026-01-30,2025-11-01,Basic,299.0,low,95,0,medium,low
u000009,2025-06-24,2,premium,web,search,2026-01-30,23.016461538461538,5593.0,7,PLN_PREM,active,2026-01-30,2025-07-01,Premium,799.0,high,220,0,high,high
u000010,2025-05-28,3,value,web,organic,2026-01-30,8.054736842105264,3493.0,7,PLN_STD,active,2026-01-30,2025-06-01,Standard,499.0,mid,247,0,low,mid
u000011,2025-09-14,1,premium,mobile,paid_social,2026-01-30,24.998955223880596,3196.0,4,PLN_PREM,active,2026-01-30,2025-09-21,Premium,799.0,high,138,0,high,high
u000012,2026-01-04,2,value,web,organic,2026-01-30,6.275185185185186,299.0,1,PLN_BASIC,cancelled,2026-01-30,2026-01-11,Basic,299.0,low,26,0,low,low
u000013,2025-11-05,2,value,web,organic,2026-01-30,5.774302325581396,598.0,2,PLN_BASIC,active,2026-01-30,2025-11-05,Basic,299.0,low,86,0,low,low
u000014,2025-11-12,3,value,mobile,paid_social,2026-01-30,6.490384615384615,598.0,2,PLN_BASIC,cancelled,2026-01-15,2025-11-16,Basic,299.0,low,79,0,low,low
u000015,2025-11-01,2,value,web,search,2026-01-30,5.609666666666667,598.0,2,PLN_BASIC,cancelled,2026-01-01,2025-11-02,Basic,299.0,low,90,0,low,low
u000016,2025-11-18,3,regular,mobile,search,2026-01-30,15.192916666666669,998.0,2,PLN_STD,active,2026-01-30,2025-11-20,Standard,499.0,mid,73,0,medium,mid
u000017,2025-09-10,1,regular,web,referral,2026-01-30,18.897163120567377,897.0,3,PLN_BASIC,active,2026-01-30,2025-09-11,Basic,299.0,low,142,0,high,low
u000018,2025-06-06,3,value,unknown,email,2026-01-30,9.008476190476191,1794.0,6,PLN_BASIC,active,2026-01-30,2025-06-08,Basic,299.0,low,238,0,medium,low
u000019,2025-12-01,2,regular,web,search,2026-01-30,22.653166666666667,799.0,1,PLN_PREM,active,2026-01-30,2025-12-08,Premium,799.0,high,60,0,high,high
u000020,2025-08-26,2,regular,web,organic,2026-01-30,13.674423076923077,2495.0,5,PLN_STD,active,2026-01-30,2025-08-30,Standard,499.0,mid,157,0,medium,mid
u000021,2025-09-07,3,premium,web,organic,2026-01-30,25.00804347826087,1996.0,4,PLN_STD,active,2026-01-30,2025-09-11,Standard,499.0,mid,145,0,high,mid
u000022,2025-08-06,2,premium,web,email,2026-01-30,27.562823529411766,3995.0,5,PLN_PREM,active,2026-01-30,2025-08-06,Premium,799.0,high,177,0,high,high
u000023,2025-06-19,2,regular,mobile,paid_social,2026-01-30,8.801207729468599,1495.0,5,PLN_BASIC,cancelled,2025-11-19,2025-06-22,Basic,299.0,low,225,0,medium,low
u000024,2025-12-23,2,regular,web,paid_social,2026-01-30,15.598378378378378,499.0,1,PLN_STD,active,2026-01-30,2025-12-24,Standard,499.0,mid,38,0,medium,mid
u000025,2025-11-17,1,regular,web,paid_social,2026-01-30,17.15150684931507,998.0,2,PLN_STD,active,2026-01-30,2025-11-18,Standard,499.0,mid,74,0,high,mid
u000026,2025-10-13,2,regular,mobile,organic,2026-01-30,9.000277777777777,1598.0,2,PLN_PREM,cancelled,2025-12-12,2025-10-13,Premium,799.0,high,109,0,medium,high
u000027,2025-08-14,1,regular,web,search,2026-01-30,6.6640476190476186,897.0,3,PLN_BASIC,cancelled,2025-11-12,2025-08-14,Basic,299.0,low,169,0,low,low
u000028,2025-11-27,1,value,mobile,referral,2026-01-30,2.1453846153846152,0.0,0,PLN_BASIC,expired,2026-01-03,2025-12-04,Basic,299.0,low,64,0,low,low
u000029,2025-09-18,3,regular,mobile,referral,2026-01-30,16.58007575757576,1996.0,4,PLN_STD,active,2026-01-30,2025-09-22,Standard,499.0,mid,134,0,high,mid
u000030,2025-08-24,2,premium,web,organic,2026-01-30,25.495555555555555,3995.0,5,PLN_PREM,active,2026-01-30,2025-08-31,Premium,799.0,high,159,0,high,high
u000031,2025-08-26,2,value,mobile,paid_social,2026-01-30,8.256103896103896,1495.0,5,PLN_BASIC,active,2026-01-30,2025-08-27,Basic,299.0,low,157,0,low,low
u000032,2025-07-01,2,regular,web,organic,2026-01-30,10.460970873786408,2495.0,5,PLN_STD,cancelled,2025-12-04,2025-07-07,Standard,499.0,mid,213,0,medium,mid
u000033,2025-05-28,2,premium,web,email,2026-01-30,0.0,0.0,0,PLN_PREM,expired,2025-07-03,2025-06-03,Premium,799.0,high,247,0,low,high
u000034,2025-09-21,2,value,web,organic,2026-01-30,6.752403100775195,897.0,3,PLN_BASIC,cancelled,2025-12-21,2025-09-22,Basic,299.0,low,131,0,low,low
u000035,2025-12-13,3,regular,mobile,paid_social,2026-01-30,14.963061224489797,499.0,1,PLN_STD,active,2026-01-30,2025-12-14,Standard,499.0,mid,48,0,medium,mid
u000036,2025-05-21,3,premium,mobile,organic,2026-01-30,5.478415841584159,998.0,2,PLN_STD,expired,2025-08-25,2025-05-27,Standard,499.0,mid,254,0,low,mid
u000037,2025-12-06,2,premium,web,paid_social,2026-01-30,25.551698113207546,499.0,1,PLN_STD,active,2026-01-30,2025-12-09,Standard,499.0,mid,55,0,high,mid
u000038,2025-11-28,2,value,mobile,paid_social,2026-01-30,5.895714285714286,598.0,2,PLN_BASIC,active,2026-01-30,2025-11-30,Basic,299.0,low,63,0,low,low
u000039,2025-07-13,2,value,web,organic,2026-01-30,9.280650000000001,1794.0,6,PLN_BASIC,active,2026-01-30,2025-07-19,Basic,299.0,low,201,0,medium,low
u000040,2025-10-10,2,regular,mobile,referral,2026-01-30,14.665636363636365,1497.0,3,PLN_STD,active,2026-01-30,2025-10-16,Standard,499.0,mid,112,0,medium,mid
u000041,2025-06-15,2,value,mobile,referral,2026-01-30,8.225666666666667,2093.0,7,PLN_BASIC,active,2026-01-30,2025-06-17,Basic,299.0,low,229,0,low,low
u000042,2025-11-11,2,value,mobile,referral,2026-01-30,2.508,299.0,1,PLN_BASIC,cancelled,2025-12-18,2025-11-18,Basic,299.0,low,80,0,low,low
u000043,2025-10-27,2,value,mobile,organic,2026-01-30,10.362526315789474,897.0,3,PLN_BASIC,active,2026-01-30,2025-10-30,Basic,299.0,low,95,0,medium,low
u000044,2025-08-01,2,value,mobile,paid_social,2026-01-30,1.0941758241758242,299.0,1,PLN_BASIC,cancelled,2025-09-05,2025-08-06,Basic,299.0,low,182,0,low,low
u000045,2025-05-22,2,regular,web,search,2026-01-30,17.058125,3992.0,8,PLN_STD,active,2026-01-30,2025-05-23,Standard,499.0,mid,253,0,high,mid
u000046,2026-01-03,2,regular,mobile,paid_social,2026-01-30,19.63214285714286,499.0,1,PLN_STD,active,2026-01-30,2026-01-07,Standard,499.0,mid,27,0,high,mid
u000047,2025-08-24,1,regular,mobile,search,2026-01-30,16.851518987341773,2495.0,5,PLN_STD,active,2026-01-30,2025-08-30,Standard,499.0,mid,159,0,high,mid
u000048,2025-12-15,1,regular,mobile,paid_social,2026-01-30,11.142826086956523,499.0,1,PLN_STD,cancelled,2026-01-20,2025-12-21,Standard,499.0,mid,46,0,medium,mid
u000049,2025-10-22,2,regular,web,organic,2026-01-30,17.27851485148515,897.0,3,PLN_BASIC,active,2026-01-30,2025-10-22,Basic,299.0,low,100,0,high,low
u000050,2025-11-16,2,value,mobile,search,2026-01-30,1.7222666666666664,0.0,0,PLN_STD,expired,2025-12-23,2025-11-23,Standard,499.0,mid,75,0,low,mid
u000051,2025-11-11,1,value,web,organic,2026-01-30,10.303749999999999,598.0,2,PLN_BASIC,active,2026-01-30,2025-11-12,Basic,299.0,low,80,0,medium,low
u000052,2025-06-22,2,value,web,organic,2026-01-30,8.542307692307691,2495.0,5,PLN_STD,active,2026-01-30,2025-06-22,Standard,499.0,mid,222,0,medium,mid
u000053,2025-08-04,3,value,web,organic,2026-01-30,2.1706214689265537,299.0,1,PLN_BASIC,expired,2025-10-06,2025-08-07,Basic,299.0,low,179,0,low,low
u000054,2025-08-30,2,value,web,organic,2026-01-30,2.3470394736842106,998.0,2,PLN_STD,cancelled,2025-10-31,2025-09-01,Standard,499.0,mid,153,0,low,mid
u000055,2025-09-06,3,value,mobile,referral,2026-01-30,4.312816901408451,598.0,2,PLN_BASIC,cancelled,2025-11-05,2025-09-06,Basic,299.0,low,146,0,low,low
u000056,2025-05-15,3,value,web,search,2026-01-30,7.554563106796117,2392.0,8,PLN_BASIC,active,2026-01-30,2025-05-18,Basic,299.0,low,260,0,low,low
u000057,2025-09-19,2,regular,mobile,organic,2026-01-30,17.327692307692306,2397.0,3,PLN_PREM,active,2026-01-30,2025-09-23,Premium,799.0,high,133,0,high,high
u000058,2025-06-12,2,regular,mobile,referral,2026-01-30,12.455190476190477,1794.0,6,PLN_BASIC,cancelled,2025-12-13,2025-06-16,Basic,299.0,low,232,0,medium,low
u000059,2025-11-07,1,premium,web,email,2026-01-30,7.0211764705882365,799.0,1,PLN_PREM,cancelled,2025-12-07,2025-11-07,Premium,799.0,high,84,0,low,high
u000060,2025-10-23,3,regular,mobile,referral,2026-01-30,16.87418367346939,1497.0,3,PLN_STD,active,2026-01-30,2025-10-27,Standard,499.0,mid,99,0,high,mid
u000061,2025-12-22,2,regular,web,referral,2026-01-30,13.819749999999999,499.0,1,PLN_STD,active,2026-01-30,2025-12-24,Standard,499.0,mid,39,0,medium,mid
u000062,2025-11-07,3,value,mobile,email,2026-01-30,7.776987951807229,598.0,2,PLN_BASIC,active,2026-01-30,2025-11-08,Basic,299.0,low,84,0,low,low
u000063,2025-08-05,2,regular,mobile,paid_social,2026-01-30,18.669209039548022,2495.0,5,PLN_STD,active,2026-01-30,2025-08-11,Standard,499.0,mid,178,0,high,mid
u000064,2026-01-02,1,value,web,email,2026-01-30,4.850689655172414,299.0,1,PLN_BASIC,cancelled,2026-01-30,2026-01-02,Basic,299.0,low,28,0,low,low
u000065,2025-08-16,1,regular,mobile,email,2026-01-30,14.784121212121212,1495.0,5,PLN_BASIC,active,2026-01-30,2025-08-23,Basic,299.0,low,167,0,medium,low
u000066,2025-07-25,2,regular,web,organic,2026-01-30,18.073048128342244,2994.0,6,PLN_STD,active,2026-01-30,2025-07-31,Standard,499.0,mid,189,0,high,mid
u000067,2025-12-18,2,regular,web,referral,2026-01-30,18.33090909090909,0.0,0,PLN_STD,active,2026-01-30,2025-12-21,Standard,499.0,mid,43,0,high,mid
u000068,2025-08-05,1,value,mobile,referral,2026-01-30,8.532584269662921,1495.0,5,PLN_BASIC,active,2026-01-30,2025-08-05,Basic,299.0,low,178,0,medium,low
u000069,2025-05-24,2,regular,web,paid_social,2026-01-30,14.010531400966183,4794.0,6,PLN_PREM,expired,2025-12-27,2025-05-31,Premium,799.0,high,251,0,medium,high
u000070,2025-08-30,3,regular,mobile,referral,2026-01-30,3.9247058823529413,299.0,1,PLN_BASIC,cancelled,2025-10-04,2025-09-04,Basic,299.0,low,153,0,low,low
u000071,2025-11-20,2,regular,web,search,2026-01-30,4.7302898550724635,499.0,1,PLN_STD,cancelled,2025-12-25,2025-11-25,Standard,499.0,mid,71,0,low,mid
u000072,2025-06-21,2,regular,web,search,2026-01-30,18.003014354066988,3493.0,7,PLN_STD,active,2026-01-30,2025-06-27,Standard,499.0,mid,223,0,high,mid
u000073,2025-08-29,1,regular,mobile,paid_social,2026-01-30,13.194563758389261,1996.0,4,PLN_STD,active,2026-01-30,2025-09-02,Standard,499.0,mid,154,0,medium,mid
u000074,2025-06-06,3,value,web,paid_social,2026-01-30,8.937095238095237,3493.0,7,PLN_STD,active,2026-01-30,2025-06-07,Standard,499.0,mid,238,0,medium,mid
u000075,2025-10-24,2,regular,mobile,referral,2026-01-30,17.70438775510204,897.0,3,PLN_BASIC,active,2026-01-30,2025-10-26,Basic,299.0,low,98,0,high,low
u000076,2025-09-01,3,regular,web,referral,2026-01-30,16.294666666666664,897.0,3,PLN_BASIC,active,2026-01-30,2025-09-07,Basic,299.0,low,151,0,medium,low
u000077,2025-07-26,2,value,mobile,paid_social,2026-01-29,6.703743315508021,1794.0,6,PLN_BASIC,cancelled,2026-01-24,2025-07-28,Basic,299.0,low,188,0,low,low
u000078,2025-06-30,2,value,mobile,email,2026-01-30,4.962692307692308,1996.0,4,PLN_STD,cancelled,2025-11-01,2025-07-04,Standard,499.0,mid,214,0,low,mid
u000079,2025-09-23,2,premium,web,organic,2026-01-30,23.70344262295082,1996.0,4,PLN_STD,active,2026-01-30,2025-09-26,Standard,499.0,mid,129,0,high,mid
u000080,2025-10-20,1,regular,web,email,2026-01-30,16.954752475247524,897.0,3,PLN_BASIC,active,2026-01-30,2025-10-24,Basic,299.0,low,102,0,high,low
u000081,2025-12-27,3,regular,web,organic,2026-01-30,21.00142857142857,299.0,1,PLN_BASIC,active,2026-01-30,2026-01-03,Basic,299.0,low,34,0,high,low
u000082,2025-08-22,2,regular,mobile,search,2026-01-30,18.11471337579618,2495.0,5,PLN_STD,active,2026-01-30,2025-08-26,Standard,499.0,mid,161,0,high,mid
u000083,2025-06-14,2,regular,web,organic,2026-01-30,13.596207941489482,1794.0,6,PLN_BASIC,cancelled,2025-12-15,2025-06-18,Basic,299.0,low,230,0,medium,low
u000084,2025-11-30,3,regular,web,search,2026-01-30,9.698524590163935,0.0,0,PLN_BASIC,expired,2026-01-03,2025-12-04,Basic,299.0,low,61,0,medium,low
u000085,2025-10-10,3,value,mobile,search,2026-01-30,8.094424778761061,1497.0,3,PLN_STD,active,2026-01-30,2025-10-13,Standard,499.0,mid,112,0,low,mid
u000086,2025-10-27,3,regular,web,organic,2026-01-30,14.151276595744681,897.0,3,PLN_BASIC,active,2026-01-30,2025-10-29,Basic,299.0,low,95,0,medium,low
u000087,2025-05-29,1,regular,web,paid_social,2026-01-30,16.781148325358853,3992.0,8,PLN_STD,active,2026-01-30,2025-06-01,Standard,499.0,mid,246,0,high,mid
u000088,2025-07-22,2,value,web,paid_social,2026-01-30,3.304188481675393,897.0,3,PLN_BASIC,cancelled,2025-10-25,2025-07-27,Basic,299.0,low,192,0,low,low
u000089,2025-11-13,3,regular,web,organic,2026-01-30,17.89883116883117,1598.0,2,PLN_PREM,active,2026-01-30,2025-11-14,Premium,799.0,high,78,0,high,high
u000090,2025-11-29,2,value,mobile,paid_social,2026-01-30,4.818412698412699,299.0,1,PLN_BASIC,active,2026-01-30,2025-12-06,Basic,299.0,low,62,0,low,low
u000091,2025-08-22,1,regular,mobile,organic,2026-01-30,17.7823125,1495.0,5,PLN_BASIC,active,2026-01-30,2025-08-27,Basic,299.0,low,161,0,high,low
u000092,2025-11-22,3,regular,mobile,organic,2026-01-30,15.406323529411763,499.0,1,PLN_STD,active,2026-01-30,2025-11-29,Standard,499.0,mid,69,0,medium,mid
u000093,2025-12-02,2,regular,mobile,organic,2026-01-30,21.009473684210526,499.0,1,PLN_STD,active,2026-01-30,2025-12-06,Standard,499.0,mid,59,0,high,mid
u000094,2025-08-10,2,regular,web,paid_social,2026-01-30,17.092947976878612,1196.0,4,PLN_BASIC,active,2026-01-30,2025-08-13,Basic,299.0,low,173,0,high,low
u000095,2025-12-16,3,premium,web,paid_social,2026-01-30,27.822666666666667,799.0,1,PLN_PREM,active,2026-01-30,2025-12-17,Premium,799.0,high,45,0,high,high
u000096,2025-07-16,2,regular,mobile,paid_social,2026-01-30,16.580314136125654,2994.0,6,PLN_STD,active,2026-01-30,2025-07-21,Standard,499.0,mid,198,0,high,mid
u000097,2025-07-04,2,regular,mobile,referral,2026-01-30,13.68645,4794.0,6,PLN_PREM,active,2026-01-30,2025-07-08,Premium,799.0,high,210,0,medium,high
u000098,2025-10-23,2,regular,mobile,paid_social,2026-01-30,13.493030303030302,2397.0,3,PLN_PREM,cancelled,2026-01-25,2025-10-27,Premium,799.0,high,99,0,medium,high
u000099,2025-10-11,2,value,web,referral,2026-01-30,7.468125000000001,897.0,3,PLN_BASIC,active,2026-01-30,2025-10-12,Basic,299.0,low,111,0,low,low
u000100,2025-06-09,1,value,mobile,email,2026-01-30,8.487582938388627,2093.0,7,PLN_BASIC,active,2026-01-30,2025-06-16,Basic,299.0,low,235,0,medium,low
u000101,2025-11-30,3,regular,mobile,search,2026-01-30,14.80032786885246,499.0,1,PLN_STD,active,2026-01-30,2025-12-06,Standard,499.0,mid,61,0,medium,mid
u000102,2025-06-24,3,value,mobile,organic,2026-01-30,6.7705714285714285,2495.0,5,PLN_STD,cancelled,2025-12-25,2025-06-28,Standard,499.0,mid,220,0,low,mid
u000103,2025-11-23,2,value,mobile,organic,2026-01-30,3.3154411764705887,299.0,1,PLN_BASIC,cancelled,2025-12-24,2025-11-24,Basic,299.0,low,68,0,low,low
u000104,2025-05-06,2,regular,web,paid_social,2026-01-30,17.65608695652174,2994.0,6,PLN_STD,active,2026-01-30,2025-05-13,Standard,499.0,mid,269,0,high,mid
u000105,2025-11-21,3,regular,web,search,2026-01-30,15.324857142857143,998.0,2,PLN_STD,active,2026-01-30,2025-11-23,Standard,499.0,mid,70,0,medium,mid
u000106,2025-11-18,1,value,web,organic,2026-01-30,7.012739726027397,598.0,2,PLN_BASIC,cancelled,2026-01-18,2025-11-19,Basic,299.0,low,73,0,low,low
u000107,2025-11-16,2,regular,web,referral,2026-01-30,5.158732394366197,299.0,1,PLN_BASIC,cancelled,2025-12-23,2025-11-23,Basic,299.0,low,75,0,low,low
u000108,2025-10-18,2,regular,mobile,email,2026-01-30,4.543269230769231,299.0,1,PLN_BASIC,cancelled,2025-11-19,2025-10-20,Basic,299.0,low,104,0,low,low
u000109,2025-08-31,2,regular,web,organic,2026-01-30,15.76543624161074,2495.0,5,PLN_STD,active,2026-01-30,2025-09-01,Standard,499.0,mid,152,0,medium,mid
u000110,2025-10-28,1,value,web,organic,2026-01-30,1.3971276595744682,299.0,1,PLN_BASIC,cancelled,2025-12-04,2025-11-04,Basic,299.0,low,94,0,low,low
u000111,2025-07-13,2,regular,web,organic,2026-01-30,14.759346733668343,2495.0,5,PLN_STD,active,2026-01-30,2025-07-14,Standard,499.0,mid,201,0,medium,mid
u000112,2025-11-16,2,value,mobile,search,2026-01-30,7.7494736842105265,598.0,2,PLN_BASIC,active,2026-01-30,2025-11-23,Basic,299.0,low,75,0,low,low
u000113,2025-09-21,2,regular,web,referral,2026-01-30,13.543538461538462,1196.0,4,PLN_BASIC,cancelled,2026-01-24,2025-09-26,Basic,299.0,low,131,0,medium,low
u000114,2025-08-28,1,value,web,paid_social,2026-01-30,8.78603896103896,1495.0,5,PLN_BASIC,active,2026-01-30,2025-09-01,Basic,299.0,low,155,0,medium,low
u000115,2025-09-08,2,premium,mobile,organic,2026-01-30,4.082571428571428,499.0,1,PLN_STD,cancelled,2025-10-13,2025-09-13,Standard,499.0,mid,144,0,low,mid
u000116,2025-09-24,2,value,web,search,2026-01-30,7.668682170542636,1996.0,4,PLN_STD,active,2026-01-30,2025-09-27,Standard,499.0,mid,128,0,low,mid
u000117,2025-05-14,1,regular,web,organic,2026-01-30,15.73207729468599,5593.0,7,PLN_PREM,active,2026-01-30,2025-05-19,Premium,799.0,high,261,0,medium,high
u000118,2025-06-09,1,value,web,search,2026-01-30,9.213495145631068,2093.0,7,PLN_BASIC,active,2026-01-30,2025-06-09,Basic,299.0,low,235,0,medium,low
u000119,2025-07-05,1,regular,mobile,search,2026-01-30,5.956570048309179,1497.0,3,PLN_STD,cancelled,2025-10-06,2025-07-08,Standard,499.0,mid,209,0,low,mid
u000120,2025-06-02,2,regular,mobile,paid_social,2026-01-30,16.970878048780488,2093.0,7,PLN_BASIC,active,2026-01-30,2025-06-05,Basic,299.0,low,242,0,high,low
u000121,2025-08-23,1,value,mobile,search,2026-01-30,6.66075,1495.0,5,PLN_BASIC,active,2026-01-30,2025-08-29,Basic,299.0,low,160,0,low,low
u000122,2025-10-19,3,value,web,referral,2026-01-30,7.97883495145631,897.0,3,PLN_BASIC,active,2026-01-30,2025-10-25,Basic,299.0,low,103,0,low,low
u000123,2025-10-16,2,value,mobile,organic,2026-01-30,8.865377358490566,897.0,3,PLN_BASIC,active,2026-01-30,2025-10-17,Basic,299.0,low,106,0,medium,low
u000124,2025-08-31,3,value,mobile,paid_social,2026-01-30,6.430592105263158,1196.0,4,PLN_BASIC,active,2026-01-30,2025-09-03,Basic,299.0,low,152,0,low,low
u000125,2025-12-05,3,premium,web,organic,2026-01-30,27.69,799.0,1,PLN_PREM,active,2026-01-30,2025-12-12,Premium,799.0,high,56,0,high,high
u000126,2025-09-23,1,regular,unknown,organic,2026-01-30,16.88476923076923,1996.0,4,PLN_STD,active,2026-01-30,2025-09-24,Standard,499.0,mid,129,0,high,mid
u000127,2025-05-24,2,value,web,referral,2026-01-30,9.049190476190477,2392.0,8,PLN_BASIC,active,2026-01-30,2025-05-29,Basic,299.0,low,251,0,medium,low
u000128,2025-11-13,3,premium,mobile,paid_social,2026-01-30,20.782702702702704,1598.0,2,PLN_PREM,active,2026-01-30,2025-11-17,Premium,799.0,high,78,0,high,high
u000129,2025-09-26,2,value,web,organic,2026-01-30,6.428548387096774,1196.0,4,PLN_BASIC,active,2026-01-30,2025-10-01,Basic,299.0,low,126,0,low,low
u000130,2025-10-11,2,regular,web,search,2026-01-30,3.6967272727272724,499.0,1,PLN_STD,cancelled,2025-11-13,2025-10-14,Standard,499.0,mid,111,0,low,mid
u000131,2025-09-23,2,regular,mobile,paid_social,2026-01-30,17.55761904761905,1996.0,4,PLN_STD,active,2026-01-30,2025-09-30,Standard,499.0,mid,129,0,high,mid
u000132,2025-09-20,1,premium,mobile,email,2026-01-30,23.186079999999997,3196.0,4,PLN_PREM,active,2026-01-30,2025-09-27,Premium,799.0,high,132,0,high,high
u000133,2025-05-27,2,regular,mobile,paid_social,2026-01-30,16.133846153846154,6392.0,8,PLN_PREM,active,2026-01-30,2025-05-30,Premium,799.0,high,248,0,medium,high
u000134,2025-09-22,3,regular,mobile,organic,2026-01-30,4.281923076923077,499.0,1,PLN_STD,cancelled,2025-10-29,2025-09-29,Standard,499.0,mid,130,0,low,mid
u000135,2025-11-20,3,premium,web,search,2026-01-30,27.55597014925373,998.0,2,PLN_STD,active,2026-01-30,2025-11-25,Standard,499.0,mid,71,0,high,mid
u000136,2025-07-20,1,value,mobile,organic,2026-01-30,3.13880829015544,299.0,1,PLN_BASIC,expired,2025-09-22,2025-07-24,Basic,299.0,low,194,0,low,low
u000137,2025-10-03,2,premium,unknown,organic,2026-01-30,24.44456140350877,2397.0,3,PLN_PREM,active,2026-01-30,2025-10-10,Premium,799.0,high,119,0,high,high
u000138,2025-05-12,2,regular,web,paid_social,2026-01-30,17.59019138755981,3992.0,8,PLN_STD,active,2026-01-30,2025-05-16,Standard,499.0,mid,263,0,high,mid
u000139,2025-07-31,3,premium,mobile,paid_social,2026-01-30,27.045511363636365,3995.0,5,PLN_PREM,active,2026-01-30,2025-08-06,Premium,799.0,high,183,0,high,high
u000140,2025-08-22,1,value,web,organic,2026-01-30,9.064074074074075,1495.0,5,PLN_BASIC,active,2026-01-30,2025-08-23,Basic,299.0,low,161,0,medium,low
u000141,2026-01-06,3,value,web,referral,2026-01-30,7.9708,299.0,1,PLN_BASIC,active,2026-01-30,2026-01-10,Basic,299.0,low,24,0,low,low
u000142,2025-06-27,3,regular,mobile,paid_social,2026-01-30,16.045317073170732,2994.0,6,PLN_STD,active,2026-01-30,2025-06-27,Standard,499.0,mid,217,0,medium,mid
u000143,2025-07-13,1,regular,web,paid_social,2026-01-30,16.660710659898477,1794.0,6,PLN_BASIC,active,2026-01-30,2025-07-20,Basic,299.0,low,201,0,high,low
u000144,2025-08-15,1,regular,web,organic,2026-01-30,18.035030674846627,2495.0,5,PLN_STD,active,2026-01-30,2025-08-15,Standard,499.0,mid,168,0,high,mid
u000145,2026-01-09,3,premium,mobile,search,2026-01-30,25.017142857142858,499.0,1,PLN_STD,active,2026-01-30,2026-01-12,Standard,499.0,mid,21,0,high,mid
u000146,2025-12-05,1,regular,mobile,organic,2026-01-30,8.089122807017544,799.0,1,PLN_PREM,cancelled,2026-01-09,2025-12-10,Premium,799.0,high,56,0,low,high
u000147,2025-05-13,2,value,mobile,organic,2026-01-30,6.101052631578947,2093.0,7,PLN_BASIC,cancelled,2025-12-13,2025-05-17,Basic,299.0,low,262,0,low,low
u000148,2025-07-02,3,regular,web,organic,2026-01-30,12.859423076923076,1996.0,4,PLN_STD,expired,2025-12-02,2025-07-05,Standard,499.0,mid,212,0,medium,mid
u000149,2025-11-27,2,value,mobile,organic,2026-01-30,6.65375,299.0,1,PLN_BASIC,expired,2026-01-28,2025-11-29,Basic,299.0,low,64,0,low,low
u000150,2025-05-19,2,value,mobile,organic,2026-01-30,8.01909090909091,3493.0,7,PLN_STD,active,2026-01-30,2025-05-19,Standard,499.0,mid,256,0,low,mid
u000151,2025-12-05,2,value,web,organic,2026-01-30,7.762456140350877,299.0,1,PLN_BASIC,active,2026-01-30,2025-12-11,Basic,299.0,low,56,0,low,low
u000152,2025-07-14,1,regular,web,email,2026-01-30,18.568442211055277,2495.0,5,PLN_STD,active,2026-01-30,2025-07-16,Standard,499.0,mid,200,0,high,mid
u000153,2025-12-21,3,regular,web,referral,2026-01-30,17.569473684210525,299.0,1,PLN_BASIC,active,2026-01-30,2025-12-24,Basic,299.0,low,40,0,high,low
u000154,2025-07-17,2,regular,web,search,2026-01-30,6.3954822335025385,1598.0,2,PLN_PREM,cancelled,2025-09-22,2025-07-24,Premium,799.0,high,197,0,low,high
u000155,2025-08-22,1,value,web,email,2026-01-30,5.6278125,1497.0,3,PLN_STD,cancelled,2025-12-26,2025-08-28,Standard,499.0,mid,161,0,low,mid
u000156,2025-10-18,2,regular,mobile,organic,2026-01-30,14.92923076923077,998.0,2,PLN_STD,active,2026-01-30,2025-10-24,Standard,499.0,mid,104,0,medium,mid
u000157,2025-06-05,3,regular,mobile,search,2026-01-30,18.42326923076923,2093.0,7,PLN_BASIC,active,2026-01-30,2025-06-10,Basic,299.0,low,239,0,high,low
u000158,2025-09-21,1,premium,web,referral,2026-01-30,29.949523809523807,3196.0,4,PLN_PREM,active,2026-01-30,2025-09-26,Premium,799.0,high,131,0,high,high
u000159,2025-09-08,3,regular,mobile,search,2026-01-30,4.277183098591549,299.0,1,PLN_BASIC,cancelled,2025-10-11,2025-09-11,Basic,299.0,low,144,0,low,low
u000160,2025-11-17,2,regular,web,organic,2026-01-30,11.546756756756755,998.0,2,PLN_STD,cancelled,2026-01-16,2025-11-17,Standard,499.0,mid,74,0,medium,mid
u000161,2026-01-10,3,regular,web,search,2026-01-30,11.043333333333333,499.0,1,PLN_STD,active,2026-01-30,2026-01-13,Standard,499.0,mid,20,0,medium,mid
u000162,2025-10-18,3,regular,mobile,search,2026-01-30,4.735142857142857,499.0,1,PLN_STD,cancelled,2025-11-20,2025-10-21,Standard,499.0,mid,104,0,low,mid
u000163,2025-08-15,3,premium,web,paid_social,2026-01-30,22.56358024691358,3196.0,4,PLN_PREM,active,2026-01-30,2025-08-17,Premium,799.0,high,168,0,high,high
u000164,2025-08-15,3,regular,mobile,search,2026-01-30,18.074601226993863,897.0,3,PLN_BASIC,active,2026-01-30,2025-08-15,Basic,299.0,low,168,0,high,low
u000165,2025-08-17,1,regular,web,search,2026-01-30,16.381077844311378,2495.0,5,PLN_STD,active,2026-01-30,2025-08-21,Standard,499.0,mid,166,0,high,mid
u000166,2025-11-25,3,value,web,organic,2026-01-30,4.472985074626866,299.0,1,PLN_BASIC,expired,2026-01-24,2025-11-25,Basic,299.0,low,66,0,low,low
u000167,2025-07-24,2,regular,web,search,2026-01-30,16.53229946524064,1794.0,6,PLN_BASIC,active,2026-01-30,2025-07-27,Basic,299.0,low,190,0,high,low
u000168,2025-06-15,2,regular,web,organic,2026-01-30,0.4615714285714286,0.0,0,PLN_STD,expired,2025-07-20,2025-06-20,Standard,499.0,mid,229,0,low,mid
u000169,2025-07-27,3,regular,mobile,referral,2026-01-30,14.196263736263735,2495.0,5,PLN_STD,active,2026-01-30,2025-08-01,Standard,499.0,mid,187,0,medium,mid
u000170,2025-05-10,3,regular,mobile,paid_social,2026-01-30,17.580693069306932,2392.0,8,PLN_BASIC,active,2026-01-30,2025-05-13,Basic,299.0,low,265,0,high,low
u000171,2025-05-31,2,value,web,search,2026-01-30,9.577149758454107,2392.0,8,PLN_BASIC,active,2026-01-30,2025-06-02,Basic,299.0,low,244,0,medium,low
u000172,2025-05-27,2,premium,web,paid_social,2026-01-30,26.985467980295567,6392.0,8,PLN_PREM,active,2026-01-30,2025-05-31,Premium,799.0,high,248,0,high,high
u000173,2025-11-14,2,value,mobile,organic,2026-01-30,8.567435897435898,598.0,2,PLN_BASIC,active,2026-01-30,2025-11-19,Basic,299.0,low,77,0,medium,low
u000174,2025-11-02,2,premium,mobile,search,2026-01-30,23.47659090909091,998.0,2,PLN_STD,active,2026-01-30,2025-11-08,Standard,499.0,mid,89,0,high,mid
u000175,2025-10-26,2,value,web,search,2026-01-30,6.210833333333333,897.0,3,PLN_BASIC,active,2026-01-30,2025-11-01,Basic,299.0,low,96,0,low,low
u000176,2025-08-28,2,regular,web,search,2026-01-30,16.04705882352941,3995.0,5,PLN_PREM,active,2026-01-30,2025-08-28,Premium,799.0,high,155,0,medium,high
u000177,2025-10-31,1,regular,web,paid_social,2026-01-30,14.819555555555555,998.0,2,PLN_STD,active,2026-01-30,2025-11-03,Standard,499.0,mid,91,0,medium,mid
u000178,2025-06-14,1,regular,web,email,2026-01-30,15.868341463414634,2093.0,7,PLN_BASIC,active,2026-01-30,2025-06-21,Basic,299.0,low,230,0,medium,low
u000179,2025-12-17,3,value,web,search,2026-01-30,7.677727272727273,299.0,1,PLN_BASIC,active,2026-01-30,2025-12-20,Basic,299.0,low,44,0,low,low
u000180,2025-09-07,2,premium,web,search,2026-01-30,23.702836879432624,3196.0,4,PLN_PREM,active,2026-01-30,2025-09-07,Premium,799.0,high,145,0,high,high
u000181,2025-12-26,3,regular,web,paid_social,2026-01-30,16.362,499.0,1,PLN_STD,cancelled,2026-01-30,2025-12-31,Standard,499.0,mid,35,0,high,mid
u000182,2025-06-12,2,regular,web,organic,2026-01-30,13.17780487804878,2093.0,7,PLN_BASIC,cancelled,2026-01-08,2025-06-12,Basic,299.0,low,232,0,medium,low
u000183,2025-09-06,1,regular,web,organic,2026-01-30,15.748551724137931,598.0,2,PLN_BASIC,active,2026-01-30,2025-09-10,Basic,299.0,low,146,0,medium,low
u000184,2025-10-26,1,value,mobile,email,2026-01-30,6.488125,1497.0,3,PLN_STD,active,2026-01-30,2025-11-01,Standard,499.0,mid,96,0,low,mid
u000185,2025-09-06,1,regular,mobile,referral,2026-01-30,18.786180555555557,1196.0,4,PLN_BASIC,active,2026-01-30,2025-09-10,Basic,299.0,low,146,0,high,low
u000186,2025-08-24,3,value,web,email,2026-01-29,7.211898734177216,1495.0,5,PLN_BASIC,active,2026-01-30,2025-08-31,Basic,299.0,low,159,0,low,low
u000187,2025-06-15,1,value,web,organic,2026-01-30,8.578483412322274,2093.0,7,PLN_BASIC,active,2026-01-30,2025-06-19,Basic,299.0,low,229,0,medium,low
u000188,2025-08-08,2,regular,web,organic,2026-01-30,7.130462427745664,998.0,2,PLN_STD,cancelled,2025-10-10,2025-08-11,Standard,499.0,mid,175,0,low,mid
u000189,2025-07-03,3,regular,mobile,search,2026-01-30,15.99757142857143,2093.0,7,PLN_BASIC,active,2026-01-30,2025-07-04,Basic,299.0,low,211,0,medium,low
u000190,2025-07-19,3,value,mobile,email,2026-01-30,5.998704663212435,1495.0,5,PLN_BASIC,cancelled,2025-12-18,2025-07-21,Basic,299.0,low,195,0,low,low
u000191,2025-10-23,1,value,web,organic,2026-01-30,8.7042,897.0,3,PLN_BASIC,active,2026-01-30,2025-10-29,Basic,299.0,low,99,0,medium,low
u000192,2025-10-10,1,value,mobile,organic,2026-01-30,8.854910714285714,1497.0,3,PLN_STD,active,2026-01-30,2025-10-14,Standard,499.0,mid,112,0,medium,mid
u000193,2025-10-04,1,value,mobile,organic,2026-01-30,8.924273504273506,998.0,2,PLN_STD,active,2026-01-30,2025-10-09,Standard,499.0,mid,118,0,medium,mid
u000194,2025-08-03,1,regular,mobile,paid_social,2026-01-30,15.953863636363637,2495.0,5,PLN_STD,active,2026-01-30,2025-08-05,Standard,499.0,mid,180,0,medium,mid
u000195,2025-12-31,1,value,web,referral,2026-01-30,7.870967741935484,299.0,1,PLN_BASIC,cancelled,2026-01-30,2026-01-06,Basic,299.0,low,30,0,low,low
u000196,2025-05-27,2,premium,web,paid_social,2026-01-30,25.75236453201971,6392.0,8,PLN_PREM,active,2026-01-30,2025-05-30,Premium,799.0,high,248,0,high,high
u000197,2025-07-29,3,value,mobile,organic,2026-01-30,6.0509139784946235,1794.0,6,PLN_BASIC,active,2026-01-30,2025-07-29,Basic,299.0,low,185,0,low,low
u000198,2025-06-03,2,value,web,paid_social,2026-01-30,7.648888888888888,2392.0,8,PLN_BASIC,active,2026-01-30,2025-06-04,Basic,299.0,low,241,0,low,low
u000199,2025-07-29,2,premium,mobile,search,2026-01-30,25.310459770114946,4794.0,6,PLN_PREM,active,2026-01-30,2025-07-29,Premium,799.0,high,185,0,high,high
u000200,2026-01-01,1,value,mobile,organic,2026-01-30,7.546666666666666,299.0,1,PLN_BASIC,cancelled,2026-01-30,2026-01-05,Basic,299.0,low,29,0,low,low
u000201,2025-08-04,3,regular,web,organic,2026-01-30,15.817727272727273,3995.0,5,PLN_PREM,active,2026-01-30,2025-08-10,Premium,799.0,high,179,0,medium,high
u000202,2025-12-19,2,premium,web,search,2026-01-30,25.54825,499.0,1,PLN_STD,active,2026-01-30,2025-12-19,Standard,499.0,mid,42,0,high,mid
u000203,2025-09-06,3,premium,web,organic,2026-01-30,26.656896551724138,1996.0,4,PLN_STD,active,2026-01-30,2025-09-08,Standard,499.0,mid,146,0,high,mid
u000204,2025-10-27,3,regular,web,email,2026-01-30,11.724375,598.0,2,PLN_BASIC,cancelled,2025-12-30,2025-10-31,Basic,299.0,low,95,0,medium,low
u000205,2025-08-27,2,value,mobile,search,2026-01-30,7.206666666666667,1196.0,4,PLN_BASIC,cancelled,2026-01-30,2025-09-02,Basic,299.0,low,156,0,low,low
u000206,2025-07-10,1,regular,mobile,search,2026-01-30,15.61569306930693,1794.0,6,PLN_BASIC,active,2026-01-30,2025-07-13,Basic,299.0,low,204,0,medium,low
u000207,2025-11-12,1,premium,web,paid_social,2026-01-30,25.40581081081081,1598.0,2,PLN_PREM,active,2026-01-30,2025-11-13,Premium,799.0,high,79,0,high,high
u000208,2026-01-03,2,premium,mobile,paid_social,2026-01-30,30.000384615384615,799.0,1,PLN_PREM,active,2026-01-30,2026-01-07,Premium,799.0,high,27,0,high,high
u000209,2025-07-10,3,value,web,organic,2026-01-30,8.690343137254901,2994.0,6,PLN_STD,active,2026-01-30,2025-07-11,Standard,499.0,mid,204,0,medium,mid
u000210,2025-11-16,2,regular,mobile,paid_social,2026-01-30,18.860675675675676,598.0,2,PLN_BASIC,active,2026-01-30,2025-11-22,Basic,299.0,low,75,0,high,low
u000211,2025-07-09,3,value,web,organic,2026-01-30,9.12,2994.0,6,PLN_STD,active,2026-01-30,2025-07-13,Standard,499.0,mid,205,0,medium,mid
u000212,2025-10-31,2,value,mobile,search,2026-01-30,9.642,998.0,2,PLN_STD,active,2026-01-30,2025-11-06,Standard,499.0,mid,91,0,medium,mid
u000213,2025-11-19,1,regular,mobile,paid_social,2026-01-30,16.883698630136987,998.0,2,PLN_STD,active,2026-01-30,2025-11-26,Standard,499.0,mid,72,0,high,mid
u000214,2025-08-25,2,value,web,search,2026-01-30,7.463566878980892,2495.0,5,PLN_STD,cancelled,2026-01-27,2025-08-30,Standard,499.0,mid,158,0,low,mid
u000215,2025-11-05,2,value,mobile,search,2026-01-30,8.63139534883721,598.0,2,PLN_BASIC,active,2026-01-30,2025-11-09,Basic,299.0,low,86,0,medium,low
u000216,2025-07-12,2,value,mobile,organic,2026-01-30,10.35064039408867,2994.0,6,PLN_STD,active,2026-01-30,2025-07-17,Standard,499.0,mid,202,0,medium,mid
u000217,2025-05-24,2,regular,web,search,2026-01-30,18.470825242718448,2392.0,8,PLN_BASIC,active,2026-01-30,2025-05-27,Basic,299.0,low,251,0,high,low
u000218,2025-05-29,1,value,mobile,organic,2026-01-30,10.96177033492823,2392.0,8,PLN_BASIC,active,2026-01-30,2025-06-03,Basic,299.0,low,246,0,medium,low
u000219,2025-08-25,2,regular,mobile,email,2026-01-30,15.587142857142858,3196.0,4,PLN_PREM,active,2026-01-30,2025-08-28,Premium,799.0,high,158,0,medium,high
u000220,2025-12-17,1,value,mobile,search,2026-01-30,8.261363636363637,299.0,1,PLN_BASIC,active,2026-01-30,2025-12-19,Basic,299.0,low,44,0,low,low
u000221,2025-06-06,3,premium,web,referral,2026-01-30,5.183495145631068,998.0,2,PLN_STD,cancelled,2025-08-08,2025-06-09,Standard,499.0,mid,238,0,low,mid
u000222,2025-08-27,1,value,unknown,search,2026-01-30,9.67124183006536,1495.0,5,PLN_BASIC,active,2026-01-30,2025-08-28,Basic,299.0,low,156,0,medium,low
u000223,2025-10-28,1,regular,mobile,referral,2026-01-30,15.367659574468085,998.0,2,PLN_STD,active,2026-01-30,2025-11-03,Standard,499.0,mid,94,0,medium,mid
u000224,2025-06-24,2,value,mobile,organic,2026-01-30,6.399285714285714,1794.0,6,PLN_BASIC,active,2026-01-30,2025-06-30,Basic,299.0,low,220,0,low,low
u000225,2025-11-02,2,value,web,organic,2026-01-30,10.354666666666667,998.0,2,PLN_STD,active,2026-01-30,2025-11-08,Standard,499.0,mid,89,0,medium,mid
u000226,2025-07-20,2,value,web,organic,2026-01-30,8.312072538860104,1794.0,6,PLN_BASIC,active,2026-01-30,2025-07-25,Basic,299.0,low,194,0,low,low
u000227,2025-11-23,2,value,mobile,organic,2026-01-30,4.610144927536232,0.0,0,PLN_BASIC,expired,2025-12-23,2025-11-23,Basic,299.0,low,68,0,low,low
u000228,2025-09-27,3,value,web,email,2026-01-30,4.034227642276423,299.0,1,PLN_BASIC,expired,2025-11-29,2025-09-30,Basic,299.0,low,125,0,low,low
u000229,2025-09-19,2,regular,web,paid_social,2026-01-30,19.5121875,1196.0,4,PLN_BASIC,active,2026-01-30,2025-09-25,Basic,299.0,low,133,0,high,low
u000230,2025-06-18,2,regular,web,paid_social,2026-01-30,12.375913461538461,1996.0,4,PLN_STD,cancelled,2025-11-19,2025-06-22,Standard,499.0,mid,226,0,medium,mid
u000231,2025-08-29,2,value,mobile,search,2026-01-30,1.052549019607843,299.0,1,PLN_BASIC,cancelled,2025-10-05,2025-09-05,Basic,299.0,low,154,0,low,low
u000232,2025-12-06,1,regular,web,search,2026-01-30,18.227636363636364,0.0,0,PLN_PREM,active,2026-01-30,2025-12-08,Premium,799.0,high,55,0,high,high
u000233,2025-05-09,2,regular,mobile,paid_social,2026-01-30,3.9622596153846152,1196.0,4,PLN_BASIC,cancelled,2025-09-10,2025-05-13,Basic,299.0,low,266,0,low,low
u000234,2025-11-11,1,value,mobile,referral,2026-01-30,6.215822784810126,598.0,2,PLN_BASIC,cancelled,2026-01-12,2025-11-13,Basic,299.0,low,80,0,low,low
u000235,2025-09-05,2,value,mobile,paid_social,2026-01-30,9.000068965517242,1497.0,3,PLN_STD,active,2026-01-30,2025-09-10,Standard,499.0,mid,147,0,medium,mid
u000236,2025-11-01,1,value,mobile,paid_social,2026-01-30,2.7745555555555557,299.0,1,PLN_BASIC,cancelled,2025-12-03,2025-11-03,Basic,299.0,low,90,0,low,low
u000237,2025-10-18,3,value,web,organic,2026-01-29,9.710096153846154,897.0,3,PLN_BASIC,active,2026-01-30,2025-10-21,Basic,299.0,low,104,0,medium,low
u000238,2025-08-21,2,regular,mobile,email,2026-01-30,16.285220125786164,2495.0,5,PLN_STD,active,2026-01-30,2025-08-27,Standard,499.0,mid,162,0,medium,mid
u000239,2025-07-21,3,premium,web,organic,2026-01-30,24.769891304347826,2495.0,5,PLN_STD,cancelled,2026-01-19,2025-07-23,Standard,499.0,mid,193,0,high,mid
u000240,2025-10-09,2,premium,mobile,search,2026-01-30,26.08309090909091,2397.0,3,PLN_PREM,active,2026-01-30,2025-10-10,Premium,799.0,high,113,0,high,high
u000241,2025-06-09,1,premium,web,referral,2026-01-30,21.9499481865285,4794.0,6,PLN_PREM,expired,2026-01-10,2025-06-14,Premium,799.0,high,235,0,high,high
u000242,2025-09-28,3,regular,mobile,organic,2026-01-30,7.503666666666667,299.0,1,PLN_BASIC,expired,2025-12-01,2025-10-02,Basic,299.0,low,124,0,low,low
u000243,2025-05-28,2,value,mobile,organic,2026-01-30,4.469526066350711,2495.0,5,PLN_STD,cancelled,2025-10-29,2025-06-01,Standard,499.0,mid,247,0,low,mid
u000244,2025-10-15,3,value,web,search,2026-01-30,6.28607476635514,598.0,2,PLN_BASIC,cancelled,2025-12-17,2025-10-18,Basic,299.0,low,107,0,low,low
u000245,2025-10-09,2,value,mobile,search,2026-01-30,7.870526315789474,1497.0,3,PLN_STD,active,2026-01-30,2025-10-10,Standard,499.0,mid,113,0,low,mid
u000246,2025-05-26,2,value,web,email,2026-01-30,3.7645349634229177,897.0,3,PLN_BASIC,expired,2025-09-26,2025-05-29,Basic,299.0,low,249,0,low,low
u000247,2025-11-11,3,value,web,referral,2026-01-30,7.50625,299.0,1,PLN_BASIC,cancelled,2026-01-15,2025-11-16,Basic,299.0,low,80,0,low,low
u000248,2025-08-17,2,regular,web,search,2026-01-30,18.132453987730063,2495.0,5,PLN_STD,active,2026-01-30,2025-08-22,Standard,499.0,mid,166,0,high,mid
u000249,2025-11-18,2,value,web,email,2026-01-30,5.963287671232877,598.0,2,PLN_BASIC,active,2026-01-30,2025-11-23,Basic,299.0,low,73,0,low,low
u000250,2025-05-15,2,value,mobile,paid_social,2026-01-30,0.0,0.0,0,PLN_STD,expired,2025-06-16,2025-05-17,Standard,499.0,mid,260,0,low,mid
u000251,2025-06-19,2,regular,mobile,referral,2026-01-30,17.715582524271845,3493.0,7,PLN_STD,active,2026-01-30,2025-06-24,Standard,499.0,mid,225,0,high,mid
u000252,2025-09-05,3,value,web,organic,2026-01-30,9.893333333333333,1196.0,4,PLN_BASIC,active,2026-01-30,2025-09-08,Basic,299.0,low,147,0,medium,low
u000253,2025-06-21,2,premium,mobile,search,2026-01-30,23.869336734693878,3493.0,7,PLN_STD,active,2026-01-30,2025-06-22,Standard,499.0,mid,223,0,high,mid
u000254,2025-07-26,2,value,mobile,organic,2026-01-30,7.733776595744681,2994.0,6,PLN_STD,active,2026-01-30,2025-07-26,Standard,499.0,mid,188,0,low,mid
u000255,2025-10-17,3,regular,mobile,organic,2026-01-30,18.619038461538462,1497.0,3,PLN_STD,active,2026-01-30,2025-10-23,Standard,499.0,mid,105,0,high,mid
u000256,2025-06-10,2,value,web,paid_social,2026-01-30,0.26187499999999997,0.0,0,PLN_BASIC,expired,2025-07-17,2025-06-17,Basic,299.0,low,234,0,low,low
u000257,2025-10-22,2,regular,mobile,organic,2026-01-30,14.8083,1497.0,3,PLN_STD,active,2026-01-30,2025-10-27,Standard,499.0,mid,100,0,medium,mid
u000258,2025-05-30,2,value,web,search,2026-01-30,10.306778846153845,2392.0,8,PLN_BASIC,active,2026-01-30,2025-06-03,Basic,299.0,low,245,0,medium,low
u000259,2025-06-17,1,value,mobile,paid_social,2026-01-30,9.547053140096619,1794.0,6,PLN_BASIC,active,2026-01-30,2025-06-18,Basic,299.0,low,227,0,medium,low
u000260,2025-09-29,2,regular,mobile,organic,2026-01-30,16.127190082644628,1497.0,3,PLN_STD,active,2026-01-30,2025-10-04,Standard,499.0,mid,123,0,medium,mid
u000261,2025-11-20,1,value,mobile,search,2026-01-29,8.728169014084507,598.0,2,PLN_BASIC,active,2026-01-30,2025-11-21,Basic,299.0,low,71,0,medium,low
u000262,2025-06-16,1,value,web,paid_social,2026-01-30,9.164567307692307,2994.0,6,PLN_STD,active,2026-01-30,2025-06-20,Standard,499.0,mid,228,0,medium,mid
u000263,2025-07-19,2,premium,web,referral,2026-01-30,25.09556756756757,2994.0,6,PLN_STD,active,2026-01-30,2025-07-22,Standard,499.0,mid,195,0,high,mid
u000264,2025-12-23,2,value,mobile,organic,2026-01-30,3.77025641025641,499.0,1,PLN_STD,cancelled,2026-01-24,2025-12-25,Standard,499.0,mid,38,0,low,mid
u000265,2026-01-08,3,regular,web,email,2026-01-30,21.187727272727273,799.0,1,PLN_PREM,active,2026-01-30,2026-01-09,Premium,799.0,high,22,0,high,high
u000266,2025-09-27,2,regular,web,referral,2026-01-30,10.477120000000001,897.0,3,PLN_BASIC,cancelled,2026-01-01,2025-10-03,Basic,299.0,low,125,0,medium,low
u000267,2025-08-25,1,value,mobile,paid_social,2026-01-30,7.642704402515724,1495.0,5,PLN_BASIC,active,2026-01-30,2025-08-29,Basic,299.0,low,158,0,low,low
u000268,2025-07-31,3,regular,mobile,search,2026-01-30,18.22258426966292,2495.0,5,PLN_STD,active,2026-01-30,2025-08-02,Standard,499.0,mid,183,0,high,mid
u000269,2025-10-05,1,value,web,paid_social,2026-01-30,6.972649572649572,897.0,3,PLN_BASIC,active,2026-01-30,2025-10-10,Basic,299.0,low,117,0,low,low
u000270,2025-09-30,1,regular,web,referral,2026-01-30,14.138181818181819,1996.0,4,PLN_STD,cancelled,2026-01-28,2025-09-30,Standard,499.0,mid,122,0,medium,mid
u000271,2025-07-17,2,value,mobile,organic,2026-01-30,7.469578947368421,1495.0,5,PLN_BASIC,active,2026-01-30,2025-07-18,Basic,299.0,low,197,0,low,low
u000272,2025-05-10,2,value,web,email,2026-01-30,1.0912380952380953,897.0,3,PLN_BASIC,cancelled,2025-08-12,2025-05-14,Basic,299.0,low,265,0,low,low
u000273,2025-06-12,3,value,web,email,2026-01-30,8.389952153110048,2093.0,7,PLN_BASIC,active,2026-01-30,2025-06-13,Basic,299.0,low,232,0,medium,low
u000274,2025-12-31,3,premium,web,search,2026-01-30,29.468666666666667,499.0,1,PLN_STD,active,2026-01-30,2026-01-03,Standard,499.0,mid,30,0,high,mid
u000275,2025-08-17,2,regular,web,paid_social,2026-01-30,16.96127272727273,1495.0,5,PLN_BASIC,active,2026-01-30,2025-08-17,Basic,299.0,low,166,0,high,low
u000276,2025-09-03,1,premium,mobile,search,2026-01-30,26.713021582733813,1996.0,4,PLN_STD,active,2026-01-30,2025-09-06,Standard,499.0,mid,149,0,high,mid
u000277,2025-08-30,2,regular,web,paid_social,2026-01-30,9.253443708609272,998.0,2,PLN_STD,expired,2025-12-02,2025-09-03,Standard,499.0,mid,153,0,medium,mid
u000278,2025-11-17,2,regular,web,referral,2026-01-30,15.481971830985916,1598.0,2,PLN_PREM,active,2026-01-30,2025-11-18,Premium,799.0,high,74,0,medium,high
u000279,2025-05-21,1,regular,web,organic,2026-01-30,9.68142857142857,2994.0,6,PLN_STD,cancelled,2025-11-23,2025-05-27,Standard,499.0,mid,254,0,medium,mid
u000280,2025-05-25,2,premium,web,organic,2026-01-29,28.34786069651741,3493.0,7,PLN_STD,active,2026-01-30,2025-05-28,Standard,499.0,mid,250,0,high,mid
u000281,2025-07-13,2,regular,web,organic,2026-01-30,18.807114427860697,4794.0,6,PLN_PREM,active,2026-01-30,2025-07-15,Premium,799.0,high,201,0,high,high
u000282,2025-09-04,1,value,mobile,email,2026-01-30,7.9364189189189185,1196.0,4,PLN_BASIC,active,2026-01-30,2025-09-07,Basic,299.0,low,148,0,low,low
u000283,2025-10-20,2,regular,mobile,search,2026-01-30,18.7562,998.0,2,PLN_STD,active,2026-01-30,2025-10-26,Standard,499.0,mid,102,0,high,mid
u000284,2025-09-05,2,regular,web,referral,2026-01-30,13.225694444444445,1996.0,4,PLN_STD,cancelled,2026-01-10,2025-09-12,Standard,499.0,mid,147,0,medium,mid
u000285,2025-08-23,1,value,web,search,2026-01-30,8.959746835443037,1495.0,5,PLN_BASIC,active,2026-01-30,2025-08-23,Basic,299.0,low,160,0,medium,low
u000286,2025-12-26,2,regular,web,organic,2026-01-30,9.98861111111111,0.0,0,PLN_BASIC,expired,2026-01-26,2025-12-27,Basic,299.0,low,35,0,medium,low
u000287,2025-06-14,3,value,web,email,2026-01-30,9.15812648344605,3493.0,7,PLN_STD,active,2026-01-30,2025-06-18,Standard,499.0,mid,230,0,medium,mid
u000288,2025-09-25,2,regular,mobile,search,2026-01-30,17.52359375,1996.0,4,PLN_STD,active,2026-01-30,2025-09-30,Standard,499.0,mid,127,0,high,mid
u000289,2025-09-18,3,value,web,search,2026-01-30,1.7785185185185184,299.0,1,PLN_BASIC,cancelled,2025-10-18,2025-09-18,Basic,299.0,low,134,0,low,low
u000290,2025-08-31,2,regular,mobile,organic,2026-01-30,16.426000000000002,1996.0,4,PLN_STD,active,2026-01-30,2025-09-07,Standard,499.0,mid,152,0,high,mid
u000291,2025-11-23,3,regular,mobile,organic,2026-01-30,3.4585507246376808,0.0,0,PLN_BASIC,expired,2025-12-24,2025-11-24,Basic,299.0,low,68,0,low,low
u000292,2025-07-11,1,regular,web,organic,2026-01-30,16.641256281407035,1794.0,6,PLN_BASIC,active,2026-01-30,2025-07-14,Basic,299.0,low,203,0,high,low
u000293,2025-12-30,2,value,mobile,search,2026-01-30,8.1640625,299.0,1,PLN_BASIC,cancelled,2026-01-30,2026-01-05,Basic,299.0,low,31,0,low,low
u000294,2025-07-27,1,premium,web,paid_social,2026-01-30,26.9435,4794.0,6,PLN_PREM,active,2026-01-30,2025-08-03,Premium,799.0,high,187,0,high,high
u000295,2025-09-18,2,regular,web,organic,2026-01-30,15.697727272727272,3196.0,4,PLN_PREM,active,2026-01-30,2025-09-20,Premium,799.0,high,134,0,medium,high
u000296,2025-09-12,2,value,mobile,organic,2026-01-30,8.156187050359712,1196.0,4,PLN_BASIC,active,2026-01-30,2025-09-13,Basic,299.0,low,140,0,low,low
u000297,2025-12-04,1,value,web,organic,2026-01-30,6.073157894736842,499.0,1,PLN_STD,active,2026-01-30,2025-12-06,Standard,499.0,mid,57,0,low,mid
u000298,2025-08-23,3,value,mobile,search,2026-01-30,5.335900621118013,598.0,2,PLN_BASIC,cancelled,2025-10-29,2025-08-30,Basic,299.0,low,160,0,low,low
u000299,2025-07-15,2,value,mobile,email,2026-01-30,8.2599,1794.0,6,PLN_BASIC,active,2026-01-30,2025-07-16,Basic,299.0,low,199,0,low,low
u000300,2025-05-10,2,regular,web,search,2026-01-30,17.385942028985507,2392.0,8,PLN_BASIC,active,2026-01-30,2025-05-14,Basic,299.0,low,265,0,high,low
u000301,2025-08-04,1,premium,mobile,organic,2026-01-30,24.496609195402296,2495.0,5,PLN_STD,active,2026-01-30,2025-08-04,Standard,499.0,mid,179,0,high,mid
u000302,2025-11-28,2,regular,web,paid_social,2026-01-30,12.554516129032258,299.0,1,PLN_BASIC,active,2026-01-30,2025-12-03,Basic,299.0,low,63,0,medium,low
u000303,2025-05-07,2,regular,mobile,email,2026-01-30,17.1011004784689,3992.0,8,PLN_STD,active,2026-01-30,2025-05-09,Standard,499.0,mid,268,0,high,mid
u000304,2025-12-15,2,regular,web,referral,2026-01-30,15.679787234042553,499.0,1,PLN_STD,active,2026-01-30,2025-12-17,Standard,499.0,mid,46,0,medium,mid
u000305,2025-09-18,1,regular,web,referral,2026-01-30,16.17234375,1996.0,4,PLN_STD,active,2026-01-30,2025-09-23,Standard,499.0,mid,134,0,medium,mid
u000306,2025-06-09,3,regular,web,email,2026-01-29,17.46769230769231,2994.0,6,PLN_STD,active,2026-01-30,2025-06-09,Standard,499.0,mid,235,0,high,mid
u000307,2025-07-19,3,value,mobile,paid_social,2026-01-30,8.05798969072165,1794.0,6,PLN_BASIC,active,2026-01-30,2025-07-21,Basic,299.0,low,195,0,low,low
u000308,2025-09-21,2,premium,web,email,2026-01-30,18.78206611570248,1996.0,4,PLN_STD,active,2026-01-30,2025-09-21,Standard,499.0,mid,131,0,high,mid
u000309,2025-07-23,2,regular,mobile,organic,2026-01-30,14.861421052631579,2495.0,5,PLN_STD,cancelled,2025-12-25,2025-07-28,Standard,499.0,mid,191,0,medium,mid
u000310,2025-06-01,3,regular,web,referral,2026-01-30,17.30401913875598,4794.0,6,PLN_PREM,active,2026-01-30,2025-06-07,Premium,799.0,high,243,0,high,high
u000311,2025-10-19,3,premium,web,referral,2026-01-30,22.279489795918366,2397.0,3,PLN_PREM,active,2026-01-30,2025-10-24,Premium,799.0,high,103,0,high,high
u000312,2025-10-20,2,regular,web,email,2026-01-30,3.166078431372549,499.0,1,PLN_STD,cancelled,2025-11-23,2025-10-24,Standard,499.0,mid,102,0,low,mid
u000313,2025-06-03,3,value,web,search,2026-01-30,7.406971153846154,3493.0,7,PLN_STD,active,2026-01-30,2025-06-07,Standard,499.0,mid,241,0,low,mid
u000314,2025-07-14,3,regular,mobile,referral,2026-01-30,13.885757575757577,2994.0,6,PLN_STD,cancelled,2026-01-15,2025-07-19,Standard,499.0,mid,200,0,medium,mid
u000315,2025-07-05,3,value,web,organic,2026-01-30,8.091730769230768,2994.0,6,PLN_STD,active,2026-01-30,2025-07-12,Standard,499.0,mid,209,0,low,mid
u000316,2025-10-17,2,regular,mobile,paid_social,2026-01-30,13.044666666666668,897.0,3,PLN_BASIC,active,2026-01-30,2025-10-24,Basic,299.0,low,105,0,medium,low
u000317,2025-11-04,1,value,mobile,search,2026-01-30,3.4185057471264373,0.0,0,PLN_BASIC,expired,2025-12-11,2025-11-11,Basic,299.0,low,87,0,low,low
u000318,2025-11-03,1,regular,web,paid_social,2026-01-30,17.887441860465117,1598.0,2,PLN_PREM,active,2026-01-30,2025-11-07,Premium,799.0,high,88,0,high,high
u000319,2025-12-26,2,premium,mobile,paid_social,2026-01-30,22.1569696969697,799.0,1,PLN_PREM,active,2026-01-30,2025-12-30,Premium,799.0,high,35,0,high,high
u000320,2025-11-13,2,value,mobile,search,2026-01-30,6.496923076923077,299.0,1,PLN_BASIC,expired,2026-01-17,2025-11-18,Basic,299.0,low,78,0,low,low
u000321,2025-07-24,2,regular,mobile,organic,2026-01-30,7.351559139784947,598.0,2,PLN_BASIC,expired,2025-10-23,2025-07-25,Basic,299.0,low,190,0,low,low
u000322,2025-06-01,2,regular,web,organic,2026-01-30,15.084285714285713,2093.0,7,PLN_BASIC,active,2026-01-30,2025-06-08,Basic,299.0,low,243,0,medium,low
u000323,2025-10-06,2,regular,mobile,paid_social,2026-01-30,14.712192982456141,1497.0,3,PLN_STD,active,2026-01-30,2025-10-11,Standard,499.0,mid,116,0,medium,mid
u000324,2025-12-20,3,value,mobile,paid_social,2026-01-30,8.009268292682927,0.0,0,PLN_BASIC,expired,2026-01-22,2025-12-23,Basic,299.0,low,41,0,low,low
u000325,2026-01-04,1,value,web,paid_social,2026-01-30,5.588518518518519,299.0,1,PLN_BASIC,cancelled,2026-01-30,2026-01-05,Basic,299.0,low,26,0,low,low
u000326,2025-07-01,1,regular,mobile,organic,2026-01-30,16.32217391304348,1794.0,6,PLN_BASIC,cancelled,2026-01-02,2025-07-06,Basic,299.0,low,213,0,medium,low
u000327,2025-07-03,3,regular,web,referral,2026-01-30,17.848009708737866,3493.0,7,PLN_STD,active,2026-01-30,2025-07-04,Standard,499.0,mid,211,0,high,mid
u000328,2025-05-14,3,regular,mobile,paid_social,2026-01-30,15.742727272727272,6392.0,8,PLN_PREM,active,2026-01-30,2025-05-19,Premium,799.0,high,261,0,medium,high
u000329,2025-06-09,3,value,mobile,organic,2026-01-30,6.466813725490196,1495.0,5,PLN_BASIC,expired,2026-01-10,2025-06-14,Basic,299.0,low,235,0,low,low
u000330,2025-09-21,3,regular,mobile,organic,2026-01-30,17.777076923076923,897.0,3,PLN_BASIC,active,2026-01-30,2025-09-28,Basic,299.0,low,131,0,high,low
u000331,2025-09-19,3,value,mobile,search,2026-01-30,8.363383458646616,1196.0,4,PLN_BASIC,active,2026-01-30,2025-09-21,Basic,299.0,low,133,0,low,low
u000332,2025-08-06,2,value,mobile,search,2026-01-30,2.2543502824858757,499.0,1,PLN_STD,expired,2025-10-09,2025-08-10,Standard,499.0,mid,177,0,low,mid
u000333,2025-07-21,2,regular,mobile,organic,2026-01-30,16.503560209424084,1495.0,5,PLN_BASIC,active,2026-01-30,2025-07-26,Basic,299.0,low,193,0,high,low
u000334,2025-11-29,2,value,web,organic,2026-01-30,10.637460317460317,299.0,1,PLN_BASIC,active,2026-01-30,2025-12-02,Basic,299.0,low,62,0,medium,low
u000335,2025-08-28,2,regular,web,organic,2026-01-30,6.508181818181818,598.0,2,PLN_BASIC,cancelled,2025-11-02,2025-09-03,Basic,299.0,low,155,0,low,low
u000336,2025-11-23,3,premium,web,organic,2026-01-30,24.340149253731344,799.0,1,PLN_PREM,active,2026-01-30,2025-11-30,Premium,799.0,high,68,0,high,high
u000337,2026-01-01,2,regular,web,organic,2026-01-30,23.741,499.0,1,PLN_STD,active,2026-01-30,2026-01-08,Standard,499.0,mid,29,0,high,mid
u000338,2025-07-23,2,regular,mobile,referral,2026-01-30,17.343602150537635,1794.0,6,PLN_BASIC,active,2026-01-30,2025-07-23,Basic,299.0,low,191,0,high,low
u000339,2025-06-24,2,value,mobile,search,2026-01-30,7.417272727272727,2093.0,7,PLN_BASIC,active,2026-01-30,2025-06-30,Basic,299.0,low,220,0,low,low
u000340,2025-12-30,1,value,web,search,2026-01-30,8.514193548387096,299.0,1,PLN_BASIC,active,2026-01-30,2026-01-01,Basic,299.0,low,31,0,medium,low
u000341,2025-10-11,1,value,web,paid_social,2026-01-30,9.516,897.0,3,PLN_BASIC,active,2026-01-30,2025-10-12,Basic,299.0,low,111,0,medium,low
u000342,2025-07-17,1,regular,mobile,search,2026-01-30,16.447755102040816,2994.0,6,PLN_STD,active,2026-01-30,2025-07-23,Standard,499.0,mid,197,0,high,mid
u000343,2025-10-08,3,regular,web,organic,2026-01-30,20.57219298245614,2397.0,3,PLN_PREM,active,2026-01-30,2025-10-12,Premium,799.0,high,114,0,high,high
u000344,2025-09-11,2,value,mobile,organic,2026-01-30,9.10492957746479,897.0,3,PLN_BASIC,active,2026-01-30,2025-09-11,Basic,299.0,low,141,0,medium,low
u000345,2025-12-18,3,value,mobile,organic,2026-01-30,3.5040909090909094,299.0,1,PLN_BASIC,cancelled,2026-01-17,2025-12-18,Basic,299.0,low,43,0,low,low
u000346,2025-07-08,2,value,web,paid_social,2026-01-30,8.935728155339806,1794.0,6,PLN_BASIC,active,2026-01-30,2025-07-09,Basic,299.0,low,206,0,medium,low
u000347,2026-01-08,1,regular,web,search,2026-01-30,20.72909090909091,299.0,1,PLN_BASIC,active,2026-01-30,2026-01-10,Basic,299.0,low,22,0,high,low
u000348,2025-12-25,1,regular,web,search,2026-01-30,14.166216216216215,299.0,1,PLN_BASIC,cancelled,2026-01-29,2025-12-30,Basic,299.0,low,36,0,medium,low
u000349,2025-06-19,3,regular,web,search,2026-01-30,16.386794258373207,3493.0,7,PLN_STD,active,2026-01-30,2025-06-19,Standard,499.0,mid,225,0,high,mid
u000350,2025-06-15,2,premium,web,email,2026-01-30,25.619949748743718,5593.0,7,PLN_PREM,active,2026-01-30,2025-06-21,Premium,799.0,high,229,0,high,high
u000351,2025-09-15,3,value,web,organic,2026-01-30,8.497463768115942,1196.0,4,PLN_BASIC,active,2026-01-30,2025-09-18,Basic,299.0,low,137,0,medium,low
u000352,2025-05-16,1,regular,web,search,2026-01-30,6.3254761904761905,1996.0,4,PLN_STD,cancelled,2025-09-17,2025-05-20,Standard,499.0,mid,259,0,low,mid
u000353,2025-07-18,2,regular,web,search,2026-01-30,18.771036269430052,1794.0,6,PLN_BASIC,active,2026-01-30,2025-07-25,Basic,299.0,low,196,0,high,low
u000354,2025-08-22,3,value,web,paid_social,2026-01-30,6.5991925465838515,1495.0,5,PLN_BASIC,active,2026-01-30,2025-08-23,Basic,299.0,low,161,0,low,low
u000355,2026-01-03,1,premium,mobile,paid_social,2026-01-30,33.41518518518519,499.0,1,PLN_STD,active,2026-01-30,2026-01-06,Standard,499.0,mid,27,0,high,mid
u000356,2026-01-09,2,value,web,paid_social,2026-01-30,8.52,499.0,1,PLN_STD,active,2026-01-30,2026-01-09,Standard,499.0,mid,21,0,medium,mid
u000357,2025-06-12,3,regular,mobile,organic,2026-01-30,4.797751196172249,2397.0,3,PLN_PREM,cancelled,2025-09-11,2025-06-13,Premium,799.0,high,232,0,low,high
u000358,2025-12-14,2,regular,web,search,2026-01-30,14.286170212765958,499.0,1,PLN_STD,active,2026-01-30,2025-12-18,Standard,499.0,mid,47,0,medium,mid
u000359,2025-05-27,2,premium,web,referral,2026-01-30,27.009848484848483,6392.0,8,PLN_PREM,active,2026-01-30,2025-06-03,Premium,799.0,high,248,0,high,high
u000360,2025-11-08,2,regular,web,search,2026-01-30,13.49025641025641,998.0,2,PLN_STD,active,2026-01-30,2025-11-12,Standard,499.0,mid,83,0,medium,mid
u000361,2025-12-03,2,value,mobile,email,2026-01-30,3.6994915254237286,299.0,1,PLN_BASIC,cancelled,2026-01-03,2025-12-04,Basic,299.0,low,58,0,low,low
u000362,2025-12-14,3,regular,web,search,2026-01-30,8.5825,0.0,0,PLN_BASIC,expired,2026-01-14,2025-12-15,Basic,299.0,low,47,0,medium,low
u000363,2025-06-30,3,regular,web,search,2026-01-30,15.596280193236714,3493.0,7,PLN_STD,active,2026-01-30,2025-07-04,Standard,499.0,mid,214,0,medium,mid
u000364,2025-12-15,2,regular,web,search,2026-01-30,17.534444444444443,0.0,0,PLN_STD,active,2026-01-30,2025-12-17,Standard,499.0,mid,46,0,high,mid
u000365,2025-06-03,3,regular,mobile,search,2026-01-30,17.22642857142857,2093.0,7,PLN_BASIC,active,2026-01-30,2025-06-05,Basic,299.0,low,241,0,high,low
u000366,2025-09-12,1,value,web,referral,2026-01-30,6.917482014388489,1196.0,4,PLN_BASIC,active,2026-01-30,2025-09-16,Basic,299.0,low,140,0,low,low
u000367,2025-08-30,1,regular,web,organic,2026-01-30,20.14549019607843,1996.0,4,PLN_STD,active,2026-01-30,2025-09-03,Standard,499.0,mid,153,0,high,mid
u000368,2025-07-23,2,premium,mobile,search,2026-01-30,27.66189944134078,4794.0,6,PLN_PREM,active,2026-01-30,2025-07-29,Premium,799.0,high,191,0,high,high
u000369,2025-05-10,3,value,web,paid_social,2026-01-30,8.706746411483254,2392.0,8,PLN_BASIC,active,2026-01-30,2025-05-13,Basic,299.0,low,265,0,medium,low
u000370,2025-11-14,1,regular,web,referral,2026-01-30,13.980649350649351,598.0,2,PLN_BASIC,active,2026-01-30,2025-11-14,Basic,299.0,low,77,0,medium,low
u000371,2025-07-28,1,premium,mobile,paid_social,2026-01-30,26.29361581920904,2994.0,6,PLN_STD,active,2026-01-30,2025-08-02,Standard,499.0,mid,186,0,high,mid
u000372,2025-10-18,2,regular,web,email,2026-01-30,14.932500000000001,1497.0,3,PLN_STD,active,2026-01-30,2025-10-22,Standard,499.0,mid,104,0,medium,mid
u000373,2025-08-15,3,premium,web,referral,2026-01-30,27.17146496815287,3995.0,5,PLN_PREM,active,2026-01-30,2025-08-20,Premium,799.0,high,168,0,high,high
u000374,2025-08-06,1,regular,web,search,2026-01-30,14.961156069364163,2495.0,5,PLN_STD,cancelled,2026-01-10,2025-08-13,Standard,499.0,mid,177,0,medium,mid
u000375,2025-12-13,2,premium,web,referral,2026-01-30,26.349555555555558,799.0,1,PLN_PREM,active,2026-01-30,2025-12-13,Premium,799.0,high,48,0,high,high
u000376,2025-05-28,2,value,mobile,email,2026-01-30,8.69085308056872,3992.0,8,PLN_STD,active,2026-01-30,2025-06-03,Standard,499.0,mid,247,0,medium,mid
u000377,2025-11-05,2,regular,mobile,organic,2026-01-30,12.25639534883721,1598.0,2,PLN_PREM,cancelled,2026-01-08,2025-11-09,Premium,799.0,high,86,0,medium,high
u000378,2025-11-08,1,regular,mobile,paid_social,2026-01-30,19.604430379746834,598.0,2,PLN_BASIC,active,2026-01-30,2025-11-09,Basic,299.0,low,83,0,high,low
u000379,2025-08-08,1,regular,web,organic,2026-01-30,16.76076023391813,2495.0,5,PLN_STD,active,2026-01-30,2025-08-08,Standard,499.0,mid,175,0,high,mid
u000380,2025-07-09,2,premium,mobile,paid_social,2026-01-30,27.379583333333333,1996.0,4,PLN_STD,active,2026-01-30,2025-07-09,Standard,499.0,mid,205,0,high,mid
u000381,2025-05-06,2,regular,mobile,organic,2026-01-30,20.560784313725488,6392.0,8,PLN_PREM,active,2026-01-30,2025-05-08,Premium,799.0,high,269,0,high,high
u000382,2025-12-26,3,regular,web,paid_social,2026-01-30,9.826764705882354,299.0,1,PLN_BASIC,active,2026-01-30,2026-01-02,Basic,299.0,low,35,0,medium,low
u000383,2025-12-28,2,regular,mobile,search,2026-01-30,13.844242424242424,299.0,1,PLN_BASIC,active,2026-01-30,2025-12-28,Basic,299.0,low,33,0,medium,low
u000384,2025-07-04,2,regular,mobile,paid_social,2026-01-30,9.897378640776699,2495.0,5,PLN_STD,cancelled,2025-12-08,2025-07-11,Standard,499.0,mid,210,0,medium,mid
u000385,2025-05-13,3,regular,mobile,organic,2026-01-30,19.2355980861244,3493.0,7,PLN_STD,active,2026-01-30,2025-05-19,Standard,499.0,mid,262,0,high,mid
u000386,2025-06-04,2,value,web,paid_social,2026-01-30,0.24612440191387558,299.0,1,PLN_BASIC,cancelled,2025-07-10,2025-06-10,Basic,299.0,low,240,0,low,low
u000387,2025-05-21,2,regular,web,search,2026-01-30,21.464851485148515,3992.0,8,PLN_STD,active,2026-01-30,2025-05-24,Standard,499.0,mid,254,0,high,mid
u000388,2025-11-29,3,premium,mobile,paid_social,2026-01-30,33.93034482758621,799.0,1,PLN_PREM,active,2026-01-30,2025-12-03,Premium,799.0,high,62,0,high,high
u000389,2025-12-14,1,regular,mobile,organic,2026-01-30,10.631063829787234,499.0,1,PLN_STD,active,2026-01-30,2025-12-18,Standard,499.0,mid,47,0,medium,mid
u000390,2025-06-12,2,regular,web,organic,2026-01-30,18.096095238095238,3493.0,7,PLN_STD,active,2026-01-30,2025-06-17,Standard,499.0,mid,232,0,high,mid
u000391,2025-11-08,3,regular,web,search,2026-01-30,15.019382716049382,598.0,2,PLN_BASIC,active,2026-01-30,2025-11-15,Basic,299.0,low,83,0,medium,low
u000392,2025-06-18,1,regular,mobile,email,2026-01-30,18.686926829268295,1794.0,6,PLN_BASIC,active,2026-01-30,2025-06-21,Basic,299.0,low,226,0,high,low
u000393,2025-08-05,2,value,web,organic,2026-01-30,2.2540449438202246,0.0,0,PLN_BASIC,expired,2025-09-10,2025-08-11,Basic,299.0,low,178,0,low,low
u000394,2025-10-02,1,regular,web,paid_social,2026-01-30,3.790578512396694,499.0,1,PLN_STD,cancelled,2025-11-03,2025-10-04,Standard,499.0,mid,120,0,low,mid
u000395,2025-11-01,1,regular,mobile,organic,2026-01-30,10.74,998.0,2,PLN_STD,cancelled,2026-01-01,2025-11-02,Standard,499.0,mid,90,0,medium,mid
u000396,2025-12-10,2,value,web,paid_social,2026-01-30,9.072307692307692,0.0,0,PLN_BASIC,active,2026-01-30,2025-12-12,Basic,299.0,low,51,0,medium,low
u000397,2025-05-16,2,value,web,organic,2026-01-30,7.939952606635071,2392.0,8,PLN_BASIC,active,2026-01-30,2025-05-21,Basic,299.0,low,259,0,low,low
u000398,2025-06-23,3,regular,web,search,2026-01-30,16.027846889952155,3493.0,7,PLN_STD,active,2026-01-30,2025-06-26,Standard,499.0,mid,221,0,medium,mid
u000399,2025-07-14,3,regular,mobile,search,2026-01-30,15.532663316582914,1794.0,6,PLN_BASIC,active,2026-01-30,2025-07-20,Basic,299.0,low,200,0,medium,low
u000400,2025-07-21,3,regular,web,organic,2026-01-30,11.83984375,1996.0,4,PLN_STD,cancelled,2025-11-25,2025-07-28,Standard,499.0,mid,193,0,medium,mid
u000401,2026-01-10,2,value,mobile,search,2026-01-30,2.994761904761905,299.0,1,PLN_BASIC,cancelled,2026-01-30,2026-01-17,Basic,299.0,low,20,0,low,low
u000402,2025-11-16,2,regular,mobile,search,2026-01-30,19.857333333333333,998.0,2,PLN_STD,active,2026-01-30,2025-11-19,Standard,499.0,mid,75,0,high,mid
u000403,2025-07-24,2,regular,mobile,search,2026-01-30,14.169105263157896,4794.0,6,PLN_PREM,active,2026-01-30,2025-07-24,Premium,799.0,high,190,0,medium,high
u000404,2026-01-03,1,regular,web,email,2026-01-30,11.711481481481481,0.0,0,PLN_BASIC,expired,2026-01-30,2026-01-06,Basic,299.0,low,27,0,medium,low
u000405,2025-09-07,3,regular,web,search,2026-01-30,15.11013888888889,897.0,3,PLN_BASIC,active,2026-01-30,2025-09-08,Basic,299.0,low,145,0,medium,low
u000406,2025-09-07,2,value,web,email,2026-01-30,5.321180555555555,897.0,3,PLN_BASIC,cancelled,2025-12-07,2025-09-08,Basic,299.0,low,145,0,low,low
u000407,2025-08-21,1,premium,mobile,search,2026-01-30,16.19874213836478,3196.0,4,PLN_PREM,cancelled,2025-12-20,2025-08-22,Premium,799.0,high,162,0,medium,high
u000408,2025-06-10,3,value,mobile,organic,2026-01-30,8.62816425120773,2093.0,7,PLN_BASIC,active,2026-01-30,2025-06-12,Basic,299.0,low,234,0,medium,low
u000409,2025-12-25,2,regular,mobile,organic,2026-01-30,17.389444444444443,499.0,1,PLN_STD,active,2026-01-30,2026-01-01,Standard,499.0,mid,36,0,high,mid
u000410,2025-05-08,1,value,web,search,2026-01-30,7.679760765550239,2392.0,8,PLN_BASIC,cancelled,2026-01-07,2025-05-12,Basic,299.0,low,267,0,low,low
u000411,2025-06-17,1,regular,web,organic,2026-01-30,18.525624999999998,5593.0,7,PLN_PREM,active,2026-01-30,2025-06-22,Premium,799.0,high,227,0,high,high
u000412,2025-07-01,2,value,mobile,referral,2026-01-30,8.69533653846154,2093.0,7,PLN_BASIC,active,2026-01-30,2025-07-02,Basic,299.0,low,213,0,medium,low
u000413,2025-07-14,3,premium,web,paid_social,2026-01-30,11.921554404145079,1996.0,4,PLN_STD,cancelled,2025-11-16,2025-07-19,Standard,499.0,mid,200,0,medium,mid
u000414,2025-06-07,1,regular,mobile,search,2026-01-30,17.88058536585366,3493.0,7,PLN_STD,active,2026-01-30,2025-06-11,Standard,499.0,mid,237,0,high,mid
u000415,2025-05-09,3,regular,web,search,2026-01-30,16.509617224880383,2392.0,8,PLN_BASIC,active,2026-01-30,2025-05-13,Basic,299.0,low,266,0,high,low
u000416,2025-10-22,3,value,mobile,search,2026-01-30,8.3628,897.0,3,PLN_BASIC,active,2026-01-30,2025-10-29,Basic,299.0,low,100,0,low,low
u000417,2026-01-03,3,value,mobile,paid_social,2026-01-30,10.812142857142858,299.0,1,PLN_BASIC,active,2026-01-30,2026-01-04,Basic,299.0,low,27,0,medium,low
u000418,2025-06-04,1,regular,web,organic,2026-01-30,17.196666666666665,1794.0,6,PLN_BASIC,active,2026-01-30,2025-06-06,Basic,299.0,low,240,0,high,low
u000419,2025-07-18,1,regular,web,organic,2026-01-30,18.53494736842105,2994.0,6,PLN_STD,active,2026-01-30,2025-07-21,Standard,499.0,mid,196,0,high,mid
u000420,2025-09-09,3,regular,mobile,organic,2026-01-30,14.084895104895105,897.0,3,PLN_BASIC,cancelled,2025-12-14,2025-09-15,Basic,299.0,low,143,0,medium,low
u000421,2025-12-23,2,premium,web,organic,2026-01-30,25.636470588235294,799.0,1,PLN_PREM,active,2026-01-30,2025-12-30,Premium,799.0,high,38,0,high,high
u000422,2025-10-26,2,regular,web,paid_social,2026-01-30,17.845208333333332,2397.0,3,PLN_PREM,active,2026-01-30,2025-10-31,Premium,799.0,high,96,0,high,high
u000423,2025-11-13,3,premium,web,organic,2026-01-30,30.61306666666667,998.0,2,PLN_STD,active,2026-01-30,2025-11-15,Standard,499.0,mid,78,0,high,mid
u000424,2025-09-27,1,value,web,organic,2026-01-30,3.994047619047619,299.0,1,PLN_BASIC,expired,2025-11-28,2025-09-29,Basic,299.0,low,125,0,low,low
u000425,2025-08-17,3,regular,mobile,email,2026-01-30,15.588554216867468,3995.0,5,PLN_PREM,active,2026-01-30,2025-08-19,Premium,799.0,high,166,0,medium,high
u000426,2025-06-24,3,regular,web,email,2026-01-30,15.540048076923076,2093.0,7,PLN_BASIC,active,2026-01-30,2025-06-24,Basic,299.0,low,220,0,medium,low
u000427,2025-12-07,2,regular,web,search,2026-01-30,18.008363636363637,799.0,1,PLN_PREM,active,2026-01-30,2025-12-10,Premium,799.0,high,54,0,high,high
u000428,2025-11-22,2,premium,mobile,search,2026-01-30,21.348955223880594,1598.0,2,PLN_PREM,active,2026-01-30,2025-11-27,Premium,799.0,high,69,0,high,high
u000429,2025-05-11,3,regular,web,paid_social,2026-01-30,16.88057971014493,2392.0,8,PLN_BASIC,active,2026-01-30,2025-05-18,Basic,299.0,low,264,0,high,low
u000430,2025-10-31,2,premium,web,organic,2026-01-30,31.74712643678161,1598.0,2,PLN_PREM,active,2026-01-30,2025-11-05,Premium,799.0,high,91,0,high,high
u000431,2025-05-26,2,regular,mobile,search,2026-01-30,17.481346153846154,2392.0,8,PLN_BASIC,active,2026-01-30,2025-05-29,Basic,299.0,low,249,0,high,low
u000432,2025-11-06,3,value,mobile,organic,2026-01-30,7.95202380952381,598.0,2,PLN_BASIC,active,2026-01-30,2025-11-07,Basic,299.0,low,85,0,low,low
u000433,2025-11-28,2,regular,mobile,search,2026-01-30,15.20734375,998.0,2,PLN_STD,active,2026-01-30,2025-11-29,Standard,499.0,mid,63,0,medium,mid
u000434,2025-06-06,2,regular,mobile,email,2026-01-30,16.678349514563106,2093.0,7,PLN_BASIC,active,2026-01-30,2025-06-09,Basic,299.0,low,238,0,high,low
u000435,2025-08-21,1,premium,web,paid_social,2026-01-30,25.04776315789474,3995.0,5,PLN_PREM,active,2026-01-30,2025-08-21,Premium,799.0,high,162,0,high,high
u000436,2025-06-05,1,regular,web,email,2026-01-30,17.357511961722487,2495.0,5,PLN_STD,active,2026-01-30,2025-06-12,Standard,499.0,mid,239,0,high,mid
u000437,2025-09-24,2,value,mobile,paid_social,2026-01-30,6.600078125,897.0,3,PLN_BASIC,active,2026-01-30,2025-09-30,Basic,299.0,low,128,0,low,low
u000438,2025-12-23,2,value,mobile,paid_social,2026-01-30,13.383333333333335,0.0,0,PLN_BASIC,active,2026-01-30,2025-12-29,Basic,299.0,low,38,0,medium,low
u000439,2025-05-25,2,value,mobile,paid_social,2026-01-30,10.820236966824645,2392.0,8,PLN_BASIC,active,2026-01-30,2025-06-01,Basic,299.0,low,250,0,medium,low
u000440,2025-08-12,2,regular,web,paid_social,2026-01-30,17.75374269005848,2495.0,5,PLN_STD,active,2026-01-30,2025-08-19,Standard,499.0,mid,171,0,high,mid
u000441,2026-01-04,3,value,web,search,2026-01-30,2.87,0.0,0,PLN_BASIC,expired,2026-01-30,2026-01-11,Basic,299.0,low,26,0,low,low
u000442,2025-07-19,3,regular,web,organic,2026-01-30,15.752010309278349,2495.0,5,PLN_STD,active,2026-01-30,2025-07-22,Standard,499.0,mid,195,0,medium,mid
u000443,2025-06-07,1,regular,mobile,search,2026-01-30,15.730238095238095,2994.0,6,PLN_STD,active,2026-01-30,2025-06-14,Standard,499.0,mid,237,0,medium,mid
u000444,2025-09-04,2,regular,mobile,organic,2026-01-30,14.531006711409395,1196.0,4,PLN_BASIC,active,2026-01-30,2025-09-11,Basic,299.0,low,148,0,medium,low
u000445,2025-09-09,2,value,web,search,2026-01-30,8.751205673758866,897.0,3,PLN_BASIC,active,2026-01-30,2025-09-10,Basic,299.0,low,143,0,medium,low
u000446,2025-10-18,2,regular,web,organic,2026-01-30,16.79701923076923,1497.0,3,PLN_STD,active,2026-01-30,2025-10-24,Standard,499.0,mid,104,0,high,mid
u000447,2025-07-22,1,value,web,search,2026-01-30,7.004920634920635,2994.0,6,PLN_STD,active,2026-01-30,2025-07-25,Standard,499.0,mid,192,0,low,mid
u000448,2025-12-30,3,premium,web,organic,2026-01-30,27.121290322580645,799.0,1,PLN_PREM,active,2026-01-30,2026-01-02,Premium,799.0,high,31,0,high,high
u000449,2025-09-12,3,value,mobile,organic,2026-01-30,8.421928571428571,1996.0,4,PLN_STD,active,2026-01-30,2025-09-18,Standard,499.0,mid,140,0,medium,mid
u000450,2025-07-15,2,value,mobile,search,2026-01-30,3.26005,299.0,1,PLN_BASIC,expired,2025-09-19,2025-07-21,Basic,299.0,low,199,0,low,low
u000451,2026-01-01,3,value,web,organic,2026-01-30,8.010666666666667,299.0,1,PLN_BASIC,active,2026-01-30,2026-01-06,Basic,299.0,low,29,0,low,low
u000452,2025-12-23,3,regular,mobile,email,2026-01-30,19.52921052631579,499.0,1,PLN_STD,cancelled,2026-01-27,2025-12-28,Standard,499.0,mid,38,0,high,mid
u000453,2025-09-07,2,value,mobile,search,2026-01-30,9.194680851063831,1996.0,4,PLN_STD,active,2026-01-30,2025-09-07,Standard,499.0,mid,145,0,medium,mid
u000454,2025-05-11,2,regular,web,search,2026-01-30,18.582233009708737,3493.0,7,PLN_STD,active,2026-01-30,2025-05-16,Standard,499.0,mid,264,0,high,mid
u000455,2025-10-01,2,regular,web,organic,2026-01-30,15.61235294117647,598.0,2,PLN_BASIC,active,2026-01-30,2025-10-05,Basic,299.0,low,121,0,medium,low
u000456,2025-09-21,3,regular,web,referral,2026-01-30,16.660229007633585,1497.0,3,PLN_STD,cancelled,2026-01-24,2025-09-26,Standard,499.0,mid,131,0,high,mid
u000457,2025-06-11,1,value,web,paid_social,2026-01-30,4.499282296650718,1495.0,5,PLN_BASIC,cancelled,2025-11-09,2025-06-12,Basic,299.0,low,233,0,low,low
u000458,2025-10-11,2,value,web,search,2026-01-30,9.62027027027027,897.0,3,PLN_BASIC,active,2026-01-30,2025-10-11,Basic,299.0,low,111,0,medium,low
u000459,2025-12-02,3,regular,mobile,organic,2026-01-30,19.469830508474576,299.0,1,PLN_BASIC,active,2026-01-30,2025-12-04,Basic,299.0,low,59,0,high,low
u000460,2025-05-31,2,value,web,paid_social,2026-01-30,7.102392344497608,3992.0,8,PLN_STD,active,2026-01-30,2025-06-03,Standard,499.0,mid,244,0,low,mid
u000461,2025-11-02,3,regular,web,email,2026-01-30,19.15137931034483,598.0,2,PLN_BASIC,active,2026-01-30,2025-11-03,Basic,299.0,low,89,0,high,low
u000462,2025-06-09,2,value,mobile,search,2026-01-30,5.6464734299516905,2093.0,7,PLN_BASIC,active,2026-01-30,2025-06-09,Basic,299.0,low,235,0,low,low
u000463,2025-11-08,3,regular,web,organic,2026-01-30,16.405185185185186,598.0,2,PLN_BASIC,active,2026-01-30,2025-11-09,Basic,299.0,low,83,0,high,low
u000464,2025-08-18,3,value,mobile,organic,2026-01-30,7.969268292682927,897.0,3,PLN_BASIC,expired,2026-01-17,2025-08-20,Basic,299.0,low,165,0,low,low
u000465,2025-05-06,2,regular,mobile,organic,2026-01-30,17.01665071770335,2392.0,8,PLN_BASIC,active,2026-01-30,2025-05-08,Basic,299.0,low,269,0,high,low
u000466,2026-01-02,3,value,mobile,paid_social,2026-01-30,7.225862068965518,299.0,1,PLN_BASIC,cancelled,2026-01-30,2026-01-06,Basic,299.0,low,28,0,low,low
u000467,2025-06-15,2,regular,mobile,email,2026-01-30,18.65839024390244,3493.0,7,PLN_STD,active,2026-01-30,2025-06-16,Standard,499.0,mid,229,0,high,mid
u000468,2025-10-01,2,value,mobile,email,2026-01-30,1.7455371900826446,299.0,1,PLN_BASIC,cancelled,2025-11-07,2025-10-08,Basic,299.0,low,121,0,low,low
u000469,2025-06-19,2,premium,mobile,referral,2026-01-30,25.753073170731707,5593.0,7,PLN_PREM,active,2026-01-30,2025-06-22,Premium,799.0,high,225,0,high,high
u000470,2025-12-25,3,regular,web,organic,2026-01-30,22.68891891891892,299.0,1,PLN_BASIC,active,2026-01-30,2025-12-30,Basic,299.0,low,36,0,high,low
u000471,2025-11-06,1,value,web,email,2026-01-30,8.337906976744186,598.0,2,PLN_BASIC,active,2026-01-30,2025-11-11,Basic,299.0,low,85,0,low,low
u000472,2025-11-22,1,value,web,organic,2026-01-30,10.952205882352942,598.0,2,PLN_BASIC,active,2026-01-30,2025-11-27,Basic,299.0,low,69,0,medium,low
u000473,2025-08-21,2,value,web,organic,2026-01-30,5.7165644171779135,1495.0,5,PLN_BASIC,active,2026-01-30,2025-08-25,Basic,299.0,low,162,0,low,low
u000474,2025-08-30,2,value,web,paid_social,2026-01-30,9.47236842105263,1996.0,4,PLN_STD,active,2026-01-30,2025-09-06,Standard,499.0,mid,153,0,medium,mid
u000475,2025-10-11,2,value,web,organic,2026-01-30,8.591517857142858,897.0,3,PLN_BASIC,active,2026-01-30,2025-10-15,Basic,299.0,low,111,0,medium,low
u000476,2025-11-17,1,premium,web,referral,2026-01-30,25.76348484848485,1598.0,2,PLN_PREM,active,2026-01-30,2025-11-20,Premium,799.0,high,74,0,high,high
u000477,2025-12-03,2,regular,web,email,2026-01-30,5.981864406779661,299.0,1,PLN_BASIC,cancelled,2026-01-05,2025-12-06,Basic,299.0,low,58,0,low,low
u000478,2025-05-09,3,value,web,paid_social,2026-01-30,7.196746411483254,2093.0,7,PLN_BASIC,cancelled,2025-12-07,2025-05-11,Basic,299.0,low,266,0,low,low
u000479,2025-10-18,1,regular,mobile,referral,2026-01-30,15.707884615384614,598.0,2,PLN_BASIC,active,2026-01-30,2025-10-24,Basic,299.0,low,104,0,medium,low
u000480,2025-06-01,2,value,mobile,search,2026-01-30,9.976729857819906,2093.0,7,PLN_BASIC,active,2026-01-30,2025-06-03,Basic,299.0,low,243,0,medium,low
u000481,2025-07-16,3,premium,mobile,organic,2026-01-30,10.11204081632653,998.0,2,PLN_STD,cancelled,2025-09-20,2025-07-22,Standard,499.0,mid,198,0,medium,mid
u000482,2025-11-29,1,value,web,referral,2026-01-30,5.1682539682539685,0.0,0,PLN_BASIC,expired,2026-01-05,2025-12-06,Basic,299.0,low,62,0,low,low
u000483,2025-07-06,2,regular,mobile,paid_social,2026-01-30,17.77115,2495.0,5,PLN_STD,active,2026-01-30,2025-07-09,Standard,499.0,mid,208,0,high,mid
u000484,2025-11-21,2,regular,mobile,email,2026-01-30,5.984225352112676,0.0,0,PLN_PREM,expired,2025-12-24,2025-11-24,Premium,799.0,high,70,0,low,high
u000485,2025-08-29,3,value,web,organic,2026-01-30,7.502987012987013,1996.0,4,PLN_STD,active,2026-01-30,2025-08-30,Standard,499.0,mid,154,0,low,mid
u000486,2025-07-02,2,value,mobile,organic,2026-01-30,7.381428571428571,1794.0,6,PLN_BASIC,active,2026-01-30,2025-07-03,Basic,299.0,low,212,0,low,low
u000487,2025-07-27,3,regular,web,search,2026-01-30,14.730494505494505,2994.0,6,PLN_STD,active,2026-01-30,2025-08-03,Standard,499.0,mid,187,0,medium,mid
u000488,2025-09-15,1,premium,mobile,paid_social,2026-01-30,26.529779411764707,1497.0,3,PLN_STD,active,2026-01-30,2025-09-16,Standard,499.0,mid,137,0,high,mid
u000489,2025-11-13,2,regular,mobile,referral,2026-01-30,8.067341772151899,998.0,2,PLN_STD,cancelled,2026-01-13,2025-11-14,Standard,499.0,mid,78,0,low,mid
u000490,2025-10-04,3,regular,web,email,2026-01-30,17.20122807017544,1497.0,3,PLN_STD,active,2026-01-30,2025-10-05,Standard,499.0,mid,118,0,high,mid
u000491,2025-12-25,1,regular,mobile,organic,2026-01-30,17.64138888888889,299.0,1,PLN_BASIC,active,2026-01-30,2025-12-27,Basic,299.0,low,36,0,high,low
u000492,2025-12-08,1,regular,web,search,2026-01-30,19.819444444444443,299.0,1,PLN_BASIC,active,2026-01-30,2025-12-11,Basic,299.0,low,53,0,high,low
u000493,2025-11-10,1,regular,web,organic,2026-01-30,18.530625,598.0,2,PLN_BASIC,active,2026-01-30,2025-11-17,Basic,299.0,low,81,0,high,low
u000494,2025-10-03,3,regular,web,organic,2026-01-30,15.565470085470086,1497.0,3,PLN_STD,active,2026-01-30,2025-10-07,Standard,499.0,mid,119,0,medium,mid
u000495,2025-07-16,2,regular,web,search,2026-01-30,17.23204081632653,2994.0,6,PLN_STD,active,2026-01-30,2025-07-19,Standard,499.0,mid,198,0,high,mid
u000496,2025-08-16,2,value,web,paid_social,2026-01-30,3.4257228915662647,598.0,2,PLN_BASIC,cancelled,2025-11-21,2025-08-23,Basic,299.0,low,167,0,low,low
u000497,2025-06-03,2,premium,unknown,search,2026-01-30,9.812898550724638,3196.0,4,PLN_PREM,cancelled,2025-10-03,2025-06-05,Premium,799.0,high,241,0,medium,high
u000498,2025-08-06,2,value,web,search,2026-01-30,8.22186046511628,1196.0,4,PLN_BASIC,active,2026-01-30,2025-08-07,Basic,299.0,low,177,0,low,low
u000499,2025-12-23,2,value,web,paid_social,2026-01-30,5.321794871794872,299.0,1,PLN_BASIC,cancelled,2026-01-22,2025-12-23,Basic,299.0,low,38,0,low,low
u000500,2025-08-19,2,regular,mobile,referral,2026-01-30,5.8064634146341465,998.0,2,PLN_STD,cancelled,2025-10-21,2025-08-22,Standard,499.0,mid,164,0,low,mid
u000501,2025-06-02,2,value,web,organic,2026-01-30,4.391469194312796,897.0,3,PLN_BASIC,expired,2025-11-06,2025-06-09,Basic,299.0,low,242,0,low,low
u000502,2025-10-15,1,value,web,search,2026-01-30,8.282037037037037,1497.0,3,PLN_STD,cancelled,2026-01-18,2025-10-20,Standard,499.0,mid,107,0,low,mid
u000503,2026-01-01,3,value,mobile,paid_social,2026-01-30,9.7775,299.0,1,PLN_BASIC,cancelled,2026-01-30,2026-01-02,Basic,299.0,low,29,0,medium,low
u000504,2025-12-08,3,regular,mobile,paid_social,2026-01-30,9.434074074074074,799.0,1,PLN_PREM,cancelled,2026-01-12,2025-12-13,Premium,799.0,high,53,0,medium,high
u000505,2025-07-12,2,regular,web,referral,2026-01-30,17.12211055276382,4794.0,6,PLN_PREM,active,2026-01-30,2025-07-17,Premium,799.0,high,202,0,high,high
u000506,2025-08-26,2,value,web,organic,2026-01-30,6.600192307692309,1196.0,4,PLN_BASIC,active,2026-01-30,2025-08-30,Basic,299.0,low,157,0,low,low
u000507,2025-09-15,1,value,mobile,search,2026-01-30,7.502681159420291,1196.0,4,PLN_BASIC,active,2026-01-30,2025-09-16,Basic,299.0,low,137,0,low,low
u000508,2025-07-06,3,regular,mobile,email,2026-01-30,17.86417910447761,4794.0,6,PLN_PREM,active,2026-01-30,2025-07-10,Premium,799.0,high,208,0,high,high
u000509,2025-07-11,3,premium,web,search,2026-01-30,26.16005235602094,4794.0,6,PLN_PREM,active,2026-01-30,2025-07-18,Premium,799.0,high,203,0,high,high
u000510,2025-07-03,3,value,web,search,2026-01-30,2.7793779904306217,598.0,2,PLN_BASIC,cancelled,2025-09-07,2025-07-09,Basic,299.0,low,211,0,low,low
u000511,2026-01-09,2,premium,web,email,2026-01-30,34.65090909090909,799.0,1,PLN_PREM,active,2026-01-30,2026-01-16,Premium,799.0,high,21,0,high,high
u000512,2025-11-08,1,premium,mobile,organic,2026-01-30,21.203827160493827,1598.0,2,PLN_PREM,active,2026-01-30,2025-11-10,Premium,799.0,high,83,0,high,high
u000513,2025-12-02,1,value,mobile,paid_social,2026-01-30,7.247118644067796,299.0,1,PLN_BASIC,active,2026-01-30,2025-12-03,Basic,299.0,low,59,0,low,low
u000514,2025-11-25,1,regular,mobile,referral,2026-01-30,15.501044776119402,499.0,1,PLN_STD,active,2026-01-30,2025-12-02,Standard,499.0,mid,66,0,medium,mid
u000515,2025-12-31,1,regular,web,organic,2026-01-30,12.898709677419355,299.0,1,PLN_BASIC,active,2026-01-30,2026-01-06,Basic,299.0,low,30,0,medium,low
u000516,2025-05-31,1,regular,mobile,paid_social,2026-01-30,17.426368159203978,2392.0,8,PLN_BASIC,active,2026-01-30,2025-06-03,Basic,299.0,low,244,0,high,low
u000517,2025-12-12,3,regular,mobile,search,2026-01-30,3.2272916666666664,299.0,1,PLN_BASIC,cancelled,2026-01-13,2025-12-14,Basic,299.0,low,49,0,low,low
u000518,2025-05-21,1,regular,web,referral,2026-01-30,15.296650717703349,4794.0,6,PLN_PREM,active,2026-01-30,2025-05-22,Premium,799.0,high,254,0,medium,high
u000519,2025-09-01,1,regular,mobile,email,2026-01-30,16.139463087248323,1996.0,4,PLN_STD,active,2026-01-30,2025-09-02,Standard,499.0,mid,151,0,medium,mid
u000520,2025-10-01,3,regular,web,referral,2026-01-30,16.25541666666667,1497.0,3,PLN_STD,active,2026-01-30,2025-10-08,Standard,499.0,mid,121,0,medium,mid
u000521,2025-08-02,2,premium,web,organic,2026-01-30,25.440287356321836,2495.0,5,PLN_STD,active,2026-01-30,2025-08-06,Standard,499.0,mid,181,0,high,mid
u000522,2025-06-10,3,regular,mobile,paid_social,2026-01-30,17.429268292682927,3493.0,7,PLN_STD,active,2026-01-30,2025-06-11,Standard,499.0,mid,234,0,high,mid
u000523,2025-06-22,2,regular,web,email,2026-01-30,18.585619047619048,2093.0,7,PLN_BASIC,active,2026-01-30,2025-06-27,Basic,299.0,low,222,0,high,low
u000524,2025-11-27,3,premium,mobile,paid_social,2026-01-30,8.928870967741936,0.0,0,PLN_PREM,expired,2025-12-31,2025-12-01,Premium,799.0,high,64,0,medium,high
u000525,2025-07-23,2,value,web,paid_social,2026-01-30,2.2032804232804235,299.0,1,PLN_BASIC,expired,2025-09-22,2025-07-24,Basic,299.0,low,191,0,low,low
u000526,2025-07-21,2,value,web,organic,2026-01-30,8.841727748691099,1794.0,6,PLN_BASIC,active,2026-01-30,2025-07-21,Basic,299.0,low,193,0,medium,low
u000527,2025-12-22,2,regular,web,referral,2026-01-30,11.275128205128206,799.0,1,PLN_PREM,cancelled,2026-01-27,2025-12-28,Premium,799.0,high,39,0,medium,high
u000528,2025-06-10,2,premium,web,organic,2026-01-30,25.656683168316828,5593.0,7,PLN_PREM,active,2026-01-30,2025-06-10,Premium,799.0,high,234,0,high,high
u000529,2025-12-20,2,value,web,organic,2026-01-30,3.7314285714285713,0.0,0,PLN_BASIC,expired,2026-01-21,2025-12-22,Basic,299.0,low,41,0,low,low
u000530,2025-12-22,2,regular,mobile,email,2026-01-30,15.58475,299.0,1,PLN_BASIC,active,2026-01-30,2025-12-27,Basic,299.0,low,39,0,medium,low
u000531,2025-10-02,1,value,web,email,2026-01-30,8.309583333333332,1196.0,4,PLN_BASIC,active,2026-01-30,2025-10-02,Basic,299.0,low,120,0,low,low
u000532,2025-06-15,3,value,web,email,2026-01-30,8.81019512195122,3493.0,7,PLN_STD,active,2026-01-30,2025-06-16,Standard,499.0,mid,229,0,medium,mid
u000533,2025-06-13,2,regular,mobile,search,2026-01-30,6.985693779904306,1196.0,4,PLN_BASIC,cancelled,2025-10-12,2025-06-14,Basic,299.0,low,231,0,low,low
u000534,2025-07-15,1,value,web,organic,2026-01-30,8.37751269035533,2994.0,6,PLN_STD,active,2026-01-30,2025-07-19,Standard,499.0,mid,199,0,low,mid
u000535,2025-09-26,1,premium,mobile,search,2026-01-30,29.384049586776857,1497.0,3,PLN_STD,active,2026-01-30,2025-10-03,Standard,499.0,mid,126,0,high,mid
u000536,2025-06-12,3,value,web,organic,2026-01-30,10.157095238095238,3493.0,7,PLN_STD,active,2026-01-30,2025-06-16,Standard,499.0,mid,232,0,medium,mid
u000537,2025-08-27,2,premium,web,referral,2026-01-30,25.27,3995.0,5,PLN_PREM,active,2026-01-30,2025-08-30,Premium,799.0,high,156,0,high,high
u000538,2025-06-02,2,value,mobile,search,2026-01-30,8.985336538461539,2392.0,8,PLN_BASIC,active,2026-01-30,2025-06-03,Basic,299.0,low,242,0,medium,low
u000539,2025-09-17,3,premium,mobile,search,2026-01-30,26.43515384615385,1996.0,4,PLN_STD,active,2026-01-30,2025-09-21,Standard,499.0,mid,135,0,high,mid
u000540,2025-05-10,1,regular,mobile,organic,2026-01-30,17.058380952380954,3992.0,8,PLN_STD,active,2026-01-30,2025-05-13,Standard,499.0,mid,265,0,high,mid
u000541,2025-10-29,3,value,web,search,2026-01-30,9.293870967741936,897.0,3,PLN_BASIC,active,2026-01-30,2025-10-31,Basic,299.0,low,93,0,medium,low
u000542,2025-05-18,2,value,web,referral,2026-01-30,7.102259615384615,2994.0,6,PLN_STD,active,2026-01-30,2025-05-24,Standard,499.0,mid,257,0,low,mid
u000543,2025-06-22,1,value,mobile,paid_social,2026-01-30,6.242727272727273,3493.0,7,PLN_STD,active,2026-01-30,2025-06-23,Standard,499.0,mid,222,0,low,mid
u000544,2025-06-17,2,regular,mobile,organic,2026-01-30,15.888260869565217,2093.0,7,PLN_BASIC,active,2026-01-30,2025-06-21,Basic,299.0,low,227,0,medium,low
u000545,2025-11-29,3,regular,mobile,organic,2026-01-30,18.924193548387095,598.0,2,PLN_BASIC,active,2026-01-30,2025-11-29,Basic,299.0,low,62,0,high,low
u000546,2025-05-18,2,regular,mobile,search,2026-01-30,18.25183574879227,5593.0,7,PLN_PREM,active,2026-01-30,2025-05-23,Premium,799.0,high,257,0,high,high
u000547,2025-08-20,2,regular,mobile,organic,2026-01-30,16.69748427672956,2495.0,5,PLN_STD,active,2026-01-30,2025-08-21,Standard,499.0,mid,163,0,high,mid
u000548,2025-09-30,2,regular,web,email,2026-01-30,15.414262295081967,897.0,3,PLN_BASIC,active,2026-01-30,2025-10-04,Basic,299.0,low,122,0,medium,low
u000549,2025-09-11,2,regular,mobile,paid_social,2026-01-30,4.391071428571428,0.0,0,PLN_PREM,expired,2025-10-16,2025-09-16,Premium,799.0,high,141,0,low,high
u000550,2025-10-22,2,regular,web,organic,2026-01-30,20.0468,897.0,3,PLN_BASIC,active,2026-01-30,2025-10-23,Basic,299.0,low,100,0,high,low
u000551,2025-11-22,2,regular,web,referral,2026-01-30,18.41794117647059,598.0,2,PLN_BASIC,active,2026-01-30,2025-11-29,Basic,299.0,low,69,0,high,low
u000552,2025-08-11,2,regular,mobile,search,2026-01-30,13.858081395348838,2495.0,5,PLN_STD,active,2026-01-30,2025-08-11,Standard,499.0,mid,172,0,medium,mid
u000553,2025-11-28,1,premium,web,organic,2026-01-30,23.050476190476193,799.0,1,PLN_PREM,active,2026-01-30,2025-12-03,Premium,799.0,high,63,0,high,high
u000554,2025-07-23,2,value,web,search,2026-01-30,4.667631578947368,598.0,2,PLN_BASIC,expired,2025-10-26,2025-07-28,Basic,299.0,low,191,0,low,low
u000555,2026-01-07,2,value,mobile,organic,2026-01-30,8.367083333333333,299.0,1,PLN_BASIC,active,2026-01-30,2026-01-09,Basic,299.0,low,23,0,low,low
u000556,2025-09-08,2,value,mobile,search,2026-01-30,8.136482758620689,1196.0,4,PLN_BASIC,active,2026-01-30,2025-09-09,Basic,299.0,low,144,0,low,low
u000557,2025-11-05,1,regular,web,referral,2026-01-30,15.307058823529413,998.0,2,PLN_STD,active,2026-01-30,2025-11-09,Standard,499.0,mid,86,0,medium,mid
u000558,2025-12-10,2,value,mobile,email,2026-01-30,4.694807692307692,0.0,0,PLN_BASIC,expired,2026-01-15,2025-12-16,Basic,299.0,low,51,0,low,low
u000559,2025-11-19,2,premium,web,search,2026-01-30,15.69463768115942,1598.0,2,PLN_PREM,cancelled,2026-01-22,2025-11-23,Premium,799.0,high,72,0,medium,high
u000560,2025-12-04,1,regular,mobile,paid_social,2026-01-30,15.512909090909092,799.0,1,PLN_PREM,active,2026-01-30,2025-12-10,Premium,799.0,high,57,0,medium,high
u000561,2025-09-16,1,regular,web,organic,2026-01-30,17.473014705882353,1996.0,4,PLN_STD,active,2026-01-30,2025-09-18,Standard,499.0,mid,136,0,high,mid
u000562,2025-05-15,2,regular,web,search,2026-01-30,16.996600985221676,3992.0,8,PLN_STD,active,2026-01-30,2025-05-16,Standard,499.0,mid,260,0,high,mid
u000563,2025-09-05,2,value,web,organic,2026-01-30,8.767671232876712,1996.0,4,PLN_STD,active,2026-01-30,2025-09-06,Standard,499.0,mid,147,0,medium,mid
u000564,2025-06-19,1,regular,web,search,2026-01-30,16.077401960784314,3493.0,7,PLN_STD,active,2026-01-30,2025-06-24,Standard,499.0,mid,225,0,medium,mid
u000565,2025-12-14,3,value,web,organic,2026-01-30,3.8666666666666667,299.0,1,PLN_BASIC,cancelled,2026-01-18,2025-12-19,Basic,299.0,low,47,0,low,low
u000566,2025-07-03,2,regular,web,email,2026-01-30,17.018133971291867,3493.0,7,PLN_STD,active,2026-01-30,2025-07-03,Standard,499.0,mid,211,0,high,mid
u000567,2025-07-01,3,premium,mobile,referral,2026-01-30,3.952705314009662,799.0,1,PLN_PREM,cancelled,2025-08-06,2025-07-07,Premium,799.0,high,213,0,low,high
u000568,2025-07-06,2,regular,web,organic,2026-01-30,17.891844660194174,1794.0,6,PLN_BASIC,active,2026-01-30,2025-07-09,Basic,299.0,low,208,0,high,low
u000569,2025-10-13,2,premium,web,paid_social,2026-01-30,23.005754716981134,1497.0,3,PLN_STD,active,2026-01-30,2025-10-13,Standard,499.0,mid,109,0,high,mid
u000570,2025-09-25,2,regular,mobile,organic,2026-01-30,19.49496,1996.0,4,PLN_STD,active,2026-01-30,2025-09-25,Standard,499.0,mid,127,0,high,mid
u000571,2025-12-29,3,regular,unknown,paid_social,2026-01-30,13.709375,499.0,1,PLN_STD,cancelled,2026-01-29,2025-12-30,Standard,499.0,mid,32,0,medium,mid
u000572,2025-08-17,2,regular,mobile,organic,2026-01-30,16.775308641975307,1196.0,4,PLN_BASIC,active,2026-01-30,2025-08-22,Basic,299.0,low,166,0,high,low
u000573,2025-07-14,2,regular,web,organic,2026-01-30,4.557461928934011,998.0,2,PLN_STD,cancelled,2025-09-15,2025-07-17,Standard,499.0,mid,200,0,low,mid
u000574,2025-05-17,2,value,web,paid_social,2026-01-30,8.09888349514563,3992.0,8,PLN_STD,active,2026-01-30,2025-05-18,Standard,499.0,mid,258,0,low,mid
u000575,2025-05-06,2,value,mobile,search,2026-01-30,7.410386473429952,2093.0,7,PLN_BASIC,active,2026-01-30,2025-05-08,Basic,299.0,low,269,0,low,low
u000576,2025-08-06,1,regular,mobile,search,2026-01-30,19.903125,2495.0,5,PLN_STD,active,2026-01-30,2025-08-13,Standard,499.0,mid,177,0,high,mid
u000577,2025-12-23,2,value,web,search,2026-01-30,6.563684210526316,299.0,1,PLN_BASIC,active,2026-01-30,2025-12-29,Basic,299.0,low,38,0,low,low
u000578,2025-09-13,2,regular,mobile,organic,2026-01-30,17.054379562043795,1996.0,4,PLN_STD,active,2026-01-30,2025-09-14,Standard,499.0,mid,139,0,high,mid
u000579,2025-12-15,3,regular,mobile,organic,2026-01-30,17.42760869565217,499.0,1,PLN_STD,active,2026-01-30,2025-12-18,Standard,499.0,mid,46,0,high,mid
u000580,2025-05-30,2,premium,mobile,paid_social,2026-01-30,26.653970588235293,5593.0,7,PLN_PREM,active,2026-01-30,2025-06-06,Premium,799.0,high,245,0,high,high
u000581,2025-05-28,2,value,web,paid_social,2026-01-30,4.813253588516747,1794.0,6,PLN_BASIC,cancelled,2025-12-31,2025-06-04,Basic,299.0,low,247,0,low,low
u000582,2025-11-30,3,premium,mobile,organic,2026-01-30,26.816666666666666,799.0,1,PLN_PREM,active,2026-01-30,2025-12-03,Premium,799.0,high,61,0,high,high
u000583,2025-05-31,2,value,web,search,2026-01-30,7.114218009478672,2392.0,8,PLN_BASIC,active,2026-01-30,2025-06-01,Basic,299.0,low,244,0,low,low
u000584,2025-05-18,1,regular,mobile,paid_social,2026-01-30,0.0,299.0,1,PLN_BASIC,cancelled,2025-06-21,2025-05-22,Basic,299.0,low,257,0,low,low
u000585,2025-08-14,1,regular,web,paid_social,2026-01-30,15.511017964071858,1495.0,5,PLN_BASIC,active,2026-01-30,2025-08-17,Basic,299.0,low,169,0,medium,low
u000586,2025-12-23,1,value,web,referral,2026-01-30,6.303421052631579,299.0,1,PLN_BASIC,cancelled,2026-01-24,2025-12-25,Basic,299.0,low,38,0,low,low
u000587,2025-10-25,1,value,web,search,2026-01-30,8.699591836734694,598.0,2,PLN_BASIC,active,2026-01-30,2025-10-31,Basic,299.0,low,97,0,medium,low
u000588,2025-05-29,2,value,mobile,search,2026-01-30,6.0054589371980684,1495.0,5,PLN_BASIC,expired,2025-11-30,2025-06-03,Basic,299.0,low,246,0,low,low
u000589,2025-12-01,3,regular,mobile,search,2026-01-30,6.598360655737705,0.0,0,PLN_STD,expired,2026-01-07,2025-12-08,Standard,499.0,mid,60,0,low,mid
u000590,2025-12-02,2,regular,mobile,organic,2026-01-30,17.57283333333333,799.0,1,PLN_PREM,active,2026-01-30,2025-12-03,Premium,799.0,high,59,0,high,high
u000591,2025-11-21,1,value,mobile,organic,2026-01-30,6.047605633802817,598.0,2,PLN_BASIC,active,2026-01-30,2025-11-27,Basic,299.0,low,70,0,low,low
u000592,2025-12-17,2,value,mobile,organic,2026-01-30,4.2348888888888885,299.0,1,PLN_BASIC,active,2026-01-30,2025-12-17,Basic,299.0,low,44,0,low,low
u000593,2025-07-04,1,regular,mobile,referral,2026-01-30,19.843155339805826,1794.0,6,PLN_BASIC,active,2026-01-30,2025-07-05,Basic,299.0,low,210,0,high,low
u000594,2026-01-05,3,value,web,organic,2026-01-30,4.620384615384615,299.0,1,PLN_BASIC,cancelled,2026-01-30,2026-01-08,Basic,299.0,low,25,0,low,low
u000595,2025-07-24,1,regular,mobile,paid_social,2026-01-30,15.412043010752688,2994.0,6,PLN_STD,active,2026-01-30,2025-07-24,Standard,499.0,mid,190,0,medium,mid
u000596,2025-11-22,2,premium,unknown,search,2026-01-30,27.48121212121212,1598.0,2,PLN_PREM,active,2026-01-30,2025-11-26,Premium,799.0,high,69,0,high,high
u000597,2025-09-27,2,regular,web,search,2026-01-30,7.171279999999999,799.0,1,PLN_PREM,expired,2025-12-03,2025-10-04,Premium,799.0,high,125,0,low,high
u000598,2025-11-16,2,premium,web,referral,2026-01-30,31.895217391304346,1598.0,2,PLN_PREM,active,2026-01-30,2025-11-17,Premium,799.0,high,75,0,high,high
u000599,2025-10-09,2,regular,web,paid_social,2026-01-30,13.101517857142856,998.0,2,PLN_STD,cancelled,2026-01-07,2025-10-09,Standard,499.0,mid,113,0,medium,mid
u000600,2025-10-13,3,regular,mobile,organic,2026-01-30,20.849166666666665,897.0,3,PLN_BASIC,active,2026-01-30,2025-10-18,Basic,299.0,low,109,0,high,low
u000601,2025-10-06,1,value,mobile,paid_social,2026-01-30,10.543304347826087,1497.0,3,PLN_STD,active,2026-01-30,2025-10-12,Standard,499.0,mid,116,0,medium,mid
u000602,2025-11-16,3,value,web,search,2026-01-30,9.3728,998.0,2,PLN_STD,active,2026-01-30,2025-11-23,Standard,499.0,mid,75,0,medium,mid
u000603,2025-11-06,2,regular,mobile,search,2026-01-30,14.717023809523809,598.0,2,PLN_BASIC,active,2026-01-30,2025-11-09,Basic,299.0,low,85,0,medium,low
u000604,2025-06-07,3,value,web,paid_social,2026-01-30,7.750947867298579,1794.0,6,PLN_BASIC,cancelled,2025-12-05,2025-06-08,Basic,299.0,low,237,0,low,low
u000605,2025-11-28,3,premium,web,paid_social,2026-01-30,31.617142857142856,799.0,1,PLN_PREM,active,2026-01-30,2025-12-04,Premium,799.0,high,63,0,high,high
u000606,2025-09-16,3,regular,web,organic,2026-01-30,17.686946564885496,1996.0,4,PLN_STD,active,2026-01-30,2025-09-23,Standard,499.0,mid,136,0,high,mid
u000607,2025-07-25,1,premium,web,email,2026-01-30,26.47435754189944,4794.0,6,PLN_PREM,active,2026-01-30,2025-07-28,Premium,799.0,high,189,0,high,high
u000608,2025-09-11,2,value,web,paid_social,2026-01-30,9.432112676056338,1196.0,4,PLN_BASIC,active,2026-01-30,2025-09-16,Basic,299.0,low,141,0,medium,low
u000609,2026-01-02,2,regular,web,paid_social,2026-01-30,11.308928571428572,499.0,1,PLN_STD,cancelled,2026-01-30,2026-01-03,Standard,499.0,mid,28,0,medium,mid
u000610,2025-12-06,2,regular,web,organic,2026-01-30,19.03875,0.0,0,PLN_STD,active,2026-01-30,2025-12-09,Standard,499.0,mid,55,0,high,mid
u000611,2025-11-30,2,value,web,organic,2026-01-30,9.401129032258064,299.0,1,PLN_BASIC,active,2026-01-30,2025-12-03,Basic,299.0,low,61,0,medium,low
u000612,2025-08-29,3,regular,mobile,search,2026-01-30,11.820522875816993,1996.0,4,PLN_STD,cancelled,2026-01-02,2025-09-04,Standard,499.0,mid,154,0,medium,mid
u000613,2025-11-17,3,regular,web,paid_social,2026-01-30,6.0793333333333335,0.0,0,PLN_BASIC,expired,2025-12-24,2025-11-24,Basic,299.0,low,74,0,low,low
u000614,2025-08-09,2,premium,web,search,2026-01-30,24.430245398773007,3995.0,5,PLN_PREM,active,2026-01-30,2025-08-09,Premium,799.0,high,174,0,high,high
u000615,2025-10-24,2,regular,web,paid_social,2026-01-30,10.253402061855668,998.0,2,PLN_STD,cancelled,2025-12-30,2025-10-31,Standard,499.0,mid,98,0,medium,mid
u000616,2025-10-12,3,value,web,organic,2026-01-30,7.815137614678899,1497.0,3,PLN_STD,cancelled,2026-01-16,2025-10-18,Standard,499.0,mid,110,0,low,mid
u000617,2025-07-06,3,regular,web,paid_social,2026-01-30,9.38623188405797,1497.0,3,PLN_STD,expired,2025-11-08,2025-07-11,Standard,499.0,mid,208,0,medium,mid
u000618,2025-07-10,1,regular,web,referral,2026-01-30,17.02631313131313,1794.0,6,PLN_BASIC,active,2026-01-30,2025-07-15,Basic,299.0,low,204,0,high,low
u000619,2025-05-20,2,value,mobile,paid_social,2026-01-30,8.175687203791469,2392.0,8,PLN_BASIC,cancelled,2026-01-19,2025-05-24,Basic,299.0,low,255,0,low,low
u000620,2025-06-09,3,regular,mobile,paid_social,2026-01-30,17.765652173913043,3493.0,7,PLN_STD,active,2026-01-30,2025-06-11,Standard,499.0,mid,235,0,high,mid
u000621,2025-08-21,2,value,mobile,referral,2026-01-30,8.6536875,1495.0,5,PLN_BASIC,active,2026-01-30,2025-08-27,Basic,299.0,low,162,0,medium,low
u000622,2025-09-01,2,value,mobile,organic,2026-01-30,3.033046357615894,897.0,3,PLN_BASIC,cancelled,2025-12-01,2025-09-02,Basic,299.0,low,151,0,low,low
u000623,2025-06-15,3,regular,web,paid_social,2026-01-30,17.20263157894737,3493.0,7,PLN_STD,active,2026-01-30,2025-06-18,Standard,499.0,mid,229,0,high,mid
u000624,2025-08-17,3,value,web,email,2026-01-30,8.700060975609755,2495.0,5,PLN_STD,active,2026-01-30,2025-08-18,Standard,499.0,mid,166,0,medium,mid
u000625,2025-10-03,3,regular,web,search,2026-01-30,17.25805084745763,1497.0,3,PLN_STD,active,2026-01-30,2025-10-05,Standard,499.0,mid,119,0,high,mid
u000626,2025-07-02,3,value,web,organic,2026-01-30,8.792583732057416,1495.0,5,PLN_BASIC,active,2026-01-30,2025-07-09,Basic,299.0,low,212,0,medium,low
u000627,2025-07-28,2,regular,web,email,2026-01-30,3.0382258064516128,799.0,1,PLN_PREM,cancelled,2025-09-01,2025-08-02,Premium,799.0,high,186,0,low,high
u000628,2025-08-05,2,value,web,organic,2026-01-30,1.2825280898876403,299.0,1,PLN_BASIC,cancelled,2025-09-10,2025-08-11,Basic,299.0,low,178,0,low,low
u000629,2025-09-08,2,premium,mobile,organic,2026-01-30,24.739037037037036,1996.0,4,PLN_STD,active,2026-01-30,2025-09-08,Standard,499.0,mid,144,0,high,mid
u000630,2025-08-04,2,value,web,organic,2026-01-30,3.3218435754189946,998.0,2,PLN_STD,cancelled,2025-10-06,2025-08-07,Standard,499.0,mid,179,0,low,mid
u000631,2025-11-05,2,regular,web,search,2026-01-30,17.61670731707317,598.0,2,PLN_BASIC,active,2026-01-30,2025-11-05,Basic,299.0,low,86,0,high,low
u000632,2025-07-26,2,value,mobile,search,2026-01-30,9.901428571428571,1794.0,6,PLN_BASIC,cancelled,2026-01-22,2025-07-26,Basic,299.0,low,188,0,medium,low
u000633,2025-08-21,2,value,web,search,2026-01-30,2.107375,499.0,1,PLN_STD,cancelled,2025-09-20,2025-08-21,Standard,499.0,mid,162,0,low,mid
u000634,2025-08-08,2,regular,mobile,email,2026-01-30,10.186857142857143,897.0,3,PLN_BASIC,expired,2025-12-08,2025-08-10,Basic,299.0,low,175,0,medium,low
u000635,2025-06-19,2,regular,mobile,search,2026-01-30,15.82267942583732,2093.0,7,PLN_BASIC,active,2026-01-30,2025-06-19,Basic,299.0,low,225,0,medium,low
u000636,2025-10-24,2,premium,mobile,search,2026-01-30,26.144787234042553,1497.0,3,PLN_STD,active,2026-01-30,2025-10-24,Standard,499.0,mid,98,0,high,mid
u000637,2025-07-03,1,value,web,referral,2026-01-30,8.264057971014493,1794.0,6,PLN_BASIC,active,2026-01-30,2025-07-05,Basic,299.0,low,211,0,low,low
u000638,2025-07-18,1,value,web,referral,2026-01-30,9.457371134020619,2994.0,6,PLN_STD,active,2026-01-30,2025-07-21,Standard,499.0,mid,196,0,medium,mid
u000639,2025-11-19,3,regular,mobile,organic,2026-01-30,12.789855072463768,998.0,2,PLN_STD,cancelled,2026-01-18,2025-11-19,Standard,499.0,mid,72,0,medium,mid
u000640,2025-12-29,2,regular,mobile,organic,2026-01-30,18.684242424242424,499.0,1,PLN_STD,active,2026-01-30,2025-12-31,Standard,499.0,mid,32,0,high,mid
u000641,2025-10-20,1,value,mobile,paid_social,2026-01-30,6.926930693069307,1497.0,3,PLN_STD,active,2026-01-30,2025-10-23,Standard,499.0,mid,102,0,low,mid
u000642,2025-12-21,3,regular,web,referral,2026-01-30,15.323658536585365,799.0,1,PLN_PREM,active,2026-01-30,2025-12-21,Premium,799.0,high,40,0,medium,high
u000643,2025-12-05,2,regular,web,search,2026-01-30,10.458545454545455,499.0,1,PLN_STD,active,2026-01-30,2025-12-10,Standard,499.0,mid,56,0,medium,mid
u000644,2025-09-02,1,regular,web,organic,2026-01-30,18.56408163265306,1996.0,4,PLN_STD,active,2026-01-30,2025-09-03,Standard,499.0,mid,150,0,high,mid
u000645,2025-11-14,2,value,web,paid_social,2026-01-30,8.052368421052632,598.0,2,PLN_BASIC,active,2026-01-30,2025-11-15,Basic,299.0,low,77,0,low,low
u000646,2025-07-26,1,regular,web,paid_social,2026-01-30,16.826612021857922,2994.0,6,PLN_STD,active,2026-01-30,2025-07-31,Standard,499.0,mid,188,0,high,mid
u000647,2025-08-28,2,value,mobile,search,2026-01-30,6.697597402597403,1495.0,5,PLN_BASIC,cancelled,2026-01-29,2025-09-01,Basic,299.0,low,155,0,low,low
u000648,2025-09-16,2,regular,web,referral,2026-01-30,9.957851851851851,998.0,2,PLN_STD,expired,2025-12-21,2025-09-22,Standard,499.0,mid,136,0,medium,mid
u000649,2026-01-01,1,value,mobile,referral,2026-01-30,11.229000000000001,299.0,1,PLN_BASIC,active,2026-01-30,2026-01-06,Basic,299.0,low,29,0,medium,low
u000650,2025-12-03,1,regular,mobile,paid_social,2026-01-30,16.510172413793104,0.0,0,PLN_STD,active,2026-01-30,2025-12-07,Standard,499.0,mid,58,0,high,mid
u000651,2025-09-04,2,regular,web,paid_social,2026-01-30,16.103904109589042,1196.0,4,PLN_BASIC,active,2026-01-30,2025-09-09,Basic,299.0,low,148,0,medium,low
u000652,2025-10-15,1,regular,web,paid_social,2026-01-30,7.139523809523809,598.0,2,PLN_BASIC,cancelled,2025-12-14,2025-10-15,Basic,299.0,low,107,0,low,low
u000653,2025-06-24,3,value,mobile,search,2026-01-30,0.8735071090047394,499.0,1,PLN_STD,expired,2025-08-23,2025-06-24,Standard,499.0,mid,220,0,low,mid
u000654,2025-11-22,1,value,web,search,2026-01-30,10.727285714285713,998.0,2,PLN_STD,active,2026-01-30,2025-11-22,Standard,499.0,mid,69,0,medium,mid
u000655,2025-09-20,2,regular,web,paid_social,2026-01-30,19.52992424242424,1196.0,4,PLN_BASIC,active,2026-01-30,2025-09-21,Basic,299.0,low,132,0,high,low
u000656,2025-09-15,2,regular,mobile,paid_social,2026-01-30,19.14822222222222,1196.0,4,PLN_BASIC,active,2026-01-30,2025-09-19,Basic,299.0,low,137,0,high,low
u000657,2025-11-13,2,premium,mobile,search,2026-01-30,9.544102564102564,799.0,1,PLN_PREM,cancelled,2025-12-16,2025-11-16,Premium,799.0,high,78,0,medium,high
u000658,2025-10-10,1,value,mobile,organic,2026-01-30,7.019553571428572,897.0,3,PLN_BASIC,active,2026-01-30,2025-10-15,Basic,299.0,low,112,0,low,low
u000659,2025-05-23,3,premium,mobile,paid_social,2026-01-30,22.42161616161616,3992.0,8,PLN_STD,active,2026-01-30,2025-05-30,Standard,499.0,mid,252,0,high,mid
u000660,2025-07-16,3,value,web,paid_social,2026-01-30,8.31010152284264,1794.0,6,PLN_BASIC,active,2026-01-30,2025-07-21,Basic,299.0,low,198,0,low,low
u000661,2025-06-18,1,value,mobile,search,2026-01-30,6.498357487922705,2093.0,7,PLN_BASIC,active,2026-01-30,2025-06-19,Basic,299.0,low,226,0,low,low
u000662,2025-11-05,1,value,mobile,search,2026-01-30,5.504705882352941,598.0,2,PLN_BASIC,cancelled,2026-01-11,2025-11-12,Basic,299.0,low,86,0,low,low
u000663,2025-05-13,3,regular,mobile,organic,2026-01-30,17.04357487922705,2392.0,8,PLN_BASIC,active,2026-01-30,2025-05-20,Basic,299.0,low,262,0,high,low
u000664,2025-06-24,2,value,mobile,email,2026-01-30,7.488995215311005,3493.0,7,PLN_STD,active,2026-01-30,2025-06-28,Standard,499.0,mid,220,0,low,mid
u000665,2025-10-01,1,value,mobile,referral,2026-01-30,9.50801652892562,897.0,3,PLN_BASIC,active,2026-01-30,2025-10-05,Basic,299.0,low,121,0,medium,low
u000666,2025-10-26,1,regular,mobile,search,2026-01-30,17.70691489361702,897.0,3,PLN_BASIC,active,2026-01-30,2025-10-26,Basic,299.0,low,96,0,high,low
u000667,2025-09-08,2,regular,web,search,2026-01-30,15.057517730496455,1196.0,4,PLN_BASIC,active,2026-01-30,2025-09-08,Basic,299.0,low,144,0,medium,low
u000668,2025-12-07,2,value,mobile,paid_social,2026-01-30,11.515471698113208,299.0,1,PLN_BASIC,active,2026-01-30,2025-12-08,Basic,299.0,low,54,0,medium,low
u000669,2025-12-21,2,value,web,search,2026-01-30,4.837317073170731,299.0,1,PLN_BASIC,active,2026-01-30,2025-12-28,Basic,299.0,low,40,0,low,low
u000670,2025-06-07,3,regular,mobile,email,2026-01-30,19.061469194312796,3493.0,7,PLN_STD,active,2026-01-30,2025-06-11,Standard,499.0,mid,237,0,high,mid
u000671,2025-12-30,2,value,mobile,organic,2026-01-30,3.535,0.0,0,PLN_BASIC,cancelled,2026-01-30,2026-01-03,Basic,299.0,low,31,0,low,low
u000672,2025-10-06,2,value,mobile,organic,2026-01-30,5.951637931034482,897.0,3,PLN_BASIC,active,2026-01-30,2025-10-09,Basic,299.0,low,116,0,low,low
u000673,2025-10-11,2,regular,unknown,search,2026-01-30,15.126203703703705,1497.0,3,PLN_STD,active,2026-01-30,2025-10-17,Standard,499.0,mid,111,0,medium,mid
u000674,2025-05-28,2,value,web,organic,2026-01-30,7.547692307692308,3992.0,8,PLN_STD,active,2026-01-30,2025-06-02,Standard,499.0,mid,247,0,low,mid
u000675,2025-10-08,1,regular,web,paid_social,2026-01-30,16.33008771929825,998.0,2,PLN_STD,active,2026-01-30,2025-10-13,Standard,499.0,mid,114,0,medium,mid
u000676,2025-11-03,1,value,web,referral,2026-01-30,4.683483146067416,598.0,2,PLN_BASIC,cancelled,2026-01-03,2025-11-04,Basic,299.0,low,88,0,low,low
u000677,2025-09-27,2,value,web,organic,2026-01-30,8.072520325203252,1196.0,4,PLN_BASIC,active,2026-01-30,2025-09-30,Basic,299.0,low,125,0,low,low
u000678,2025-05-26,2,value,mobile,search,2026-01-30,7.506794258373206,2093.0,7,PLN_BASIC,cancelled,2025-12-22,2025-05-26,Basic,299.0,low,249,0,low,low
u000679,2025-09-13,1,value,web,paid_social,2026-01-30,0.7889855072463767,499.0,1,PLN_STD,cancelled,2025-10-17,2025-09-17,Standard,499.0,mid,139,0,low,mid
u000680,2025-12-25,2,value,mobile,referral,2026-01-30,8.797297297297296,499.0,1,PLN_STD,active,2026-01-30,2025-12-31,Standard,499.0,mid,36,0,medium,mid
u000681,2025-11-02,2,value,web,search,2026-01-30,3.7423595505617975,598.0,2,PLN_BASIC,cancelled,2026-01-01,2025-11-02,Basic,299.0,low,89,0,low,low
u000682,2025-06-08,2,premium,mobile,organic,2026-01-30,24.723096446700506,3493.0,7,PLN_STD,active,2026-01-30,2025-06-12,Standard,499.0,mid,236,0,high,mid
u000683,2025-12-31,3,regular,mobile,paid_social,2026-01-30,22.021666666666665,499.0,1,PLN_STD,active,2026-01-30,2026-01-02,Standard,499.0,mid,30,0,high,mid
u000684,2025-12-31,3,value,mobile,search,2026-01-30,7.725161290322581,0.0,0,PLN_BASIC,expired,2026-01-30,2026-01-02,Basic,299.0,low,30,0,low,low
u000685,2025-06-16,2,regular,mobile,paid_social,2026-01-30,0.49898550724637675,499.0,1,PLN_STD,cancelled,2025-07-17,2025-06-17,Standard,499.0,mid,228,0,low,mid
u000686,2025-11-22,1,regular,mobile,search,2026-01-30,12.80072463768116,299.0,1,PLN_BASIC,expired,2026-01-21,2025-11-22,Basic,299.0,low,69,0,medium,low
u000687,2025-08-15,2,regular,mobile,organic,2026-01-30,18.491488095238097,1497.0,3,PLN_STD,active,2026-01-30,2025-08-21,Standard,499.0,mid,168,0,high,mid
u000688,2025-10-01,2,value,mobile,paid_social,2026-01-30,9.919752066115702,897.0,3,PLN_BASIC,active,2026-01-30,2025-10-03,Basic,299.0,low,121,0,medium,low
u000689,2025-08-24,1,value,web,search,2026-01-30,6.013584905660377,1495.0,5,PLN_BASIC,active,2026-01-30,2025-08-29,Basic,299.0,low,159,0,low,low
u000690,2025-11-17,1,value,web,organic,2026-01-30,7.718533333333333,998.0,2,PLN_STD,cancelled,2026-01-17,2025-11-18,Standard,499.0,mid,74,0,low,mid
u000691,2026-01-10,1,value,mobile,search,2026-01-30,8.459523809523809,299.0,1,PLN_BASIC,cancelled,2026-01-30,2026-01-13,Basic,299.0,low,20,0,medium,low
u000692,2025-11-20,2,value,web,email,2026-01-30,8.404444444444444,998.0,2,PLN_STD,active,2026-01-30,2025-11-22,Standard,499.0,mid,71,0,medium,mid
u000693,2025-12-24,2,premium,web,paid_social,2026-01-30,25.423513513513512,499.0,1,PLN_STD,active,2026-01-30,2025-12-31,Standard,499.0,mid,37,0,high,mid
u000694,2025-12-28,1,premium,mobile,organic,2026-01-30,24.806176470588234,799.0,1,PLN_PREM,active,2026-01-30,2025-12-31,Premium,799.0,high,33,0,high,high
u000695,2025-05-27,3,value,web,paid_social,2026-01-30,4.775190476190476,1495.0,5,PLN_BASIC,cancelled,2025-10-31,2025-06-03,Basic,299.0,low,248,0,low,low
u000696,2025-07-07,3,regular,mobile,organic,2026-01-30,15.453463414634147,3995.0,5,PLN_PREM,expired,2026-01-10,2025-07-14,Premium,799.0,high,207,0,medium,high
u000697,2025-11-02,1,regular,mobile,search,2026-01-30,18.753,1598.0,2,PLN_PREM,active,2026-01-30,2025-11-07,Premium,799.0,high,89,0,high,high
u000698,2025-09-30,3,regular,mobile,search,2026-01-30,3.995983606557377,499.0,1,PLN_STD,cancelled,2025-11-04,2025-10-05,Standard,499.0,mid,122,0,low,mid
u000699,2025-05-17,1,regular,mobile,organic,2026-01-30,17.010628019323672,2392.0,8,PLN_BASIC,active,2026-01-30,2025-05-20,Basic,299.0,low,258,0,high,low
u000700,2025-05-28,3,value,mobile,search,2026-01-30,7.271435406698565,2093.0,7,PLN_BASIC,active,2026-01-30,2025-05-30,Basic,299.0,low,247,0,low,low
u000701,2025-09-12,3,regular,mobile,email,2026-01-30,19.064604316546763,3196.0,4,PLN_PREM,active,2026-01-30,2025-09-19,Premium,799.0,high,140,0,high,high
u000702,2025-10-06,1,premium,mobile,organic,2026-01-30,22.27256880733945,998.0,2,PLN_STD,active,2026-01-30,2025-10-06,Standard,499.0,mid,116,0,high,mid
u000703,2025-06-16,3,regular,web,referral,2026-01-30,17.45383495145631,1794.0,6,PLN_BASIC,active,2026-01-30,2025-06-16,Basic,299.0,low,228,0,high,low
u000704,2025-06-16,3,regular,mobile,paid_social,2026-01-30,4.082631578947368,998.0,2,PLN_STD,cancelled,2025-08-22,2025-06-23,Standard,499.0,mid,228,0,low,mid
u000705,2025-06-06,3,regular,mobile,search,2026-01-30,0.0,499.0,1,PLN_STD,cancelled,2025-07-08,2025-06-08,Standard,499.0,mid,238,0,low,mid
u000706,2025-09-23,3,value,web,organic,2026-01-30,2.2126153846153844,0.0,0,PLN_BASIC,expired,2025-10-26,2025-09-26,Basic,299.0,low,129,0,low,low
u000707,2025-05-06,2,value,web,organic,2026-01-30,4.537582938388625,1794.0,6,PLN_BASIC,cancelled,2025-11-03,2025-05-07,Basic,299.0,low,269,0,low,low
u000708,2025-09-25,1,regular,mobile,organic,2026-01-30,18.47421875,2397.0,3,PLN_PREM,active,2026-01-30,2025-09-27,Premium,799.0,high,127,0,high,high
u000709,2025-09-01,3,value,web,paid_social,2026-01-30,7.806466666666667,1196.0,4,PLN_BASIC,active,2026-01-30,2025-09-03,Basic,299.0,low,151,0,low,low
u000710,2025-08-29,2,regular,mobile,email,2026-01-30,14.790974025974025,2495.0,5,PLN_STD,active,2026-01-30,2025-09-02,Standard,499.0,mid,154,0,medium,mid
u000711,2025-10-22,2,regular,web,referral,2026-01-30,18.822400000000002,1497.0,3,PLN_STD,active,2026-01-30,2025-10-25,Standard,499.0,mid,100,0,high,mid
u000712,2025-09-13,2,regular,web,organic,2026-01-30,18.336861313868614,3196.0,4,PLN_PREM,active,2026-01-30,2025-09-16,Premium,799.0,high,139,0,high,high
u000713,2025-11-03,2,value,mobile,organic,2026-01-30,9.044044943820225,598.0,2,PLN_BASIC,active,2026-01-30,2025-11-06,Basic,299.0,low,88,0,medium,low
u000714,2025-11-12,1,premium,web,organic,2026-01-30,23.68,799.0,1,PLN_PREM,active,2026-01-30,2025-11-19,Premium,799.0,high,79,0,high,high
u000715,2025-12-21,2,value,web,email,2026-01-30,8.216829268292683,299.0,1,PLN_BASIC,active,2026-01-30,2025-12-25,Basic,299.0,low,40,0,low,low
u000716,2025-11-21,1,value,mobile,organic,2026-01-30,3.8321739130434787,299.0,1,PLN_BASIC,cancelled,2025-12-27,2025-11-27,Basic,299.0,low,70,0,low,low
u000717,2025-09-11,2,value,web,organic,2026-01-30,9.300070921985816,1497.0,3,PLN_STD,active,2026-01-30,2025-09-12,Standard,499.0,mid,141,0,medium,mid
u000718,2025-09-05,3,regular,web,paid_social,2026-01-30,14.990551724137932,1497.0,3,PLN_STD,active,2026-01-30,2025-09-05,Standard,499.0,mid,147,0,medium,mid
u000719,2025-07-03,2,premium,mobile,search,2026-01-30,24.846699507389165,2495.0,5,PLN_STD,expired,2026-01-29,2025-07-03,Standard,499.0,mid,211,0,high,mid
u000720,2025-10-02,2,value,mobile,organic,2026-01-30,8.631176470588235,897.0,3,PLN_BASIC,active,2026-01-30,2025-10-03,Basic,299.0,low,120,0,medium,low
u000721,2025-06-08,2,premium,mobile,paid_social,2026-01-30,28.465808080808078,5593.0,7,PLN_PREM,active,2026-01-30,2025-06-11,Premium,799.0,high,236,0,high,high
u000722,2025-12-24,3,value,web,organic,2026-01-30,8.302368421052632,0.0,0,PLN_BASIC,expired,2026-01-29,2025-12-30,Basic,299.0,low,37,0,low,low
u000723,2025-12-03,2,regular,web,organic,2026-01-30,16.316724137931036,499.0,1,PLN_STD,active,2026-01-30,2025-12-07,Standard,499.0,mid,58,0,medium,mid
u000724,2025-06-04,2,value,mobile,organic,2026-01-30,7.126146341463414,2093.0,7,PLN_BASIC,active,2026-01-30,2025-06-05,Basic,299.0,low,240,0,low,low
u000725,2025-11-18,1,regular,mobile,search,2026-01-30,15.697605633802816,598.0,2,PLN_BASIC,active,2026-01-30,2025-11-21,Basic,299.0,low,73,0,medium,low
u000726,2025-06-03,1,regular,web,email,2026-01-30,18.36875,1794.0,6,PLN_BASIC,active,2026-01-30,2025-06-09,Basic,299.0,low,241,0,high,low
u000727,2025-11-02,2,regular,mobile,search,2026-01-30,16.157954545454547,598.0,2,PLN_BASIC,active,2026-01-30,2025-11-03,Basic,299.0,low,89,0,medium,low
u000728,2025-05-27,3,value,web,paid_social,2026-01-30,6.4581904761904765,1794.0,6,PLN_BASIC,cancelled,2025-11-29,2025-06-02,Basic,299.0,low,248,0,low,low
u000729,2025-09-04,2,regular,mobile,organic,2026-01-30,17.278206896551726,1497.0,3,PLN_STD,active,2026-01-30,2025-09-07,Standard,499.0,mid,148,0,high,mid
u000730,2025-10-17,1,premium,mobile,paid_social,2026-01-30,25.769789473684213,2397.0,3,PLN_PREM,active,2026-01-30,2025-10-21,Premium,799.0,high,105,0,high,high
u000731,2025-11-03,3,regular,mobile,email,2026-01-30,9.645454545454545,598.0,2,PLN_BASIC,cancelled,2026-01-08,2025-11-09,Basic,299.0,low,88,0,medium,low
u000732,2025-08-18,2,regular,mobile,search,2026-01-30,17.529146341463417,2495.0,5,PLN_STD,active,2026-01-30,2025-08-22,Standard,499.0,mid,165,0,high,mid
u000733,2025-12-22,3,regular,web,email,2026-01-30,25.169249999999998,299.0,1,PLN_BASIC,active,2026-01-30,2025-12-28,Basic,299.0,low,39,0,high,low
u000734,2025-11-15,1,value,mobile,paid_social,2026-01-30,11.828933333333334,998.0,2,PLN_STD,active,2026-01-30,2025-11-22,Standard,499.0,mid,76,0,medium,mid
u000735,2025-06-26,2,premium,web,paid_social,2026-01-30,26.294731707317073,5593.0,7,PLN_PREM,active,2026-01-30,2025-06-27,Premium,799.0,high,218,0,high,high
u000736,2025-10-20,3,value,mobile,organic,2026-01-30,4.2354,598.0,2,PLN_BASIC,cancelled,2025-12-24,2025-10-25,Basic,299.0,low,102,0,low,low
u000737,2025-11-04,2,regular,mobile,paid_social,2026-01-30,19.735632183908045,998.0,2,PLN_STD,active,2026-01-30,2025-11-04,Standard,499.0,mid,87,0,high,mid
u000738,2025-07-27,2,value,web,search,2026-01-30,6.735828877005347,897.0,3,PLN_BASIC,cancelled,2025-11-29,2025-08-01,Basic,299.0,low,187,0,low,low
u000739,2025-11-06,3,value,web,email,2026-01-30,7.476705882352941,598.0,2,PLN_BASIC,active,2026-01-30,2025-11-11,Basic,299.0,low,85,0,low,low
u000740,2025-12-16,1,regular,web,email,2026-01-30,16.489565217391306,299.0,1,PLN_BASIC,active,2026-01-30,2025-12-18,Basic,299.0,low,45,0,high,low
u000741,2025-11-26,1,regular,web,search,2026-01-30,17.783030303030305,499.0,1,PLN_STD,active,2026-01-30,2025-12-02,Standard,499.0,mid,65,0,high,mid
u000742,2025-11-12,2,premium,web,email,2026-01-30,25.48679487179487,799.0,1,PLN_PREM,active,2026-01-30,2025-11-17,Premium,799.0,high,79,0,high,high
u000743,2025-10-11,2,premium,mobile,referral,2026-01-30,4.218999999999999,499.0,1,PLN_STD,cancelled,2025-11-11,2025-10-12,Standard,499.0,mid,111,0,low,mid
u000744,2025-07-11,1,value,web,paid_social,2026-01-30,8.18055,1794.0,6,PLN_BASIC,active,2026-01-30,2025-07-17,Basic,299.0,low,203,0,low,low
u000745,2025-11-20,2,value,mobile,organic,2026-01-30,6.246142857142857,299.0,1,PLN_BASIC,expired,2026-01-25,2025-11-26,Basic,299.0,low,71,0,low,low
u000746,2025-08-04,3,value,mobile,organic,2026-01-30,9.260333333333334,1495.0,5,PLN_BASIC,active,2026-01-30,2025-08-04,Basic,299.0,low,179,0,medium,low
u000747,2025-09-15,2,regular,mobile,organic,2026-01-30,13.941818181818181,1497.0,3,PLN_STD,cancelled,2026-01-13,2025-09-15,Standard,499.0,mid,137,0,medium,mid
u000748,2025-07-22,2,regular,web,organic,2026-01-30,16.398157894736844,2994.0,6,PLN_STD,active,2026-01-30,2025-07-29,Standard,499.0,mid,192,0,high,mid
u000749,2025-07-22,3,premium,mobile,email,2026-01-30,25.64895604395604,3995.0,5,PLN_PREM,active,2026-01-30,2025-07-22,Premium,799.0,high,192,0,high,high
u000750,2025-06-13,2,regular,mobile,organic,2026-01-30,14.145192307692307,3995.0,5,PLN_PREM,cancelled,2025-12-17,2025-06-20,Premium,799.0,high,231,0,medium,high
u000751,2026-01-01,3,value,mobile,paid_social,2026-01-30,7.557666666666666,299.0,1,PLN_BASIC,active,2026-01-30,2026-01-06,Basic,299.0,low,29,0,low,low
u000752,2025-06-11,2,regular,mobile,paid_social,2026-01-30,16.671913875598086,5593.0,7,PLN_PREM,active,2026-01-30,2025-06-11,Premium,799.0,high,233,0,high,high
u000753,2025-05-26,3,regular,mobile,paid_social,2026-01-30,3.666794258373206,299.0,1,PLN_BASIC,expired,2025-08-26,2025-05-28,Basic,299.0,low,249,0,low,low
u000754,2025-12-25,2,regular,web,organic,2026-01-30,18.247567567567568,299.0,1,PLN_BASIC,active,2026-01-30,2025-12-27,Basic,299.0,low,36,0,high,low
u000755,2025-09-21,1,value,mobile,search,2026-01-30,8.305757575757577,897.0,3,PLN_BASIC,active,2026-01-30,2025-09-28,Basic,299.0,low,131,0,low,low
u000756,2025-08-22,3,regular,web,paid_social,2026-01-30,17.25127388535032,3995.0,5,PLN_PREM,active,2026-01-30,2025-08-26,Premium,799.0,high,161,0,high,high
u000757,2025-11-06,2,regular,mobile,search,2026-01-30,5.932409638554216,299.0,1,PLN_BASIC,cancelled,2025-12-12,2025-11-12,Basic,299.0,low,85,0,low,low
u000758,2025-08-09,1,value,web,organic,2026-01-30,9.496589595375722,1495.0,5,PLN_BASIC,active,2026-01-30,2025-08-16,Basic,299.0,low,174,0,medium,low
u000759,2025-06-06,1,regular,web,paid_social,2026-01-30,17.49415458937198,2093.0,7,PLN_BASIC,active,2026-01-30,2025-06-11,Basic,299.0,low,238,0,high,low
u000760,2025-11-04,2,value,web,organic,2026-01-30,0.9727586206896551,0.0,0,PLN_STD,expired,2025-12-04,2025-11-04,Standard,499.0,mid,87,0,low,mid
u000761,2025-06-18,1,regular,web,paid_social,2026-01-30,16.85918269230769,2994.0,6,PLN_STD,active,2026-01-30,2025-06-21,Standard,499.0,mid,226,0,high,mid
u000762,2025-09-20,2,regular,mobile,search,2026-01-30,17.058167938931298,1497.0,3,PLN_STD,active,2026-01-30,2025-09-24,Standard,499.0,mid,132,0,high,mid
u000763,2025-12-29,1,premium,web,organic,2026-01-30,21.223,799.0,1,PLN_PREM,active,2026-01-30,2026-01-01,Premium,799.0,high,32,0,high,high
u000764,2025-12-25,2,value,mobile,referral,2026-01-30,7.768333333333334,299.0,1,PLN_BASIC,active,2026-01-30,2025-12-27,Basic,299.0,low,36,0,low,low
u000765,2025-08-03,2,value,web,organic,2026-01-30,7.916927374301675,1495.0,5,PLN_BASIC,active,2026-01-30,2025-08-08,Basic,299.0,low,180,0,low,low
u000766,2025-11-16,2,value,mobile,email,2026-01-30,11.54078947368421,598.0,2,PLN_BASIC,active,2026-01-30,2025-11-20,Basic,299.0,low,75,0,medium,low
u000767,2025-10-05,2,regular,web,referral,2026-01-30,8.989224137931034,998.0,2,PLN_STD,cancelled,2025-12-05,2025-10-06,Standard,499.0,mid,117,0,medium,mid
u000768,2025-09-02,1,value,web,search,2026-01-30,8.630662251655629,1196.0,4,PLN_BASIC,active,2026-01-30,2025-09-07,Basic,299.0,low,150,0,medium,low
u000769,2025-06-09,2,regular,web,organic,2026-01-30,15.672631578947367,2994.0,6,PLN_STD,active,2026-01-30,2025-06-16,Standard,499.0,mid,235,0,medium,mid
u000770,2025-08-07,2,value,mobile,organic,2026-01-30,8.455257142857143,1495.0,5,PLN_BASIC,active,2026-01-30,2025-08-09,Basic,299.0,low,176,0,medium,low
u000771,2025-10-15,2,value,mobile,email,2026-01-30,7.250093457943925,598.0,2,PLN_BASIC,active,2026-01-30,2025-10-16,Basic,299.0,low,107,0,low,low
u000772,2026-01-07,1,regular,mobile,paid_social,2026-01-30,14.270000000000001,0.0,0,PLN_BASIC,cancelled,2026-01-30,2026-01-07,Basic,299.0,low,23,0,medium,low
u000773,2025-05-06,1,regular,web,organic,2026-01-30,16.408349514563106,5593.0,7,PLN_PREM,active,2026-01-30,2025-05-06,Premium,799.0,high,269,0,high,high
u000774,2025-11-01,1,premium,web,search,2026-01-30,30.279659090909092,998.0,2,PLN_STD,active,2026-01-30,2025-11-08,Standard,499.0,mid,90,0,high,mid
u000775,2025-12-03,2,regular,web,organic,2026-01-30,14.726949152542373,499.0,1,PLN_STD,active,2026-01-30,2025-12-10,Standard,499.0,mid,58,0,medium,mid
u000776,2025-12-29,2,regular,web,search,2026-01-30,17.93,0.0,0,PLN_PREM,expired,2026-01-29,2025-12-30,Premium,799.0,high,32,0,high,high
u000777,2025-08-19,3,regular,mobile,search,2026-01-30,18.354876543209876,1495.0,5,PLN_BASIC,active,2026-01-30,2025-08-20,Basic,299.0,low,164,0,high,low
u000778,2025-06-03,2,regular,web,organic,2026-01-30,15.90610576923077,3493.0,7,PLN_STD,active,2026-01-30,2025-06-07,Standard,499.0,mid,241,0,medium,mid
u000779,2025-07-12,2,value,mobile,referral,2026-01-30,2.1781407035175877,499.0,1,PLN_STD,expired,2025-09-14,2025-07-16,Standard,499.0,mid,202,0,low,mid
u000780,2025-12-04,2,regular,mobile,organic,2026-01-30,16.80543859649123,299.0,1,PLN_BASIC,active,2026-01-30,2025-12-08,Basic,299.0,low,57,0,high,low
u000781,2025-12-11,1,regular,web,search,2026-01-30,17.056862745098037,499.0,1,PLN_STD,active,2026-01-30,2025-12-18,Standard,499.0,mid,50,0,high,mid
u000782,2025-10-11,2,value,web,paid_social,2026-01-30,3.888918918918919,998.0,2,PLN_STD,cancelled,2025-12-11,2025-10-12,Standard,499.0,mid,111,0,low,mid
u000783,2025-06-04,2,regular,web,email,2026-01-30,17.414878048780487,2093.0,7,PLN_BASIC,active,2026-01-30,2025-06-05,Basic,299.0,low,240,0,high,low
u000784,2025-06-04,2,regular,web,search,2026-01-30,3.6647342995169083,897.0,3,PLN_BASIC,cancelled,2025-09-04,2025-06-06,Basic,299.0,low,240,0,low,low
u000785,2025-09-02,1,regular,web,email,2026-01-30,15.909109589041096,1495.0,5,PLN_BASIC,active,2026-01-30,2025-09-02,Basic,299.0,low,150,0,medium,low
u000786,2025-09-29,3,value,mobile,search,2026-01-30,6.813739837398375,1196.0,4,PLN_BASIC,active,2026-01-30,2025-09-30,Basic,299.0,low,123,0,low,low
u000787,2025-05-13,3,regular,web,referral,2026-01-30,15.00033816425121,2392.0,8,PLN_BASIC,active,2026-01-30,2025-05-20,Basic,299.0,low,262,0,medium,low
u000788,2025-10-24,1,premium,mobile,organic,2026-01-30,26.769255319148936,1497.0,3,PLN_STD,active,2026-01-30,2025-10-27,Standard,499.0,mid,98,0,high,mid
u000789,2025-09-18,2,value,mobile,paid_social,2026-01-30,3.2857142857142856,299.0,1,PLN_BASIC,expired,2025-11-23,2025-09-24,Basic,299.0,low,134,0,low,low
u000790,2025-05-08,3,value,mobile,organic,2026-01-30,2.7526315789473683,1495.0,5,PLN_BASIC,cancelled,2025-10-12,2025-05-15,Basic,299.0,low,267,0,low,low
u000791,2025-05-29,2,value,mobile,email,2026-01-30,8.153543689320388,3992.0,8,PLN_STD,active,2026-01-30,2025-06-02,Standard,499.0,mid,246,0,low,mid
u000792,2025-08-27,3,value,web,email,2026-01-30,9.662451612903226,2495.0,5,PLN_STD,active,2026-01-30,2025-08-31,Standard,499.0,mid,156,0,medium,mid
u000793,2025-11-02,2,premium,web,search,2026-01-30,24.725813953488373,1598.0,2,PLN_PREM,active,2026-01-30,2025-11-04,Premium,799.0,high,89,0,high,high
u000794,2025-11-28,3,regular,web,search,2026-01-30,17.50774193548387,499.0,1,PLN_STD,active,2026-01-30,2025-12-02,Standard,499.0,mid,63,0,high,mid
u000795,2025-08-21,3,value,mobile,paid_social,2026-01-30,2.6671428571428573,299.0,1,PLN_BASIC,expired,2025-10-27,2025-08-28,Basic,299.0,low,162,0,low,low
u000796,2025-07-18,1,value,mobile,organic,2026-01-30,10.23805030814853,1794.0,6,PLN_BASIC,active,2026-01-30,2025-07-22,Basic,299.0,low,196,0,medium,low
u000797,2026-01-03,2,premium,web,paid_social,2026-01-30,34.477037037037036,799.0,1,PLN_PREM,active,2026-01-30,2026-01-09,Premium,799.0,high,27,0,high,high
u000798,2025-08-28,2,value,web,paid_social,2026-01-30,4.192129032258064,598.0,2,PLN_BASIC,cancelled,2025-10-27,2025-08-28,Basic,299.0,low,155,0,low,low
u000799,2025-07-23,1,regular,web,search,2026-01-30,16.410212765957446,1794.0,6,PLN_BASIC,active,2026-01-30,2025-07-30,Basic,299.0,low,191,0,high,low
u000800,2025-08-24,2,value,web,organic,2026-01-30,6.9263522012578616,1495.0,5,PLN_BASIC,cancelled,2026-01-25,2025-08-28,Basic,299.0,low,159,0,low,low
u000801,2025-05-08,3,value,mobile,email,2026-01-30,0.05205741626794259,598.0,2,PLN_BASIC,cancelled,2025-07-11,2025-05-12,Basic,299.0,low,267,0,low,low
u000802,2025-07-19,1,regular,web,organic,2026-01-30,14.1025,1794.0,6,PLN_BASIC,active,2026-01-30,2025-07-20,Basic,299.0,low,195,0,medium,low
u000803,2025-09-11,2,value,web,paid_social,2026-01-30,5.847428571428571,1196.0,4,PLN_BASIC,cancelled,2026-01-09,2025-09-11,Basic,299.0,low,141,0,low,low
u000804,2025-12-21,3,regular,web,organic,2026-01-30,19.062631578947368,299.0,1,PLN_BASIC,active,2026-01-30,2025-12-25,Basic,299.0,low,40,0,high,low
u000805,2025-11-06,2,value,web,organic,2026-01-30,5.792738095238096,598.0,2,PLN_BASIC,active,2026-01-30,2025-11-10,Basic,299.0,low,85,0,low,low
u000806,2025-11-17,2,regular,web,organic,2026-01-30,12.839864864864865,299.0,1,PLN_BASIC,expired,2026-01-19,2025-11-20,Basic,299.0,low,74,0,medium,low
u000807,2025-09-18,3,regular,mobile,search,2026-01-30,14.798,1497.0,3,PLN_STD,active,2026-01-30,2025-09-22,Standard,499.0,mid,134,0,medium,mid
u000808,2025-06-01,2,regular,web,paid_social,2026-01-30,15.488737864077669,2093.0,7,PLN_BASIC,active,2026-01-30,2025-06-01,Basic,299.0,low,243,0,medium,low
u000809,2025-08-11,1,value,mobile,search,2026-01-30,4.632165229523605,897.0,3,PLN_BASIC,cancelled,2025-12-14,2025-08-16,Basic,299.0,low,172,0,low,low
u000810,2026-01-10,1,regular,web,paid_social,2026-01-30,16.274285714285714,499.0,1,PLN_STD,active,2026-01-30,2026-01-15,Standard,499.0,mid,20,0,medium,mid
u000811,2025-05-16,3,premium,web,paid_social,2026-01-30,26.626666666666665,5593.0,7,PLN_PREM,active,2026-01-30,2025-05-21,Premium,799.0,high,259,0,high,high
u000812,2025-12-11,2,value,web,organic,2026-01-30,4.8222,299.0,1,PLN_BASIC,active,2026-01-30,2025-12-17,Basic,299.0,low,50,0,low,low
u000813,2025-10-23,2,value,web,organic,2026-01-30,6.956868686868687,897.0,3,PLN_BASIC,active,2026-01-30,2025-10-23,Basic,299.0,low,99,0,low,low
u000814,2025-07-15,1,regular,web,paid_social,2026-01-30,19.736428571428572,2994.0,6,PLN_STD,active,2026-01-30,2025-07-20,Standard,499.0,mid,199,0,high,mid
u000815,2025-11-16,2,value,unknown,paid_social,2026-01-30,8.387972972972973,998.0,2,PLN_STD,active,2026-01-30,2025-11-22,Standard,499.0,mid,75,0,medium,mid
u000816,2025-12-01,3,regular,mobile,search,2026-01-30,13.598305084745762,499.0,1,PLN_STD,active,2026-01-30,2025-12-03,Standard,499.0,mid,60,0,medium,mid
u000817,2025-05-15,2,regular,mobile,organic,2026-01-30,15.656634146341464,3992.0,8,PLN_STD,active,2026-01-30,2025-05-22,Standard,499.0,mid,260,0,medium,mid
u000818,2025-05-31,3,value,mobile,referral,2026-01-30,9.241196172248804,1794.0,6,PLN_BASIC,active,2026-01-30,2025-06-07,Basic,299.0,low,244,0,medium,low
u000819,2025-10-19,2,regular,web,organic,2026-01-30,18.53747572815534,2397.0,3,PLN_PREM,active,2026-01-30,2025-10-24,Premium,799.0,high,103,0,high,high
u000820,2026-01-10,2,regular,mobile,paid_social,2026-01-30,12.965,499.0,1,PLN_STD,active,2026-01-30,2026-01-16,Standard,499.0,mid,20,0,medium,mid
u000821,2025-05-11,3,value,mobile,organic,2026-01-30,7.885853658536585,2392.0,8,PLN_BASIC,active,2026-01-30,2025-05-12,Basic,299.0,low,264,0,low,low
u000822,2025-10-19,2,premium,web,paid_social,2026-01-30,20.897326732673267,2397.0,3,PLN_PREM,active,2026-01-30,2025-10-25,Premium,799.0,high,103,0,high,high
u000823,2025-06-08,2,value,web,search,2026-01-30,8.02798076923077,3493.0,7,PLN_STD,active,2026-01-30,2025-06-08,Standard,499.0,mid,236,0,low,mid
u000824,2025-10-15,3,value,web,paid_social,2026-01-30,8.86188679245283,897.0,3,PLN_BASIC,active,2026-01-30,2025-10-21,Basic,299.0,low,107,0,medium,low
u000825,2025-10-08,2,regular,mobile,organic,2026-01-30,17.966902654867255,998.0,2,PLN_STD,active,2026-01-30,2025-10-09,Standard,499.0,mid,114,0,high,mid
u000826,2025-05-27,2,value,web,search,2026-01-30,9.41816425120773,2093.0,7,PLN_BASIC,active,2026-01-30,2025-05-30,Basic,299.0,low,248,0,medium,low
u000827,2025-10-22,3,regular,web,organic,2026-01-30,16.2147,1497.0,3,PLN_STD,active,2026-01-30,2025-10-24,Standard,499.0,mid,100,0,medium,mid
u000828,2025-12-16,1,value,mobile,paid_social,2026-01-30,6.9375,299.0,1,PLN_BASIC,active,2026-01-30,2025-12-22,Basic,299.0,low,45,0,low,low
u000829,2025-12-07,2,regular,web,organic,2026-01-29,13.459038461538462,799.0,1,PLN_PREM,active,2026-01-30,2025-12-09,Premium,799.0,high,54,0,medium,high
u000830,2025-05-12,1,value,mobile,organic,2026-01-30,9.512463768115941,2392.0,8,PLN_BASIC,active,2026-01-30,2025-05-18,Basic,299.0,low,263,0,medium,low
u000831,2025-07-05,2,regular,mobile,paid_social,2026-01-30,16.14370192307692,2495.0,5,PLN_STD,active,2026-01-30,2025-07-09,Standard,499.0,mid,209,0,medium,mid
u000832,2025-07-04,1,regular,mobile,organic,2026-01-30,19.805144230769233,2994.0,6,PLN_STD,active,2026-01-30,2025-07-06,Standard,499.0,mid,210,0,high,mid
u000833,2025-08-26,2,regular,mobile,organic,2026-01-30,17.68076433121019,2495.0,5,PLN_STD,active,2026-01-30,2025-08-27,Standard,499.0,mid,157,0,high,mid
u000834,2025-06-09,1,premium,web,referral,2026-01-30,25.545223880597014,5593.0,7,PLN_PREM,active,2026-01-30,2025-06-13,Premium,799.0,high,235,0,high,high
u000835,2025-12-05,2,regular,mobile,referral,2026-01-30,14.400350877192981,499.0,1,PLN_STD,active,2026-01-30,2025-12-05,Standard,499.0,mid,56,0,medium,mid
u000836,2025-11-15,2,regular,mobile,referral,2026-01-30,16.145657894736843,598.0,2,PLN_BASIC,active,2026-01-30,2025-11-16,Basic,299.0,low,76,0,medium,low
u000837,2025-11-23,2,regular,mobile,organic,2026-01-30,17.08764705882353,998.0,2,PLN_STD,active,2026-01-30,2025-11-24,Standard,499.0,mid,68,0,high,mid
u000838,2025-06-23,2,premium,web,search,2026-01-30,29.249000000000002,3493.0,7,PLN_STD,active,2026-01-30,2025-06-25,Standard,499.0,mid,221,0,high,mid
u000839,2025-05-08,2,regular,web,paid_social,2026-01-30,14.154019607843138,2994.0,6,PLN_STD,cancelled,2025-12-09,2025-05-13,Standard,499.0,mid,267,0,medium,mid
u000840,2025-12-19,2,premium,web,organic,2026-01-30,26.761052631578945,799.0,1,PLN_PREM,active,2026-01-30,2025-12-19,Premium,799.0,high,42,0,high,high
u000841,2025-07-16,2,value,web,paid_social,2026-01-30,9.286565656565656,1794.0,6,PLN_BASIC,active,2026-01-30,2025-07-18,Basic,299.0,low,198,0,medium,low
u000842,2025-10-16,3,regular,mobile,organic,2026-01-30,3.119134615384615,499.0,1,PLN_STD,cancelled,2025-11-18,2025-10-19,Standard,499.0,mid,106,0,low,mid
u000843,2025-12-19,2,regular,mobile,email,2026-01-30,12.037906976744186,0.0,0,PLN_PREM,expired,2026-01-22,2025-12-23,Premium,799.0,high,42,0,medium,high
u000844,2025-05-14,1,value,mobile,paid_social,2026-01-30,10.001062801932367,2392.0,8,PLN_BASIC,active,2026-01-30,2025-05-16,Basic,299.0,low,261,0,medium,low
u000845,2025-05-06,3,value,mobile,search,2026-01-30,8.34855072463768,3992.0,8,PLN_STD,active,2026-01-30,2025-05-11,Standard,499.0,mid,269,0,low,mid
u000846,2025-05-06,2,premium,web,search,2026-01-30,25.83283582089552,6392.0,8,PLN_PREM,active,2026-01-30,2025-05-12,Premium,799.0,high,269,0,high,high
u000847,2025-06-13,1,regular,web,organic,2026-01-30,15.601633663366336,5593.0,7,PLN_PREM,active,2026-01-30,2025-06-15,Premium,799.0,high,231,0,medium,high
u000848,2025-05-17,2,value,web,search,2026-01-30,6.374641148325359,2093.0,7,PLN_BASIC,cancelled,2025-12-13,2025-05-17,Basic,299.0,low,258,0,low,low
u000849,2025-11-26,1,value,web,paid_social,2026-01-30,10.580967741935483,598.0,2,PLN_BASIC,active,2026-01-30,2025-11-28,Basic,299.0,low,65,0,medium,low
u000850,2025-10-04,1,regular,web,search,2026-01-30,4.7656302521008405,299.0,1,PLN_BASIC,cancelled,2025-11-10,2025-10-11,Basic,299.0,low,118,0,low,low
u000851,2026-01-05,2,regular,web,search,2026-01-30,14.408846153846154,499.0,1,PLN_STD,active,2026-01-30,2026-01-11,Standard,499.0,mid,25,0,medium,mid
u000852,2025-11-22,1,premium,web,organic,2026-01-30,25.629846153846156,1598.0,2,PLN_PREM,active,2026-01-30,2025-11-27,Premium,799.0,high,69,0,high,high
u000853,2026-01-01,3,premium,mobile,paid_social,2026-01-30,25.68035714285714,799.0,1,PLN_PREM,cancelled,2026-01-30,2026-01-03,Premium,799.0,high,29,0,high,high
u000854,2025-07-03,3,regular,web,search,2026-01-30,16.17581730769231,2994.0,6,PLN_STD,active,2026-01-30,2025-07-08,Standard,499.0,mid,211,0,medium,mid
u000855,2025-07-16,2,regular,web,organic,2026-01-30,10.836192893401016,1196.0,4,PLN_BASIC,expired,2025-12-16,2025-07-19,Basic,299.0,low,198,0,medium,low
u000856,2025-12-04,2,value,web,email,2026-01-30,7.062631578947368,299.0,1,PLN_BASIC,active,2026-01-30,2025-12-10,Basic,299.0,low,57,0,low,low
u000857,2025-07-05,2,premium,mobile,search,2026-01-30,24.02309644670051,2495.0,5,PLN_STD,active,2026-01-30,2025-07-08,Standard,499.0,mid,209,0,high,mid
u000858,2025-05-19,3,value,mobile,search,2026-01-30,7.948851674641148,2093.0,7,PLN_BASIC,active,2026-01-30,2025-05-19,Basic,299.0,low,256,0,low,low
u000859,2025-10-19,2,value,web,email,2026-01-30,7.633557692307692,897.0,3,PLN_BASIC,active,2026-01-30,2025-10-23,Basic,299.0,low,103,0,low,low
u000860,2025-11-22,1,premium,web,search,2026-01-30,23.673125,1598.0,2,PLN_PREM,active,2026-01-30,2025-11-22,Premium,799.0,high,69,0,high,high
u000861,2026-01-03,2,premium,mobile,email,2026-01-30,24.245555555555555,799.0,1,PLN_PREM,active,2026-01-30,2026-01-06,Premium,799.0,high,27,0,high,high
u000862,2025-12-23,2,value,mobile,paid_social,2026-01-30,6.265641025641026,299.0,1,PLN_BASIC,active,2026-01-30,2025-12-27,Basic,299.0,low,38,0,low,low
u000863,2025-06-04,1,regular,mobile,paid_social,2026-01-30,15.216231884057972,3493.0,7,PLN_STD,cancelled,2025-12-31,2025-06-04,Standard,499.0,mid,240,0,medium,mid
u000864,2025-11-14,2,regular,web,organic,2026-01-30,17.852666666666668,998.0,2,PLN_STD,active,2026-01-30,2025-11-17,Standard,499.0,mid,77,0,high,mid
u000865,2025-12-03,1,value,mobile,organic,2026-01-30,3.378983050847457,299.0,1,PLN_BASIC,cancelled,2026-01-09,2025-12-10,Basic,299.0,low,58,0,low,low
u000866,2025-10-27,3,value,mobile,search,2026-01-30,2.4445833333333336,499.0,1,PLN_STD,cancelled,2025-11-28,2025-10-29,Standard,499.0,mid,95,0,low,mid
u000867,2025-11-26,2,value,web,organic,2026-01-30,7.315538461538462,598.0,2,PLN_BASIC,active,2026-01-30,2025-12-01,Basic,299.0,low,65,0,low,low
u000868,2025-12-01,1,regular,mobile,organic,2026-01-30,12.487049180327869,499.0,1,PLN_STD,active,2026-01-30,2025-12-03,Standard,499.0,mid,60,0,medium,mid
u000869,2025-08-25,1,regular,web,paid_social,2026-01-30,11.15235668789809,2397.0,3,PLN_PREM,expired,2025-12-25,2025-08-27,Premium,799.0,high,158,0,medium,high
u000870,2025-05-15,1,regular,mobile,paid_social,2026-01-30,15.352898550724639,6392.0,8,PLN_PREM,active,2026-01-30,2025-05-18,Premium,799.0,high,260,0,medium,high
u000871,2025-08-27,2,value,web,organic,2026-01-30,9.128193548387095,1196.0,4,PLN_BASIC,active,2026-01-30,2025-09-03,Basic,299.0,low,156,0,medium,low
u000872,2025-06-24,1,premium,web,paid_social,2026-01-30,29.118223350253807,4794.0,6,PLN_PREM,active,2026-01-30,2025-06-27,Premium,799.0,high,220,0,high,high
u000873,2025-06-02,2,regular,mobile,email,2026-01-30,16.85334928229665,3992.0,8,PLN_STD,active,2026-01-30,2025-06-04,Standard,499.0,mid,242,0,high,mid
u000874,2025-06-05,1,premium,mobile,paid_social,2026-01-30,24.133384615384617,4794.0,6,PLN_PREM,active,2026-01-30,2025-06-09,Premium,799.0,high,239,0,high,high
u000875,2025-10-27,2,value,web,referral,2026-01-30,8.48537634408602,897.0,3,PLN_BASIC,active,2026-01-30,2025-11-01,Basic,299.0,low,95,0,medium,low
u000876,2025-09-08,2,regular,mobile,paid_social,2026-01-30,15.115281690140844,1996.0,4,PLN_STD,active,2026-01-30,2025-09-12,Standard,499.0,mid,144,0,medium,mid
u000877,2025-09-17,2,regular,web,organic,2026-01-30,16.25686567164179,1996.0,4,PLN_STD,active,2026-01-30,2025-09-20,Standard,499.0,mid,135,0,medium,mid
u000878,2025-11-08,2,value,web,search,2026-01-30,2.967738095238095,299.0,1,PLN_BASIC,expired,2026-01-08,2025-11-09,Basic,299.0,low,83,0,low,low
u000879,2025-09-19,1,value,mobile,email,2026-01-30,7.583863636363636,1196.0,4,PLN_BASIC,active,2026-01-30,2025-09-25,Basic,299.0,low,133,0,low,low
u000880,2025-10-10,1,value,web,paid_social,2026-01-30,5.722321428571428,598.0,2,PLN_BASIC,active,2026-01-30,2025-10-10,Basic,299.0,low,112,0,low,low
u000881,2025-05-26,1,value,web,referral,2026-01-30,7.444066985645933,3992.0,8,PLN_STD,active,2026-01-30,2025-05-29,Standard,499.0,mid,249,0,low,mid
u000882,2025-12-04,3,regular,unknown,email,2026-01-30,17.184035087719298,799.0,1,PLN_PREM,active,2026-01-30,2025-12-08,Premium,799.0,high,57,0,high,high
u000883,2025-08-25,3,value,web,organic,2026-01-30,4.325886075949367,299.0,1,PLN_BASIC,expired,2025-10-31,2025-09-01,Basic,299.0,low,158,0,low,low
u000884,2025-06-12,3,value,web,organic,2026-01-30,8.084354066985647,2093.0,7,PLN_BASIC,active,2026-01-30,2025-06-16,Basic,299.0,low,232,0,low,low
u000885,2025-11-25,2,regular,web,paid_social,2026-01-30,19.256567164179106,998.0,2,PLN_STD,active,2026-01-30,2025-12-01,Standard,499.0,mid,66,0,high,mid
u000886,2025-11-05,2,value,mobile,organic,2026-01-30,8.463333333333335,998.0,2,PLN_STD,active,2026-01-30,2025-11-08,Standard,499.0,mid,86,0,medium,mid
u000887,2025-05-18,2,value,web,search,2026-01-30,7.554761904761905,2392.0,8,PLN_BASIC,active,2026-01-30,2025-05-21,Basic,299.0,low,257,0,low,low
u000888,2025-06-22,3,regular,web,referral,2026-01-30,16.44790243902439,5593.0,7,PLN_PREM,active,2026-01-30,2025-06-28,Premium,799.0,high,222,0,high,high
u000889,2025-05-08,3,value,mobile,paid_social,2026-01-30,0.0,0.0,0,PLN_BASIC,expired,2025-06-13,2025-05-14,Basic,299.0,low,267,0,low,low
u000890,2025-07-11,3,value,web,organic,2026-01-30,7.991791044776119,2994.0,6,PLN_STD,cancelled,2026-01-07,2025-07-11,Standard,499.0,mid,203,0,low,mid
u000891,2025-05-30,3,value,web,paid_social,2026-01-30,8.972511848341233,3992.0,8,PLN_STD,active,2026-01-30,2025-05-31,Standard,499.0,mid,245,0,medium,mid
u000892,2025-10-30,2,value,mobile,organic,2026-01-30,6.724086021505377,998.0,2,PLN_STD,active,2026-01-30,2025-11-05,Standard,499.0,mid,92,0,low,mid
u000893,2025-09-13,3,regular,mobile,referral,2026-01-30,16.067898550724635,1996.0,4,PLN_STD,active,2026-01-30,2025-09-19,Standard,499.0,mid,139,0,medium,mid
u000894,2026-01-06,3,value,web,organic,2026-01-30,11.1952,0.0,0,PLN_STD,expired,2026-01-30,2026-01-07,Standard,499.0,mid,24,0,medium,mid
u000895,2025-11-09,2,value,mobile,referral,2026-01-30,8.487469879518073,598.0,2,PLN_BASIC,active,2026-01-30,2025-11-13,Basic,299.0,low,82,0,medium,low
u000896,2025-10-05,3,premium,mobile,search,2026-01-30,23.333771929824564,2397.0,3,PLN_PREM,active,2026-01-30,2025-10-12,Premium,799.0,high,117,0,high,high
u000897,2025-09-09,1,premium,web,search,2026-01-30,27.804817518248175,3196.0,4,PLN_PREM,active,2026-01-30,2025-09-12,Premium,799.0,high,143,0,high,high
u000898,2025-05-18,3,value,mobile,search,2026-01-30,9.519809523809524,3992.0,8,PLN_STD,active,2026-01-30,2025-05-23,Standard,499.0,mid,257,0,medium,mid
u000899,2025-05-22,3,value,mobile,organic,2026-01-30,8.491435406698566,2093.0,7,PLN_BASIC,active,2026-01-30,2025-05-24,Basic,299.0,low,253,0,medium,low
u000900,2025-10-06,1,regular,mobile,search,2026-01-30,17.755350877192985,897.0,3,PLN_BASIC,active,2026-01-30,2025-10-06,Basic,299.0,low,116,0,high,low
u000901,2025-05-06,2,regular,mobile,referral,2026-01-30,15.534243902439025,2392.0,8,PLN_BASIC,active,2026-01-30,2025-05-09,Basic,299.0,low,269,0,medium,low
u000902,2025-05-15,1,regular,mobile,referral,2026-01-30,16.56111111111111,5593.0,7,PLN_PREM,active,2026-01-30,2025-05-22,Premium,799.0,high,260,0,high,high
u000903,2025-06-29,3,value,mobile,organic,2026-01-30,8.346076555023924,2093.0,7,PLN_BASIC,active,2026-01-30,2025-06-30,Basic,299.0,low,215,0,low,low
u000904,2025-12-12,3,value,mobile,paid_social,2026-01-30,5.5325999999999995,499.0,1,PLN_STD,active,2026-01-30,2025-12-18,Standard,499.0,mid,49,0,low,mid
u000905,2025-08-28,2,regular,mobile,referral,2026-01-30,16.395394736842103,1495.0,5,PLN_BASIC,active,2026-01-30,2025-08-29,Basic,299.0,low,155,0,high,low
u000906,2025-10-30,3,premium,mobile,referral,2026-01-29,25.150111111111112,998.0,2,PLN_STD,active,2026-01-30,2025-11-06,Standard,499.0,mid,92,0,high,mid
u000907,2025-08-16,1,premium,mobile,search,2026-01-30,23.39275641025641,2495.0,5,PLN_STD,active,2026-01-30,2025-08-16,Standard,499.0,mid,167,0,high,mid
u000908,2025-06-17,2,value,mobile,organic,2026-01-30,5.868190476190476,1495.0,5,PLN_BASIC,cancelled,2025-11-18,2025-06-21,Basic,299.0,low,227,0,low,low
u000909,2025-08-06,2,regular,web,email,2026-01-30,16.531136363636364,1495.0,5,PLN_BASIC,active,2026-01-30,2025-08-08,Basic,299.0,low,177,0,high,low
u000910,2025-05-28,1,value,web,search,2026-01-30,8.123701923076924,2392.0,8,PLN_BASIC,active,2026-01-30,2025-05-31,Basic,299.0,low,247,0,low,low
u000911,2025-11-14,2,regular,mobile,search,2026-01-30,17.739078947368423,598.0,2,PLN_BASIC,active,2026-01-30,2025-11-15,Basic,299.0,low,77,0,high,low
u000912,2025-06-20,2,premium,web,paid_social,2026-01-30,22.078634146341464,5593.0,7,PLN_PREM,active,2026-01-30,2025-06-20,Premium,799.0,high,224,0,high,high
u000913,2025-08-07,2,regular,mobile,organic,2026-01-30,15.606242774566475,3995.0,5,PLN_PREM,active,2026-01-30,2025-08-10,Premium,799.0,high,176,0,medium,high
u000914,2026-01-05,2,value,mobile,referral,2026-01-30,13.1492,299.0,1,PLN_BASIC,active,2026-01-30,2026-01-10,Basic,299.0,low,25,0,medium,low
u000915,2025-09-30,3,regular,mobile,organic,2026-01-30,16.35122950819672,2397.0,3,PLN_PREM,active,2026-01-30,2025-10-05,Premium,799.0,high,122,0,medium,high
u000916,2025-08-28,2,regular,web,paid_social,2026-01-30,15.460974025974027,1497.0,3,PLN_STD,active,2026-01-30,2025-09-03,Standard,499.0,mid,155,0,medium,mid
u000917,2025-09-18,3,regular,mobile,email,2026-01-30,16.89378787878788,1996.0,4,PLN_STD,active,2026-01-30,2025-09-20,Standard,499.0,mid,134,0,high,mid
u000918,2025-11-17,2,value,web,email,2026-01-30,8.05337837837838,598.0,2,PLN_BASIC,active,2026-01-30,2025-11-23,Basic,299.0,low,74,0,low,low
u000919,2025-07-07,2,premium,web,email,2026-01-30,22.38969387755102,4794.0,6,PLN_PREM,active,2026-01-30,2025-07-09,Premium,799.0,high,207,0,high,high
u000920,2025-10-11,2,value,web,referral,2026-01-30,9.155585585585586,897.0,3,PLN_BASIC,active,2026-01-30,2025-10-15,Basic,299.0,low,111,0,medium,low
u000921,2025-12-10,2,value,web,organic,2026-01-30,8.778653846153846,299.0,1,PLN_BASIC,active,2026-01-30,2025-12-10,Basic,299.0,low,51,0,medium,low
u000922,2025-09-25,2,value,web,email,2026-01-30,6.870944881889764,1196.0,4,PLN_BASIC,cancelled,2026-01-29,2025-10-01,Basic,299.0,low,127,0,low,low
u000923,2025-08-25,2,value,mobile,email,2026-01-30,8.872884615384615,1196.0,4,PLN_BASIC,expired,2026-01-27,2025-08-30,Basic,299.0,low,158,0,medium,low
u000924,2025-06-10,1,value,mobile,search,2026-01-30,7.661490384615385,2093.0,7,PLN_BASIC,active,2026-01-30,2025-06-10,Basic,299.0,low,234,0,low,low
u000925,2025-07-06,2,regular,web,search,2026-01-30,18.12078431372549,2994.0,6,PLN_STD,active,2026-01-30,2025-07-10,Standard,499.0,mid,208,0,high,mid
u000926,2025-12-28,2,value,web,organic,2026-01-30,5.846764705882353,499.0,1,PLN_STD,active,2026-01-30,2025-12-30,Standard,499.0,mid,33,0,low,mid
u000927,2025-09-17,2,value,web,paid_social,2026-01-30,9.402,1996.0,4,PLN_STD,active,2026-01-30,2025-09-19,Standard,499.0,mid,135,0,medium,mid
u000928,2025-07-19,3,value,mobile,paid_social,2026-01-30,8.14020725388601,1794.0,6,PLN_BASIC,active,2026-01-30,2025-07-25,Basic,299.0,low,195,0,low,low
u000929,2025-08-18,2,value,mobile,search,2026-01-30,9.608666666666666,2495.0,5,PLN_STD,active,2026-01-30,2025-08-20,Standard,499.0,mid,165,0,medium,mid
u000930,2025-09-27,3,premium,web,search,2026-01-30,27.88655172413793,3196.0,4,PLN_PREM,active,2026-01-30,2025-09-28,Premium,799.0,high,125,0,high,high
u000931,2025-09-16,3,premium,web,search,2026-01-30,18.83872180451128,3196.0,4,PLN_PREM,cancelled,2026-01-14,2025-09-16,Premium,799.0,high,136,0,high,high
u000932,2025-10-27,3,value,web,organic,2026-01-30,6.803645833333333,897.0,3,PLN_BASIC,active,2026-01-30,2025-10-30,Basic,299.0,low,95,0,low,low
u000933,2025-07-08,3,regular,mobile,email,2026-01-30,16.94019801980198,2495.0,5,PLN_STD,active,2026-01-30,2025-07-14,Standard,499.0,mid,206,0,high,mid
u000934,2025-10-14,1,regular,web,organic,2026-01-30,18.070467289719627,2397.0,3,PLN_PREM,active,2026-01-30,2025-10-17,Premium,799.0,high,108,0,high,high
u000935,2025-08-24,2,premium,web,organic,2026-01-30,26.222810457516342,3995.0,5,PLN_PREM,active,2026-01-30,2025-08-30,Premium,799.0,high,159,0,high,high
u000936,2025-12-27,1,value,web,organic,2026-01-30,6.686,299.0,1,PLN_BASIC,active,2026-01-30,2026-01-02,Basic,299.0,low,34,0,low,low
u000937,2025-06-13,3,value,web,referral,2026-01-30,7.715365853658537,2093.0,7,PLN_BASIC,active,2026-01-30,2025-06-16,Basic,299.0,low,231,0,low,low
u000938,2025-06-11,2,regular,web,referral,2026-01-30,16.15068292682927,2093.0,7,PLN_BASIC,active,2026-01-30,2025-06-15,Basic,299.0,low,233,0,medium,low
u000939,2025-08-28,2,premium,web,organic,2026-01-30,23.35366666666667,3196.0,4,PLN_PREM,active,2026-01-30,2025-08-30,Premium,799.0,high,155,0,high,high
u000940,2025-09-09,3,regular,mobile,organic,2026-01-30,15.922142857142857,1196.0,4,PLN_BASIC,active,2026-01-30,2025-09-14,Basic,299.0,low,143,0,medium,low
u000941,2025-10-25,1,regular,web,search,2026-01-30,16.96294736842105,1497.0,3,PLN_STD,active,2026-01-30,2025-10-27,Standard,499.0,mid,97,0,high,mid
u000942,2025-08-14,2,value,web,organic,2026-01-30,7.351964285714285,1495.0,5,PLN_BASIC,active,2026-01-30,2025-08-14,Basic,299.0,low,169,0,low,low
u000943,2025-12-20,2,regular,mobile,paid_social,2026-01-30,14.423095238095238,299.0,1,PLN_BASIC,active,2026-01-30,2025-12-20,Basic,299.0,low,41,0,medium,low
u000944,2025-09-01,1,premium,web,organic,2026-01-30,24.224583333333335,3196.0,4,PLN_PREM,active,2026-01-30,2025-09-04,Premium,799.0,high,151,0,high,high
u000945,2025-06-06,2,regular,mobile,search,2026-01-30,19.84799043062201,2093.0,7,PLN_BASIC,active,2026-01-30,2025-06-13,Basic,299.0,low,238,0,high,low
u000946,2025-06-03,3,regular,mobile,search,2026-01-30,15.157584541062802,3493.0,7,PLN_STD,active,2026-01-30,2025-06-03,Standard,499.0,mid,241,0,medium,mid
u000947,2026-01-04,1,regular,web,search,2026-01-30,13.573846153846155,499.0,1,PLN_STD,cancelled,2026-01-30,2026-01-06,Standard,499.0,mid,26,0,medium,mid
u000948,2025-06-07,2,regular,mobile,search,2026-01-30,16.81042857142857,5593.0,7,PLN_PREM,active,2026-01-30,2025-06-14,Premium,799.0,high,237,0,high,high
u000949,2025-12-28,2,regular,mobile,organic,2026-01-30,11.8903125,299.0,1,PLN_BASIC,cancelled,2026-01-29,2025-12-30,Basic,299.0,low,33,0,medium,low
u000950,2025-07-13,2,regular,mobile,organic,2026-01-30,15.97010152284264,2994.0,6,PLN_STD,active,2026-01-30,2025-07-19,Standard,499.0,mid,201,0,medium,mid
u000951,2025-05-28,1,premium,web,organic,2026-01-30,26.96773399014778,5593.0,7,PLN_PREM,active,2026-01-30,2025-06-04,Premium,799.0,high,247,0,high,high
u000952,2025-07-20,3,regular,web,organic,2026-01-30,16.684578947368422,2994.0,6,PLN_STD,active,2026-01-30,2025-07-20,Standard,499.0,mid,194,0,high,mid
u000953,2025-10-06,3,value,web,email,2026-01-30,6.836929824561404,897.0,3,PLN_BASIC,active,2026-01-30,2025-10-06,Basic,299.0,low,116,0,low,low
u000954,2025-08-20,1,value,mobile,organic,2026-01-30,5.728395061728395,897.0,3,PLN_BASIC,cancelled,2025-11-25,2025-08-27,Basic,299.0,low,163,0,low,low
u000955,2025-11-18,2,value,mobile,organic,2026-01-30,8.015,598.0,2,PLN_BASIC,active,2026-01-30,2025-11-22,Basic,299.0,low,73,0,low,low
u000956,2025-10-05,2,value,web,organic,2026-01-30,8.75396551724138,897.0,3,PLN_BASIC,active,2026-01-30,2025-10-05,Basic,299.0,low,117,0,medium,low
u000957,2025-08-13,2,value,web,paid_social,2026-01-30,9.494882352941177,1495.0,5,PLN_BASIC,active,2026-01-30,2025-08-17,Basic,299.0,low,170,0,medium,low
u000958,2025-10-11,2,regular,web,email,2026-01-30,23.292830188679243,2397.0,3,PLN_PREM,active,2026-01-30,2025-10-12,Premium,799.0,high,111,0,high,high
u000959,2026-01-03,1,value,web,referral,2026-01-30,9.106785714285715,299.0,1,PLN_BASIC,active,2026-01-30,2026-01-09,Basic,299.0,low,27,0,medium,low
u000960,2025-08-16,1,value,mobile,paid_social,2026-01-30,6.330487804878049,1196.0,4,PLN_BASIC,expired,2026-01-16,2025-08-19,Basic,299.0,low,167,0,low,low
u000961,2025-06-12,3,regular,web,referral,2026-01-30,15.908373205741626,2994.0,6,PLN_STD,active,2026-01-30,2025-06-12,Standard,499.0,mid,232,0,medium,mid
u000962,2025-08-15,2,value,mobile,search,2026-01-30,7.6075147928994085,2495.0,5,PLN_STD,active,2026-01-30,2025-08-16,Standard,499.0,mid,168,0,low,mid
u000963,2025-12-01,3,regular,mobile,referral,2026-01-30,17.107118644067796,499.0,1,PLN_STD,active,2026-01-30,2025-12-02,Standard,499.0,mid,60,0,high,mid
u000964,2025-06-28,2,premium,mobile,referral,2026-01-30,27.15733990147783,5593.0,7,PLN_PREM,active,2026-01-30,2025-06-30,Premium,799.0,high,216,0,high,high
u000965,2025-12-29,3,regular,mobile,organic,2026-01-30,17.34,299.0,1,PLN_BASIC,active,2026-01-30,2026-01-01,Basic,299.0,low,32,0,high,low
u000966,2025-09-29,1,value,web,search,2026-01-30,7.144016393442623,1196.0,4,PLN_BASIC,active,2026-01-30,2025-10-02,Basic,299.0,low,123,0,low,low
u000967,2025-10-02,1,value,mobile,organic,2026-01-30,8.624166666666667,1497.0,3,PLN_STD,active,2026-01-30,2025-10-06,Standard,499.0,mid,120,0,medium,mid
u000968,2025-07-23,3,regular,mobile,organic,2026-01-30,18.308031914893615,2495.0,5,PLN_STD,active,2026-01-30,2025-07-28,Standard,499.0,mid,191,0,high,mid
u000969,2025-12-22,3,regular,web,referral,2026-01-30,13.01,499.0,1,PLN_STD,active,2026-01-30,2025-12-26,Standard,499.0,mid,39,0,medium,mid
u000970,2025-05-14,2,value,web,organic,2026-01-30,3.8595215311004782,1794.0,6,PLN_BASIC,cancelled,2025-11-14,2025-05-18,Basic,299.0,low,261,0,low,low
u000971,2025-07-18,2,regular,web,paid_social,2026-01-30,18.8121875,2495.0,5,PLN_STD,active,2026-01-30,2025-07-19,Standard,499.0,mid,196,0,high,mid
u000972,2025-08-18,2,regular,web,email,2026-01-30,18.95968944099379,2495.0,5,PLN_STD,active,2026-01-30,2025-08-22,Standard,499.0,mid,165,0,high,mid
u000973,2025-09-01,2,value,web,search,2026-01-30,4.702980132450331,897.0,3,PLN_BASIC,cancelled,2025-12-04,2025-09-05,Basic,299.0,low,151,0,low,low
u000974,2025-09-01,1,regular,web,search,2026-01-30,15.579799999999999,1996.0,4,PLN_STD,active,2026-01-30,2025-09-05,Standard,499.0,mid,151,0,medium,mid
u000975,2025-06-11,3,value,mobile,paid_social,2026-01-30,9.109420289855073,2093.0,7,PLN_BASIC,active,2026-01-30,2025-06-11,Basic,299.0,low,233,0,medium,low
u000976,2025-06-30,2,value,web,referral,2026-01-30,1.0022857142857142,598.0,2,PLN_BASIC,cancelled,2025-09-01,2025-07-03,Basic,299.0,low,214,0,low,low
u000977,2025-05-28,2,regular,web,organic,2026-01-30,15.790430622009568,2392.0,8,PLN_BASIC,active,2026-01-30,2025-05-29,Basic,299.0,low,247,0,medium,low
u000978,2025-09-25,1,value,web,organic,2026-01-30,2.2269047619047617,0.0,0,PLN_STD,expired,2025-10-28,2025-09-28,Standard,499.0,mid,127,0,low,mid
u000979,2025-08-01,1,regular,web,paid_social,2026-01-30,19.226666666666667,3995.0,5,PLN_PREM,active,2026-01-30,2025-08-07,Premium,799.0,high,182,0,high,high
u000980,2025-09-24,2,regular,mobile,email,2026-01-30,14.996456692913386,1497.0,3,PLN_STD,active,2026-01-30,2025-09-28,Standard,499.0,mid,128,0,medium,mid
u000981,2025-09-30,2,value,web,organic,2026-01-30,7.937868852459016,1996.0,4,PLN_STD,active,2026-01-30,2025-10-01,Standard,499.0,mid,122,0,low,mid
u000982,2025-10-28,2,premium,web,search,2026-01-30,22.38725274725275,1598.0,2,PLN_PREM,active,2026-01-30,2025-11-02,Premium,799.0,high,94,0,high,high
u000983,2025-09-19,1,value,web,email,2026-01-30,7.1653787878787885,1196.0,4,PLN_BASIC,active,2026-01-30,2025-09-26,Basic,299.0,low,133,0,low,low
u000984,2025-10-14,3,value,web,organic,2026-01-30,8.652056074766355,897.0,3,PLN_BASIC,active,2026-01-30,2025-10-20,Basic,299.0,low,108,0,medium,low
u000985,2025-09-29,2,premium,mobile,organic,2026-01-30,27.74417391304348,1497.0,3,PLN_STD,active,2026-01-30,2025-10-05,Standard,499.0,mid,123,0,high,mid
u000986,2025-10-15,3,regular,mobile,paid_social,2026-01-30,10.105188679245284,499.0,1,PLN_STD,cancelled,2025-12-18,2025-10-19,Standard,499.0,mid,107,0,medium,mid
u000987,2025-10-06,1,regular,web,organic,2026-01-30,21.341478260869565,897.0,3,PLN_BASIC,active,2026-01-30,2025-10-08,Basic,299.0,low,116,0,high,low
u000988,2025-07-23,2,value,mobile,organic,2026-01-30,6.5285416666666665,1495.0,5,PLN_BASIC,cancelled,2025-12-26,2025-07-29,Basic,299.0,low,191,0,low,low
u000989,2025-07-05,2,value,web,paid_social,2026-01-30,7.83487922705314,2994.0,6,PLN_STD,active,2026-01-30,2025-07-07,Standard,499.0,mid,209,0,low,mid
u000990,2025-11-18,2,regular,mobile,paid_social,2026-01-30,12.323378378378377,998.0,2,PLN_STD,cancelled,2026-01-21,2025-11-22,Standard,499.0,mid,73,0,medium,mid
u000991,2025-07-30,2,value,mobile,search,2026-01-30,7.201420765027322,1495.0,5,PLN_BASIC,active,2026-01-30,2025-08-05,Basic,299.0,low,184,0,low,low
u000992,2025-09-19,1,value,web,search,2026-01-30,5.366716417910448,1196.0,4,PLN_BASIC,cancelled,2026-01-20,2025-09-22,Basic,299.0,low,133,0,low,low
u000993,2025-06-23,2,regular,mobile,search,2026-01-30,17.07121359223301,5593.0,7,PLN_PREM,active,2026-01-30,2025-06-26,Premium,799.0,high,221,0,high,high
u000994,2025-08-21,2,value,mobile,paid_social,2026-01-30,2.167267080745342,299.0,1,PLN_BASIC,cancelled,2025-09-27,2025-08-28,Basic,299.0,low,162,0,low,low
u000995,2025-09-14,2,value,web,referral,2026-01-30,3.9200000000000004,598.0,2,PLN_BASIC,cancelled,2025-11-19,2025-09-20,Basic,299.0,low,138,0,low,low
u000996,2025-10-09,1,value,mobile,referral,2026-01-30,7.235446428571429,897.0,3,PLN_BASIC,active,2026-01-30,2025-10-11,Basic,299.0,low,113,0,low,low
u000997,2025-09-14,2,regular,mobile,paid_social,2026-01-30,13.274179104477613,1996.0,4,PLN_STD,cancelled,2026-01-12,2025-09-14,Standard,499.0,mid,138,0,medium,mid
u000998,2025-08-03,2,regular,web,referral,2026-01-30,13.997752808988764,3995.0,5,PLN_PREM,cancelled,2026-01-06,2025-08-09,Premium,799.0,high,180,0,medium,high
u000999,2026-01-01,2,premium,mobile,referral,2026-01-30,26.729999999999997,799.0,1,PLN_PREM,active,2026-01-30,2026-01-04,Premium,799.0,high,29,0,high,high
u001000,2025-09-10,2,value,mobile,organic,2026-01-30,1.7845070422535212,299.0,1,PLN_BASIC,cancelled,2025-10-13,2025-09-13,Basic,299.0,low,142,0,low,low
u001001,2025-11-23,2,value,web,email,2026-01-30,8.57521739130435,998.0,2,PLN_STD,active,2026-01-30,2025-11-27,Standard,499.0,mid,68,0,medium,mid
u001002,2025-11-05,3,regular,web,referral,2026-01-30,15.917349397590362,998.0,2,PLN_STD,active,2026-01-30,2025-11-06,Standard,499.0,mid,86,0,medium,mid
u001003,2025-09-22,2,value,mobile,organic,2026-01-30,8.531603053435113,1996.0,4,PLN_STD,active,2026-01-30,2025-09-26,Standard,499.0,mid,130,0,medium,mid
u001004,2025-12-13,2,regular,mobile,organic,2026-01-30,15.101836734693878,799.0,1,PLN_PREM,active,2026-01-30,2025-12-14,Premium,799.0,high,48,0,medium,high
u001005,2025-06-06,3,premium,web,paid_social,2026-01-30,22.901725888324876,5593.0,7,PLN_PREM,cancelled,2026-01-05,2025-06-09,Premium,799.0,high,238,0,high,high
u001006,2025-12-22,2,regular,web,search,2026-01-30,18.725897435897433,499.0,1,PLN_STD,active,2026-01-30,2025-12-23,Standard,499.0,mid,39,0,high,mid
u001007,2025-12-04,3,regular,web,paid_social,2026-01-30,19.130526315789474,499.0,1,PLN_STD,active,2026-01-30,2025-12-05,Standard,499.0,mid,57,0,high,mid
u001008,2025-09-08,3,premium,mobile,search,2026-01-30,12.709424460431656,998.0,2,PLN_STD,cancelled,2025-12-10,2025-09-11,Standard,499.0,mid,144,0,medium,mid
u001009,2025-11-05,1,value,mobile,organic,2026-01-30,9.57129411764706,998.0,2,PLN_STD,active,2026-01-30,2025-11-07,Standard,499.0,mid,86,0,medium,mid
u001010,2025-09-12,2,premium,web,organic,2026-01-30,28.48705426356589,3196.0,4,PLN_PREM,active,2026-01-30,2025-09-14,Premium,799.0,high,140,0,high,high
u001011,2025-07-11,2,regular,mobile,referral,2026-01-30,4.2151243781094525,1598.0,2,PLN_PREM,cancelled,2025-09-15,2025-07-17,Premium,799.0,high,203,0,low,high
u001012,2025-11-21,3,regular,mobile,organic,2026-01-30,17.64619718309859,998.0,2,PLN_STD,active,2026-01-30,2025-11-24,Standard,499.0,mid,70,0,high,mid
u001013,2025-07-05,2,premium,web,paid_social,2026-01-30,26.11695431472081,4794.0,6,PLN_PREM,active,2026-01-30,2025-07-12,Premium,799.0,high,209,0,high,high
u001014,2025-07-22,1,regular,web,organic,2026-01-30,17.422460732984295,4794.0,6,PLN_PREM,active,2026-01-30,2025-07-26,Premium,799.0,high,192,0,high,high
u001015,2025-09-12,2,regular,mobile,search,2026-01-30,16.439640287769784,3196.0,4,PLN_PREM,active,2026-01-30,2025-09-15,Premium,799.0,high,140,0,high,high
u001016,2025-12-01,1,value,web,search,2026-01-30,4.378196721311475,0.0,0,PLN_BASIC,expired,2026-01-05,2025-12-06,Basic,299.0,low,60,0,low,low
u001017,2025-08-09,3,regular,web,organic,2026-01-30,15.176936416184972,2495.0,5,PLN_STD,active,2026-01-30,2025-08-09,Standard,499.0,mid,174,0,medium,mid
u001018,2025-09-06,2,regular,mobile,paid_social,2026-01-30,16.22258503401361,1196.0,4,PLN_BASIC,active,2026-01-30,2025-09-08,Basic,299.0,low,146,0,medium,low
u001019,2025-05-15,2,value,mobile,paid_social,2026-01-30,7.738421052631579,2392.0,8,PLN_BASIC,active,2026-01-30,2025-05-19,Basic,299.0,low,260,0,low,low
u001020,2025-06-03,3,regular,web,organic,2026-01-30,15.750673076923077,3493.0,7,PLN_STD,active,2026-01-30,2025-06-10,Standard,499.0,mid,241,0,medium,mid
u001021,2025-05-19,2,regular,mobile,search,2026-01-30,17.859313725490196,2392.0,8,PLN_BASIC,active,2026-01-30,2025-05-24,Basic,299.0,low,256,0,high,low
u001022,2025-05-23,2,regular,mobile,paid_social,2026-01-30,3.776618357487923,998.0,2,PLN_STD,expired,2025-08-21,2025-05-23,Standard,499.0,mid,252,0,low,mid
u001023,2025-12-08,3,value,web,paid_social,2026-01-30,6.762037037037037,299.0,1,PLN_BASIC,active,2026-01-30,2025-12-11,Basic,299.0,low,53,0,low,low
u001024,2025-12-02,3,regular,web,search,2026-01-30,7.295423728813559,299.0,1,PLN_BASIC,cancelled,2026-01-02,2025-12-03,Basic,299.0,low,59,0,low,low
u001025,2025-11-27,3,value,mobile,paid_social,2026-01-30,6.675,598.0,2,PLN_BASIC,active,2026-01-30,2025-11-27,Basic,299.0,low,64,0,low,low
u001026,2025-05-18,1,value,mobile,organic,2026-01-30,9.019951923076924,2392.0,8,PLN_BASIC,active,2026-01-30,2025-05-25,Basic,299.0,low,257,0,medium,low
u001027,2025-05-24,2,regular,web,organic,2026-01-30,19.825776699029127,2093.0,7,PLN_BASIC,active,2026-01-30,2025-05-27,Basic,299.0,low,251,0,high,low
u001028,2025-07-14,1,value,mobile,paid_social,2026-01-30,7.195226130653266,1794.0,6,PLN_BASIC,active,2026-01-30,2025-07-17,Basic,299.0,low,200,0,low,low
u001029,2025-09-23,3,value,mobile,paid_social,2026-01-30,6.443846153846154,1196.0,4,PLN_BASIC,active,2026-01-30,2025-09-25,Basic,299.0,low,129,0,low,low
u001030,2025-07-27,2,regular,mobile,referral,2026-01-30,16.780212765957447,3995.0,5,PLN_PREM,expired,2026-01-23,2025-07-27,Premium,799.0,high,187,0,high,high
u001031,2025-09-04,2,value,mobile,organic,2026-01-30,9.452925170068026,1196.0,4,PLN_BASIC,active,2026-01-30,2025-09-11,Basic,299.0,low,148,0,medium,low
u001032,2025-06-17,1,premium,web,search,2026-01-30,24.619949494949495,5593.0,7,PLN_PREM,active,2026-01-30,2025-06-17,Premium,799.0,high,227,0,high,high
u001033,2025-11-04,2,premium,web,paid_social,2026-01-30,22.62894117647059,1598.0,2,PLN_PREM,active,2026-01-30,2025-11-04,Premium,799.0,high,87,0,high,high
u001034,2025-07-22,2,regular,web,organic,2026-01-30,4.519528795811518,598.0,2,PLN_BASIC,cancelled,2025-09-21,2025-07-23,Basic,299.0,low,192,0,low,low
u001035,2025-05-21,1,premium,mobile,search,2026-01-30,28.2490099009901,3992.0,8,PLN_STD,active,2026-01-30,2025-05-25,Standard,499.0,mid,254,0,high,mid
u001036,2025-11-07,1,premium,mobile,paid_social,2026-01-30,23.125875,1598.0,2,PLN_PREM,active,2026-01-30,2025-11-13,Premium,799.0,high,84,0,high,high
u001037,2025-12-17,3,value,mobile,organic,2026-01-30,3.791818181818182,0.0,0,PLN_STD,expired,2026-01-22,2025-12-23,Standard,499.0,mid,44,0,low,mid
u001038,2025-05-08,3,regular,web,search,2026-01-30,8.376380952380952,1495.0,5,PLN_BASIC,cancelled,2025-10-10,2025-05-13,Basic,299.0,low,267,0,low,low
u001039,2025-08-22,1,value,mobile,organic,2026-01-30,8.254125,1495.0,5,PLN_BASIC,active,2026-01-30,2025-08-23,Basic,299.0,low,161,0,low,low
u001040,2025-11-28,2,regular,web,email,2026-01-30,17.6534375,499.0,1,PLN_STD,active,2026-01-30,2025-12-05,Standard,499.0,mid,63,0,high,mid
u001041,2025-10-29,3,regular,web,organic,2026-01-30,7.21945054945055,499.0,1,PLN_STD,cancelled,2025-12-02,2025-11-02,Standard,499.0,mid,93,0,low,mid
u001042,2025-12-05,2,value,web,organic,2026-01-30,3.1845614035087717,299.0,1,PLN_BASIC,cancelled,2026-01-08,2025-12-09,Basic,299.0,low,56,0,low,low
u001043,2025-08-17,2,value,mobile,organic,2026-01-30,8.118795180722891,1495.0,5,PLN_BASIC,active,2026-01-30,2025-08-22,Basic,299.0,low,166,0,low,low
u001044,2025-08-06,2,premium,web,organic,2026-01-30,23.914244186046513,3995.0,5,PLN_PREM,active,2026-01-30,2025-08-11,Premium,799.0,high,177,0,high,high
u001045,2025-10-30,2,value,mobile,organic,2026-01-30,3.7265591397849462,299.0,1,PLN_BASIC,expired,2026-01-03,2025-11-04,Basic,299.0,low,92,0,low,low
u001046,2025-06-12,1,value,mobile,paid_social,2026-01-30,6.630240384615385,1495.0,5,PLN_BASIC,expired,2025-12-10,2025-06-13,Basic,299.0,low,232,0,low,low
u001047,2025-07-04,2,value,mobile,organic,2026-01-30,8.078115942028985,2495.0,5,PLN_STD,active,2026-01-30,2025-07-11,Standard,499.0,mid,210,0,low,mid
u001048,2025-10-02,1,regular,web,organic,2026-01-30,15.595289256198347,897.0,3,PLN_BASIC,active,2026-01-30,2025-10-08,Basic,299.0,low,120,0,medium,low
u001049,2025-10-19,1,regular,mobile,organic,2026-01-30,19.400297029702973,1497.0,3,PLN_STD,active,2026-01-30,2025-10-24,Standard,499.0,mid,103,0,high,mid
u001050,2025-06-04,2,regular,mobile,search,2026-01-30,14.24840579710145,2093.0,7,PLN_BASIC,active,2026-01-30,2025-06-04,Basic,299.0,low,240,0,medium,low
u001051,2025-09-09,3,regular,web,organic,2026-01-30,17.27474820143885,1196.0,4,PLN_BASIC,active,2026-01-30,2025-09-09,Basic,299.0,low,143,0,high,low
u001052,2025-08-04,3,value,mobile,paid_social,2026-01-30,7.525224719101123,2495.0,5,PLN_STD,active,2026-01-30,2025-08-06,Standard,499.0,mid,179,0,low,mid
u001053,2025-09-07,2,value,mobile,paid_social,2026-01-30,6.958055555555556,897.0,3,PLN_BASIC,active,2026-01-30,2025-09-12,Basic,299.0,low,145,0,low,low
u001054,2025-12-31,2,regular,web,paid_social,2026-01-30,16.071666666666665,499.0,1,PLN_STD,active,2026-01-30,2026-01-05,Standard,499.0,mid,30,0,medium,mid
u001055,2025-05-24,2,regular,web,organic,2026-01-30,15.055384615384614,2093.0,7,PLN_BASIC,active,2026-01-30,2025-05-27,Basic,299.0,low,251,0,medium,low
u001056,2026-01-09,2,regular,web,referral,2026-01-30,15.938181818181818,299.0,1,PLN_BASIC,active,2026-01-30,2026-01-12,Basic,299.0,low,21,0,medium,low
u001057,2025-08-25,2,regular,web,paid_social,2026-01-30,18.139617834394905,2495.0,5,PLN_STD,active,2026-01-30,2025-08-25,Standard,499.0,mid,158,0,high,mid
u001058,2025-11-14,2,regular,mobile,organic,2026-01-30,16.842000000000002,998.0,2,PLN_STD,active,2026-01-30,2025-11-17,Standard,499.0,mid,77,0,high,mid
u001059,2025-08-19,2,regular,web,search,2026-01-30,18.810745341614908,1196.0,4,PLN_BASIC,active,2026-01-30,2025-08-25,Basic,299.0,low,164,0,high,low
u001060,2025-07-22,3,regular,web,paid_social,2026-01-30,18.01169312169312,1495.0,5,PLN_BASIC,active,2026-01-30,2025-07-28,Basic,299.0,low,192,0,high,low
u001061,2025-11-14,3,regular,web,organic,2026-01-30,11.935064935064934,998.0,2,PLN_STD,cancelled,2026-01-18,2025-11-19,Standard,499.0,mid,77,0,medium,mid
u001062,2025-10-24,1,regular,web,search,2026-01-30,14.764432989690723,897.0,3,PLN_BASIC,active,2026-01-30,2025-10-25,Basic,299.0,low,98,0,medium,low
u001063,2025-06-10,2,regular,web,paid_social,2026-01-30,17.378260869565217,3493.0,7,PLN_STD,active,2026-01-30,2025-06-14,Standard,499.0,mid,234,0,high,mid
u001064,2025-10-29,1,premium,mobile,organic,2026-01-30,24.346666666666664,2397.0,3,PLN_PREM,active,2026-01-30,2025-10-29,Premium,799.0,high,93,0,high,high
u001065,2025-11-10,2,regular,web,email,2026-01-30,11.65390243902439,799.0,1,PLN_PREM,expired,2026-01-14,2025-11-15,Premium,799.0,high,81,0,medium,high
u001066,2025-08-10,2,value,web,organic,2026-01-30,1.3180701754385964,299.0,1,PLN_BASIC,cancelled,2025-09-13,2025-08-14,Basic,299.0,low,173,0,low,low
u001067,2025-12-23,1,value,mobile,organic,2026-01-30,5.441315789473684,299.0,1,PLN_BASIC,active,2026-01-30,2025-12-29,Basic,299.0,low,38,0,low,low
u001068,2025-10-12,3,regular,mobile,organic,2026-01-30,6.2642727272727265,499.0,1,PLN_STD,cancelled,2025-11-16,2025-10-17,Standard,499.0,mid,110,0,low,mid
u001069,2025-07-27,2,regular,web,search,2026-01-30,15.264076086956523,1794.0,6,PLN_BASIC,active,2026-01-30,2025-08-01,Basic,299.0,low,187,0,medium,low
u001070,2025-05-07,3,regular,web,referral,2026-01-30,16.079460784313724,6392.0,8,PLN_PREM,active,2026-01-30,2025-05-08,Premium,799.0,high,268,0,medium,high
u001071,2025-10-21,1,regular,web,referral,2026-01-30,4.026831683168316,299.0,1,PLN_BASIC,cancelled,2025-11-24,2025-10-25,Basic,299.0,low,101,0,low,low
u001072,2025-06-26,1,value,web,email,2026-01-30,8.425652173913043,2093.0,7,PLN_BASIC,active,2026-01-30,2025-07-02,Basic,299.0,low,218,0,medium,low
u001073,2025-11-10,2,regular,web,search,2026-01-30,13.550125,598.0,2,PLN_BASIC,active,2026-01-30,2025-11-15,Basic,299.0,low,81,0,medium,low
u001074,2025-09-13,1,regular,mobile,search,2026-01-30,20.581521739130434,1497.0,3,PLN_STD,active,2026-01-30,2025-09-16,Standard,499.0,mid,139,0,high,mid
u001075,2025-08-30,2,regular,mobile,search,2026-01-30,16.018092105263158,1196.0,4,PLN_BASIC,active,2026-01-30,2025-08-31,Basic,299.0,low,153,0,medium,low
u001076,2025-06-15,3,regular,web,organic,2026-01-30,17.556923076923077,1495.0,5,PLN_BASIC,active,2026-01-30,2025-06-19,Basic,299.0,low,229,0,high,low
u001077,2025-10-30,1,value,mobile,email,2026-01-30,7.233804347826087,598.0,2,PLN_BASIC,active,2026-01-30,2025-11-05,Basic,299.0,low,92,0,low,low
u001078,2025-06-15,1,regular,web,search,2026-01-30,16.00111111111111,3493.0,7,PLN_STD,active,2026-01-30,2025-06-15,Standard,499.0,mid,229,0,medium,mid
u001079,2025-08-17,2,regular,web,search,2026-01-30,17.308363636363637,3196.0,4,PLN_PREM,active,2026-01-30,2025-08-23,Premium,799.0,high,166,0,high,high
u001080,2025-11-30,2,premium,web,search,2026-01-30,20.505438596491228,799.0,1,PLN_PREM,active,2026-01-30,2025-12-02,Premium,799.0,high,61,0,high,high
u001081,2025-12-22,2,regular,web,referral,2026-01-30,12.416666666666666,0.0,0,PLN_STD,expired,2026-01-21,2025-12-22,Standard,499.0,mid,39,0,medium,mid
u001082,2026-01-08,2,value,mobile,organic,2026-01-30,5.474545454545455,299.0,1,PLN_BASIC,active,2026-01-30,2026-01-15,Basic,299.0,low,22,0,low,low
u001083,2025-12-31,3,regular,web,paid_social,2026-01-30,18.88225806451613,499.0,1,PLN_STD,active,2026-01-30,2026-01-06,Standard,499.0,mid,30,0,high,mid
u001084,2025-09-21,1,regular,mobile,paid_social,2026-01-30,14.85121212121212,1196.0,4,PLN_BASIC,active,2026-01-30,2025-09-26,Basic,299.0,low,131,0,medium,low
u001085,2025-06-24,2,value,web,referral,2026-01-30,9.225192307692307,3493.0,7,PLN_STD,active,2026-01-30,2025-06-26,Standard,499.0,mid,220,0,medium,mid
u001086,2025-12-01,2,regular,mobile,organic,2026-01-30,18.47283333333333,499.0,1,PLN_STD,active,2026-01-30,2025-12-08,Standard,499.0,mid,60,0,high,mid
u001087,2025-11-22,3,value,mobile,organic,2026-01-30,8.140869565217391,299.0,1,PLN_BASIC,active,2026-01-30,2025-11-23,Basic,299.0,low,69,0,low,low
u001088,2026-01-08,2,value,web,search,2026-01-30,5.477826086956521,299.0,1,PLN_BASIC,cancelled,2026-01-30,2026-01-12,Basic,299.0,low,22,0,low,low
u001089,2025-10-15,2,value,web,referral,2026-01-30,4.7975,0.0,0,PLN_BASIC,expired,2025-12-16,2025-10-17,Basic,299.0,low,107,0,low,low
u001090,2025-06-09,1,value,mobile,email,2026-01-30,9.251586538461538,2093.0,7,PLN_BASIC,active,2026-01-30,2025-06-15,Basic,299.0,low,235,0,medium,low
u001091,2025-09-08,1,premium,web,paid_social,2026-01-30,25.959333333333333,3196.0,4,PLN_PREM,active,2026-01-30,2025-09-10,Premium,799.0,high,144,0,high,high
u001092,2025-08-25,1,regular,web,organic,2026-01-30,11.598831168831168,1196.0,4,PLN_BASIC,cancelled,2025-12-24,2025-08-26,Basic,299.0,low,158,0,medium,low
u001093,2025-12-02,2,value,mobile,organic,2026-01-30,7.478965517241379,499.0,1,PLN_STD,active,2026-01-30,2025-12-02,Standard,499.0,mid,59,0,low,mid
u001094,2025-08-11,2,regular,web,paid_social,2026-01-30,19.222011834319527,3995.0,5,PLN_PREM,active,2026-01-30,2025-08-15,Premium,799.0,high,172,0,high,high
u001095,2025-07-26,2,regular,web,organic,2026-01-30,16.127849462365592,2994.0,6,PLN_STD,active,2026-01-30,2025-08-01,Standard,499.0,mid,188,0,medium,mid
u001096,2025-05-25,1,value,web,search,2026-01-30,10.055476190476192,2093.0,7,PLN_BASIC,active,2026-01-30,2025-05-31,Basic,299.0,low,250,0,medium,low
u001097,2025-11-30,3,value,web,referral,2026-01-30,6.7901639344262295,299.0,1,PLN_BASIC,active,2026-01-30,2025-12-07,Basic,299.0,low,61,0,low,low
u001098,2025-11-10,3,regular,web,search,2026-01-30,4.877804878048781,299.0,1,PLN_BASIC,cancelled,2025-12-14,2025-11-14,Basic,299.0,low,81,0,low,low
u001099,2025-05-15,1,value,web,search,2026-01-30,8.743719806763286,2392.0,8,PLN_BASIC,active,2026-01-30,2025-05-15,Basic,299.0,low,260,0,medium,low
u001100,2025-08-21,1,regular,web,organic,2026-01-30,14.124716981132075,1996.0,4,PLN_STD,active,2026-01-30,2025-08-24,Standard,499.0,mid,162,0,medium,mid
u001101,2025-09-02,1,value,web,organic,2026-01-30,7.635906040268456,1196.0,4,PLN_BASIC,cancelled,2026-01-03,2025-09-05,Basic,299.0,low,150,0,low,low
u001102,2025-08-30,3,regular,web,paid_social,2026-01-30,15.490939597315437,2397.0,3,PLN_PREM,active,2026-01-30,2025-09-03,Premium,799.0,high,153,0,medium,high
u001103,2025-12-21,1,regular,mobile,search,2026-01-30,15.009268292682927,499.0,1,PLN_STD,active,2026-01-30,2025-12-24,Standard,499.0,mid,40,0,medium,mid
u001104,2025-06-11,2,value,mobile,organic,2026-01-30,0.4522222222222222,0.0,0,PLN_BASIC,expired,2025-07-16,2025-06-16,Basic,299.0,low,233,0,low,low
u001105,2025-07-20,2,value,web,organic,2026-01-30,5.332722513089005,2495.0,5,PLN_STD,cancelled,2026-01-18,2025-07-22,Standard,499.0,mid,194,0,low,mid
u001106,2025-06-19,3,premium,web,organic,2026-01-30,26.9287,5593.0,7,PLN_PREM,active,2026-01-30,2025-06-20,Premium,799.0,high,225,0,high,high
u001107,2025-07-05,2,regular,mobile,paid_social,2026-01-30,15.589708737864077,1495.0,5,PLN_BASIC,expired,2026-01-02,2025-07-06,Basic,299.0,low,209,0,medium,low
u001108,2025-12-18,2,regular,web,paid_social,2026-01-30,17.412954545454543,299.0,1,PLN_BASIC,active,2026-01-30,2025-12-20,Basic,299.0,low,43,0,high,low
u001109,2025-12-27,3,value,web,search,2026-01-30,7.0323529411764705,0.0,0,PLN_BASIC,expired,2026-01-29,2025-12-30,Basic,299.0,low,34,0,low,low
u001110,2025-05-16,1,value,mobile,search,2026-01-30,7.682535885167464,2093.0,7,PLN_BASIC,active,2026-01-30,2025-05-22,Basic,299.0,low,259,0,low,low
u001111,2025-10-10,3,regular,web,organic,2026-01-30,16.609910714285714,1497.0,3,PLN_STD,active,2026-01-30,2025-10-15,Standard,499.0,mid,112,0,high,mid
u001112,2025-07-02,1,premium,mobile,search,2026-01-30,24.451601941747573,4794.0,6,PLN_PREM,active,2026-01-30,2025-07-09,Premium,799.0,high,212,0,high,high
u001113,2025-06-22,2,value,mobile,organic,2026-01-30,5.5377777777777775,1495.0,5,PLN_BASIC,cancelled,2025-11-19,2025-06-22,Basic,299.0,low,222,0,low,low
u001114,2025-07-17,3,regular,mobile,email,2026-01-30,16.865989583333334,2994.0,6,PLN_STD,active,2026-01-30,2025-07-21,Standard,499.0,mid,197,0,high,mid
u001115,2025-06-22,2,regular,web,organic,2026-01-30,19.048701923076923,5593.0,7,PLN_PREM,active,2026-01-30,2025-06-24,Premium,799.0,high,222,0,high,high
u001116,2025-09-05,2,value,web,search,2026-01-30,8.120958904109589,1996.0,4,PLN_STD,active,2026-01-30,2025-09-09,Standard,499.0,mid,147,0,low,mid
u001117,2026-01-09,2,value,web,organic,2026-01-30,8.540000000000001,299.0,1,PLN_BASIC,active,2026-01-30,2026-01-11,Basic,299.0,low,21,0,medium,low
u001118,2025-09-29,2,value,mobile,referral,2026-01-30,4.04,998.0,2,PLN_STD,cancelled,2025-12-02,2025-10-03,Standard,499.0,mid,123,0,low,mid
u001119,2025-11-02,2,regular,mobile,organic,2026-01-30,10.51220930232558,598.0,2,PLN_BASIC,cancelled,2026-01-04,2025-11-05,Basic,299.0,low,89,0,medium,low
u001120,2025-09-05,2,regular,mobile,email,2026-01-30,3.902702702702703,499.0,1,PLN_STD,cancelled,2025-10-10,2025-09-10,Standard,499.0,mid,147,0,low,mid
u001121,2025-05-08,2,regular,web,organic,2026-01-30,16.68720588235294,6392.0,8,PLN_PREM,active,2026-01-30,2025-05-10,Premium,799.0,high,267,0,high,high
u001122,2025-05-26,2,value,mobile,referral,2026-01-30,8.724354066985647,2392.0,8,PLN_BASIC,active,2026-01-30,2025-05-31,Basic,299.0,low,249,0,medium,low
u001123,2025-07-11,2,regular,web,paid_social,2026-01-30,18.96462686567164,2994.0,6,PLN_STD,active,2026-01-30,2025-07-12,Standard,499.0,mid,203,0,high,mid
u001124,2025-07-05,2,regular,mobile,organic,2026-01-30,15.917853658536584,1495.0,5,PLN_BASIC,expired,2026-01-06,2025-07-10,Basic,299.0,low,209,0,medium,low
u001125,2025-12-01,2,regular,web,organic,2026-01-30,18.2764406779661,299.0,1,PLN_BASIC,active,2026-01-30,2025-12-07,Basic,299.0,low,60,0,high,low
u001126,2025-12-02,1,regular,web,search,2026-01-30,15.479322033898304,499.0,1,PLN_STD,active,2026-01-30,2025-12-06,Standard,499.0,mid,59,0,medium,mid
u001127,2025-12-05,3,value,web,referral,2026-01-30,6.525263157894737,499.0,1,PLN_STD,active,2026-01-30,2025-12-09,Standard,499.0,mid,56,0,low,mid
u001128,2025-10-12,2,regular,mobile,referral,2026-01-30,16.554433962264152,499.0,1,PLN_STD,active,2026-01-30,2025-10-15,Standard,499.0,mid,110,0,high,mid
u001129,2025-09-21,1,regular,web,organic,2026-01-30,17.085546875,1196.0,4,PLN_BASIC,active,2026-01-30,2025-09-26,Basic,299.0,low,131,0,high,low
u001130,2025-10-14,2,value,web,search,2026-01-30,8.154814814814815,897.0,3,PLN_BASIC,active,2026-01-30,2025-10-16,Basic,299.0,low,108,0,low,low
u001131,2025-08-15,3,value,web,organic,2026-01-30,9.154880952380953,1495.0,5,PLN_BASIC,active,2026-01-30,2025-08-21,Basic,299.0,low,168,0,medium,low
u001132,2025-10-20,1,regular,web,organic,2026-01-30,16.0678,598.0,2,PLN_BASIC,active,2026-01-30,2025-10-26,Basic,299.0,low,102,0,medium,low
u001133,2025-11-20,1,regular,mobile,paid_social,2026-01-30,12.422058823529412,598.0,2,PLN_BASIC,cancelled,2026-01-22,2025-11-23,Basic,299.0,low,71,0,medium,low
u001134,2025-11-12,1,value,web,search,2026-01-30,9.934050632911392,598.0,2,PLN_BASIC,active,2026-01-30,2025-11-18,Basic,299.0,low,79,0,medium,low
u001135,2025-10-06,1,premium,web,organic,2026-01-30,28.66605504587156,2397.0,3,PLN_PREM,active,2026-01-30,2025-10-08,Premium,799.0,high,116,0,high,high
u001136,2025-05-19,3,regular,mobile,referral,2026-01-30,16.87841346153846,3992.0,8,PLN_STD,active,2026-01-30,2025-05-20,Standard,499.0,mid,256,0,high,mid
u001137,2025-11-02,3,value,web,paid_social,2026-01-30,7.791704545454545,598.0,2,PLN_BASIC,active,2026-01-30,2025-11-02,Basic,299.0,low,89,0,low,low
u001138,2025-08-05,1,regular,web,paid_social,2026-01-30,16.426571428571428,1196.0,4,PLN_BASIC,active,2026-01-30,2025-08-05,Basic,299.0,low,178,0,high,low
u001139,2025-11-07,2,regular,web,organic,2026-01-30,16.888928571428572,598.0,2,PLN_BASIC,active,2026-01-30,2025-11-08,Basic,299.0,low,84,0,high,low
u001140,2025-09-17,1,premium,web,email,2026-01-30,19.685119999999998,1598.0,2,PLN_PREM,cancelled,2026-01-19,2025-09-21,Premium,799.0,high,135,0,high,high
u001141,2025-12-12,2,value,web,search,2026-01-30,8.739791666666667,299.0,1,PLN_BASIC,active,2026-01-30,2025-12-17,Basic,299.0,low,49,0,medium,low
u001142,2025-07-28,3,value,web,search,2026-01-30,10.497991730131867,2495.0,5,PLN_STD,active,2026-01-30,2025-07-30,Standard,499.0,mid,186,0,medium,mid
u001143,2025-12-24,2,regular,web,organic,2026-01-30,12.96342105263158,499.0,1,PLN_STD,active,2026-01-30,2025-12-30,Standard,499.0,mid,37,0,medium,mid
u001144,2025-12-02,1,value,mobile,referral,2026-01-30,6.295593220338983,499.0,1,PLN_STD,active,2026-01-30,2025-12-08,Standard,499.0,mid,59,0,low,mid
u001145,2025-07-27,2,regular,mobile,search,2026-01-30,17.058864864864866,2994.0,6,PLN_STD,active,2026-01-30,2025-07-28,Standard,499.0,mid,187,0,high,mid
u001146,2025-09-03,3,regular,unknown,referral,2026-01-30,15.741013513513513,3196.0,4,PLN_PREM,active,2026-01-30,2025-09-06,Premium,799.0,high,149,0,medium,high
u001147,2025-09-15,2,value,web,paid_social,2026-01-30,7.284492753623188,1196.0,4,PLN_BASIC,active,2026-01-30,2025-09-15,Basic,299.0,low,137,0,low,low
u001148,2025-11-13,1,regular,web,referral,2026-01-30,19.520263157894735,998.0,2,PLN_STD,active,2026-01-30,2025-11-14,Standard,499.0,mid,78,0,high,mid
u001149,2025-10-24,1,premium,mobile,paid_social,2026-01-30,23.109888888888886,2397.0,3,PLN_PREM,active,2026-01-30,2025-10-25,Premium,799.0,high,98,0,high,high
u001150,2025-12-04,2,regular,mobile,email,2026-01-30,16.981578947368423,799.0,1,PLN_PREM,active,2026-01-30,2025-12-04,Premium,799.0,high,57,0,high,high
u001151,2025-08-05,2,regular,web,organic,2026-01-30,10.789606741573033,598.0,2,PLN_BASIC,cancelled,2025-12-08,2025-08-10,Basic,299.0,low,178,0,medium,low
u001152,2025-09-08,3,value,web,organic,2026-01-30,7.444000000000001,1196.0,4,PLN_BASIC,active,2026-01-30,2025-09-11,Basic,299.0,low,144,0,low,low
u001153,2025-08-21,3,value,web,paid_social,2026-01-30,8.269382716049384,1495.0,5,PLN_BASIC,active,2026-01-30,2025-08-25,Basic,299.0,low,162,0,low,low
u001154,2025-12-19,3,premium,web,search,2026-01-30,24.081463414634147,799.0,1,PLN_PREM,active,2026-01-30,2025-12-24,Premium,799.0,high,42,0,high,high
u001155,2025-07-20,3,regular,web,paid_social,2026-01-30,14.286010638297872,1794.0,6,PLN_BASIC,active,2026-01-30,2025-07-21,Basic,299.0,low,194,0,medium,low
u001156,2025-09-29,1,regular,web,paid_social,2026-01-30,16.620081967213114,1497.0,3,PLN_STD,active,2026-01-30,2025-10-06,Standard,499.0,mid,123,0,high,mid
u001157,2025-06-04,2,premium,mobile,search,2026-01-30,29.321421319796954,4794.0,6,PLN_PREM,active,2026-01-30,2025-06-04,Premium,799.0,high,240,0,high,high
u001158,2025-12-04,2,value,mobile,referral,2026-01-30,3.0785964912280703,0.0,0,PLN_BASIC,expired,2026-01-10,2025-12-11,Basic,299.0,low,57,0,low,low
u001159,2025-08-09,2,regular,mobile,organic,2026-01-30,10.893236994219652,1996.0,4,PLN_STD,cancelled,2025-12-11,2025-08-13,Standard,499.0,mid,174,0,medium,mid
u001160,2025-07-29,3,value,web,referral,2026-01-30,2.6175956284153004,299.0,1,PLN_BASIC,expired,2025-10-03,2025-08-04,Basic,299.0,low,185,0,low,low
u001161,2025-09-28,2,value,mobile,organic,2026-01-30,8.272131147540984,1196.0,4,PLN_BASIC,active,2026-01-30,2025-09-30,Basic,299.0,low,124,0,low,low
u001162,2025-09-07,3,regular,mobile,paid_social,2026-01-30,18.427379310344826,1996.0,4,PLN_STD,active,2026-01-30,2025-09-09,Standard,499.0,mid,145,0,high,mid
u001163,2025-12-03,2,regular,web,referral,2026-01-30,14.843050847457627,499.0,1,PLN_STD,active,2026-01-30,2025-12-06,Standard,499.0,mid,58,0,medium,mid
u001164,2025-09-15,2,premium,mobile,organic,2026-01-30,25.806614173228347,3196.0,4,PLN_PREM,active,2026-01-30,2025-09-19,Premium,799.0,high,137,0,high,high
u001165,2025-09-11,2,value,mobile,organic,2026-01-30,9.36136690647482,1497.0,3,PLN_STD,active,2026-01-30,2025-09-17,Standard,499.0,mid,141,0,medium,mid
u001166,2025-05-31,1,regular,mobile,organic,2026-01-30,18.295673076923077,3493.0,7,PLN_STD,active,2026-01-30,2025-06-06,Standard,499.0,mid,244,0,high,mid
u001167,2025-05-10,1,regular,web,search,2026-01-30,17.540531400966184,3995.0,5,PLN_PREM,active,2026-01-30,2025-05-14,Premium,799.0,high,265,0,high,high
u001168,2025-08-13,2,regular,mobile,search,2026-01-30,15.435269461077844,2495.0,5,PLN_STD,active,2026-01-30,2025-08-14,Standard,499.0,mid,170,0,medium,mid
u001169,2026-01-10,1,premium,web,organic,2026-01-30,28.3345,799.0,1,PLN_PREM,active,2026-01-30,2026-01-14,Premium,799.0,high,20,0,high,high
u001170,2025-12-21,3,regular,web,referral,2026-01-30,10.55,799.0,1,PLN_PREM,cancelled,2026-01-26,2025-12-27,Premium,799.0,high,40,0,medium,high
u001171,2025-10-09,1,regular,unknown,organic,2026-01-30,19.2170796460177,1497.0,3,PLN_STD,active,2026-01-30,2025-10-12,Standard,499.0,mid,113,0,high,mid
u001172,2025-10-10,1,value,web,search,2026-01-30,8.393063063063064,299.0,1,PLN_BASIC,active,2026-01-30,2025-10-15,Basic,299.0,low,112,0,medium,low
u001173,2025-08-11,3,value,web,paid_social,2026-01-30,7.501437125748503,1495.0,5,PLN_BASIC,active,2026-01-30,2025-08-12,Basic,299.0,low,172,0,low,low
u001174,2025-06-18,1,premium,web,organic,2026-01-30,29.431212121212123,3493.0,7,PLN_STD,active,2026-01-30,2025-06-24,Standard,499.0,mid,226,0,high,mid
u001175,2025-05-07,3,regular,mobile,organic,2026-01-30,16.701310679611648,3493.0,7,PLN_STD,active,2026-01-30,2025-05-09,Standard,499.0,mid,268,0,high,mid
u001176,2025-07-29,2,value,web,email,2026-01-30,7.194486486486486,1196.0,4,PLN_BASIC,expired,2026-01-01,2025-08-04,Basic,299.0,low,185,0,low,low
u001177,2025-07-23,1,value,mobile,paid_social,2026-01-30,7.7802105263157895,1794.0,6,PLN_BASIC,cancelled,2026-01-21,2025-07-25,Basic,299.0,low,191,0,low,low
u001178,2025-06-22,2,regular,web,organic,2026-01-30,17.437766990291262,3493.0,7,PLN_STD,active,2026-01-30,2025-06-26,Standard,499.0,mid,222,0,high,mid
u001179,2025-07-09,2,regular,unknown,referral,2026-01-29,17.4998,1794.0,6,PLN_BASIC,active,2026-01-30,2025-07-09,Basic,299.0,low,205,0,high,low
u001180,2025-05-11,3,value,mobile,search,2026-01-30,8.036303317535545,3992.0,8,PLN_STD,active,2026-01-30,2025-05-14,Standard,499.0,mid,264,0,low,mid
u001181,2025-10-04,3,regular,mobile,organic,2026-01-30,18.236153846153847,1497.0,3,PLN_STD,active,2026-01-30,2025-10-04,Standard,499.0,mid,118,0,high,mid
u001182,2025-12-23,2,regular,mobile,paid_social,2026-01-30,15.111794871794872,799.0,1,PLN_PREM,active,2026-01-30,2025-12-29,Premium,799.0,high,38,0,medium,high
u001183,2025-10-25,2,regular,mobile,search,2026-01-30,16.675204081632653,1497.0,3,PLN_STD,active,2026-01-30,2025-10-30,Standard,499.0,mid,97,0,high,mid
u001184,2025-08-25,2,value,web,organic,2026-01-30,7.259620253164557,1495.0,5,PLN_BASIC,active,2026-01-30,2025-08-30,Basic,299.0,low,158,0,low,low
u001185,2025-08-18,2,regular,web,referral,2026-01-30,19.970496894409937,2495.0,5,PLN_STD,active,2026-01-30,2025-08-20,Standard,499.0,mid,165,0,high,mid
u001186,2025-07-21,3,value,web,organic,2026-01-30,6.42139896373057,1196.0,4,PLN_BASIC,expired,2025-12-18,2025-07-21,Basic,299.0,low,193,0,low,low
u001187,2025-06-09,2,value,web,organic,2026-01-30,5.4888095238095245,1196.0,4,PLN_BASIC,cancelled,2025-12-10,2025-06-13,Basic,299.0,low,235,0,low,low
u001188,2025-10-02,2,regular,web,organic,2026-01-30,20.98957627118644,2397.0,3,PLN_PREM,active,2026-01-30,2025-10-05,Premium,799.0,high,120,0,high,high
u001189,2025-09-24,2,regular,web,paid_social,2026-01-30,7.5854330708661415,299.0,1,PLN_BASIC,expired,2025-11-25,2025-09-26,Basic,299.0,low,128,0,low,low
u001190,2025-05-06,3,value,mobile,paid_social,2026-01-30,7.22975845410628,3992.0,8,PLN_STD,active,2026-01-30,2025-05-09,Standard,499.0,mid,269,0,low,mid
u001191,2025-08-17,3,premium,mobile,email,2026-01-30,29.02403846153846,3995.0,5,PLN_PREM,active,2026-01-30,2025-08-23,Premium,799.0,high,166,0,high,high
u001192,2025-07-13,1,value,mobile,organic,2026-01-30,9.298756218905472,1495.0,5,PLN_BASIC,active,2026-01-30,2025-07-13,Basic,299.0,low,201,0,medium,low
u001193,2025-06-16,1,regular,mobile,referral,2026-01-30,15.326470588235294,3493.0,7,PLN_STD,active,2026-01-30,2025-06-18,Standard,499.0,mid,228,0,medium,mid
u001194,2025-10-28,2,premium,web,search,2026-01-30,29.658817204301076,499.0,1,PLN_STD,active,2026-01-30,2025-11-03,Standard,499.0,mid,94,0,high,mid
u001195,2025-09-13,2,regular,web,organic,2026-01-30,17.189357142857144,3196.0,4,PLN_PREM,active,2026-01-30,2025-09-20,Premium,799.0,high,139,0,high,high
u001196,2025-10-11,2,regular,mobile,organic,2026-01-30,9.90018018018018,1598.0,2,PLN_PREM,cancelled,2025-12-13,2025-10-14,Premium,799.0,high,111,0,medium,high
u001197,2025-10-31,1,regular,mobile,referral,2026-01-30,16.50641304347826,998.0,2,PLN_STD,active,2026-01-30,2025-11-02,Standard,499.0,mid,91,0,high,mid
u001198,2026-01-06,2,regular,web,organic,2026-01-30,13.96875,299.0,1,PLN_BASIC,cancelled,2026-01-30,2026-01-08,Basic,299.0,low,24,0,medium,low
u001199,2025-11-22,2,regular,web,paid_social,2026-01-30,6.370571428571428,499.0,1,PLN_STD,cancelled,2025-12-24,2025-11-24,Standard,499.0,mid,69,0,low,mid
u001200,2025-10-07,2,regular,web,search,2026-01-30,3.1927192982456143,499.0,1,PLN_STD,cancelled,2025-11-13,2025-10-14,Standard,499.0,mid,115,0,low,mid
u001201,2025-12-11,2,value,web,organic,2026-01-30,5.422083333333333,0.0,0,PLN_BASIC,expired,2026-01-15,2025-12-16,Basic,299.0,low,50,0,low,low
u001202,2025-09-01,2,regular,web,email,2026-01-30,9.539865771812082,998.0,2,PLN_STD,cancelled,2025-12-06,2025-09-07,Standard,499.0,mid,151,0,medium,mid
u001203,2026-01-07,2,value,web,referral,2026-01-30,9.744583333333333,299.0,1,PLN_BASIC,active,2026-01-30,2026-01-10,Basic,299.0,low,23,0,medium,low
u001204,2025-11-12,3,premium,mobile,search,2026-01-30,8.520779220779222,499.0,1,PLN_STD,cancelled,2025-12-19,2025-11-19,Standard,499.0,mid,79,0,medium,mid
u001205,2025-10-15,2,value,mobile,paid_social,2026-01-30,9.573962264150945,897.0,3,PLN_BASIC,active,2026-01-30,2025-10-18,Basic,299.0,low,107,0,medium,low
u001206,2025-12-17,2,value,web,search,2026-01-30,7.199777777777778,299.0,1,PLN_BASIC,active,2026-01-30,2025-12-22,Basic,299.0,low,44,0,low,low
u001207,2025-09-11,2,premium,mobile,paid_social,2026-01-30,27.8277037037037,3196.0,4,PLN_PREM,active,2026-01-30,2025-09-15,Premium,799.0,high,141,0,high,high
u001208,2025-11-01,1,value,mobile,organic,2026-01-30,6.73659090909091,897.0,3,PLN_BASIC,active,2026-01-30,2025-11-01,Basic,299.0,low,90,0,low,low
u001209,2025-07-15,2,value,web,search,2026-01-30,8.189132653061224,1495.0,5,PLN_BASIC,cancelled,2025-12-17,2025-07-20,Basic,299.0,low,199,0,low,low
u001210,2026-01-01,2,regular,mobile,organic,2026-01-30,17.581666666666667,0.0,0,PLN_STD,expired,2026-01-30,2026-01-05,Standard,499.0,mid,29,0,high,mid
u001211,2025-10-08,3,value,web,search,2026-01-30,8.84695652173913,897.0,3,PLN_BASIC,active,2026-01-30,2025-10-08,Basic,299.0,low,114,0,medium,low
u001212,2025-11-17,2,value,mobile,search,2026-01-30,8.28472972972973,998.0,2,PLN_STD,active,2026-01-30,2025-11-20,Standard,499.0,mid,74,0,low,mid
u001213,2025-08-28,1,regular,web,organic,2026-01-30,18.613398692810456,3196.0,4,PLN_PREM,active,2026-01-30,2025-09-03,Premium,799.0,high,155,0,high,high
u001214,2025-12-08,2,value,mobile,email,2026-01-30,8.1725,299.0,1,PLN_BASIC,active,2026-01-30,2025-12-11,Basic,299.0,low,53,0,low,low
u001215,2025-05-23,1,value,mobile,organic,2026-01-30,0.0,499.0,1,PLN_STD,cancelled,2025-06-28,2025-05-29,Standard,499.0,mid,252,0,low,mid
u001216,2025-06-02,2,value,unknown,organic,2026-01-30,8.311578947368421,2093.0,7,PLN_BASIC,active,2026-01-30,2025-06-06,Basic,299.0,low,242,0,low,low
u001217,2025-09-09,3,value,web,search,2026-01-30,7.996478873239437,1196.0,4,PLN_BASIC,active,2026-01-30,2025-09-15,Basic,299.0,low,143,0,low,low
u001218,2025-11-04,2,value,web,paid_social,2026-01-30,9.96816091954023,598.0,2,PLN_BASIC,active,2026-01-30,2025-11-10,Basic,299.0,low,87,0,medium,low
u001219,2025-11-24,2,value,mobile,organic,2026-01-30,8.44641791044776,598.0,2,PLN_BASIC,active,2026-01-30,2025-11-29,Basic,299.0,low,67,0,medium,low
u001220,2025-08-23,2,regular,mobile,search,2026-01-30,17.01647435897436,2495.0,5,PLN_STD,active,2026-01-30,2025-08-28,Standard,499.0,mid,160,0,high,mid
u001221,2025-10-15,2,regular,web,paid_social,2026-01-30,19.794953271028035,1497.0,3,PLN_STD,active,2026-01-30,2025-10-17,Standard,499.0,mid,107,0,high,mid
u001222,2025-09-20,3,value,mobile,organic,2026-01-30,9.338846153846154,897.0,3,PLN_BASIC,active,2026-01-30,2025-09-27,Basic,299.0,low,132,0,medium,low
u001223,2026-01-01,2,value,web,email,2026-01-30,9.806538461538462,299.0,1,PLN_BASIC,active,2026-01-30,2026-01-02,Basic,299.0,low,29,0,medium,low
u001224,2025-10-16,2,premium,web,organic,2026-01-30,24.6345,2397.0,3,PLN_PREM,active,2026-01-30,2025-10-22,Premium,799.0,high,106,0,high,high
u001225,2025-08-17,2,regular,web,paid_social,2026-01-30,2.4344512195121952,499.0,1,PLN_STD,cancelled,2025-09-19,2025-08-20,Standard,499.0,mid,166,0,low,mid
u001226,2026-01-03,1,regular,web,organic,2026-01-30,14.042222222222222,499.0,1,PLN_STD,active,2026-01-30,2026-01-09,Standard,499.0,mid,27,0,medium,mid
u001227,2025-05-31,1,regular,web,paid_social,2026-01-30,17.395458937198068,3493.0,7,PLN_STD,active,2026-01-30,2025-06-06,Standard,499.0,mid,244,0,high,mid
u001228,2026-01-07,1,value,web,referral,2026-01-30,2.866521739130435,0.0,0,PLN_BASIC,expired,2026-01-30,2026-01-12,Basic,299.0,low,23,0,low,low
u001229,2025-06-12,2,regular,web,organic,2026-01-30,17.358115942028984,2093.0,7,PLN_BASIC,active,2026-01-30,2025-06-18,Basic,299.0,low,232,0,high,low
u001230,2025-07-16,3,premium,mobile,organic,2026-01-30,25.635132275132275,2994.0,6,PLN_STD,active,2026-01-30,2025-07-22,Standard,499.0,mid,198,0,high,mid
u001231,2025-11-27,2,premium,web,organic,2026-01-30,24.611311475409835,799.0,1,PLN_PREM,active,2026-01-30,2025-12-03,Premium,799.0,high,64,0,high,high
u001232,2025-11-05,1,value,mobile,organic,2026-01-30,9.830232558139535,598.0,2,PLN_BASIC,active,2026-01-30,2025-11-11,Basic,299.0,low,86,0,medium,low
u001233,2026-01-03,1,value,mobile,email,2026-01-30,5.386071428571428,299.0,1,PLN_BASIC,cancelled,2026-01-30,2026-01-04,Basic,299.0,low,27,0,low,low
u001234,2025-11-09,2,value,mobile,paid_social,2026-01-30,6.618433734939759,598.0,2,PLN_BASIC,active,2026-01-30,2025-11-15,Basic,299.0,low,82,0,low,low
u001235,2025-10-11,3,value,web,paid_social,2026-01-30,2.527297297297297,299.0,1,PLN_BASIC,expired,2025-12-10,2025-10-11,Basic,299.0,low,111,0,low,low
u001236,2025-07-30,2,value,mobile,email,2026-01-30,1.3335714285714286,0.0,0,PLN_BASIC,expired,2025-09-04,2025-08-05,Basic,299.0,low,184,0,low,low
u001237,2025-05-06,3,regular,web,referral,2026-01-30,0.1299047619047619,598.0,2,PLN_BASIC,cancelled,2025-07-05,2025-05-06,Basic,299.0,low,269,0,low,low
u001238,2025-06-05,3,value,web,referral,2026-01-30,8.818260869565218,1495.0,5,PLN_BASIC,active,2026-01-30,2025-06-12,Basic,299.0,low,239,0,medium,low
u001239,2025-07-18,1,premium,web,organic,2026-01-30,28.66979057591623,4794.0,6,PLN_PREM,active,2026-01-30,2025-07-19,Premium,799.0,high,196,0,high,high
u001240,2025-05-15,2,value,web,organic,2026-01-30,7.791875,3992.0,8,PLN_STD,active,2026-01-30,2025-05-17,Standard,499.0,mid,260,0,low,mid
u001241,2025-09-09,3,value,mobile,organic,2026-01-30,10.19055944055944,1196.0,4,PLN_BASIC,active,2026-01-30,2025-09-13,Basic,299.0,low,143,0,medium,low
u001242,2025-11-16,2,premium,mobile,search,2026-01-30,24.130422535211267,998.0,2,PLN_STD,active,2026-01-30,2025-11-19,Standard,499.0,mid,75,0,high,mid
u001243,2026-01-01,1,regular,mobile,search,2026-01-30,17.574285714285715,499.0,1,PLN_STD,active,2026-01-30,2026-01-06,Standard,499.0,mid,29,0,high,mid
u001244,2025-09-04,3,value,web,organic,2026-01-30,3.022551724137931,299.0,1,PLN_BASIC,expired,2025-11-07,2025-09-08,Basic,299.0,low,148,0,low,low
u001245,2025-12-10,3,regular,mobile,search,2026-01-30,19.538039215686272,499.0,1,PLN_STD,active,2026-01-30,2025-12-15,Standard,499.0,mid,51,0,high,mid
u001246,2026-01-07,2,value,mobile,search,2026-01-30,13.387916666666667,499.0,1,PLN_STD,active,2026-01-30,2026-01-12,Standard,499.0,mid,23,0,medium,mid
u001247,2025-12-06,2,value,web,organic,2026-01-30,8.958571428571428,299.0,1,PLN_BASIC,active,2026-01-30,2025-12-12,Basic,299.0,low,55,0,medium,low
u001248,2025-08-29,1,regular,web,organic,2026-01-30,2.670194805194805,799.0,1,PLN_PREM,cancelled,2025-09-28,2025-08-29,Premium,799.0,high,154,0,low,high
u001249,2025-07-25,3,value,mobile,search,2026-01-30,9.747754010695187,2994.0,6,PLN_STD,active,2026-01-30,2025-07-31,Standard,499.0,mid,189,0,medium,mid
u001250,2026-01-05,2,regular,web,search,2026-01-30,16.215416666666666,299.0,1,PLN_BASIC,active,2026-01-30,2026-01-12,Basic,299.0,low,25,0,medium,low
u001251,2025-07-04,1,value,web,paid_social,2026-01-30,0.8752153110047848,0.0,0,PLN_BASIC,expired,2025-08-05,2025-07-06,Basic,299.0,low,210,0,low,low
u001252,2025-08-16,2,regular,mobile,paid_social,2026-01-30,13.233975903614459,1996.0,4,PLN_STD,expired,2026-01-15,2025-08-18,Standard,499.0,mid,167,0,medium,mid
u001253,2025-05-23,3,regular,web,organic,2026-01-30,16.760738916256155,3992.0,8,PLN_STD,active,2026-01-30,2025-05-25,Standard,499.0,mid,252,0,high,mid
u001254,2025-11-20,3,value,web,organic,2026-01-30,9.089295774647887,598.0,2,PLN_BASIC,active,2026-01-30,2025-11-21,Basic,299.0,low,71,0,medium,low
u001255,2025-10-15,2,value,web,organic,2026-01-30,6.55411214953271,998.0,2,PLN_STD,active,2026-01-30,2025-10-17,Standard,499.0,mid,107,0,low,mid
u001256,2025-05-26,1,regular,mobile,organic,2026-01-30,15.928181818181818,6392.0,8,PLN_PREM,active,2026-01-30,2025-06-01,Premium,799.0,high,249,0,medium,high
u001257,2025-06-29,3,regular,mobile,search,2026-01-30,16.68521739130435,2093.0,7,PLN_BASIC,active,2026-01-30,2025-07-02,Basic,299.0,low,215,0,high,low
u001258,2025-09-21,3,regular,mobile,email,2026-01-30,16.92263565891473,2397.0,3,PLN_PREM,active,2026-01-30,2025-09-21,Premium,799.0,high,131,0,high,high
u001259,2025-09-17,2,regular,mobile,organic,2026-01-30,19.84203007518797,1497.0,3,PLN_STD,active,2026-01-30,2025-09-24,Standard,499.0,mid,135,0,high,mid
u001260,2025-11-22,2,regular,mobile,organic,2026-01-30,16.672463768115943,998.0,2,PLN_STD,active,2026-01-30,2025-11-25,Standard,499.0,mid,69,0,high,mid
u001261,2025-07-10,2,value,mobile,paid_social,2026-01-30,9.42088669950739,1794.0,6,PLN_BASIC,active,2026-01-30,2025-07-12,Basic,299.0,low,204,0,medium,low
u001262,2025-12-23,2,regular,web,search,2026-01-30,18.519473684210528,799.0,1,PLN_PREM,cancelled,2026-01-28,2025-12-29,Premium,799.0,high,38,0,high,high
u001263,2025-08-24,1,value,web,organic,2026-01-30,7.253647798742138,2495.0,5,PLN_STD,active,2026-01-30,2025-08-25,Standard,499.0,mid,159,0,low,mid
u001264,2025-11-27,1,regular,mobile,organic,2026-01-30,12.2521875,598.0,2,PLN_BASIC,active,2026-01-30,2025-11-27,Basic,299.0,low,64,0,medium,low
u001265,2025-07-03,1,value,mobile,email,2026-01-30,8.859714285714286,2994.0,6,PLN_STD,active,2026-01-30,2025-07-09,Standard,499.0,mid,211,0,medium,mid
u001266,2025-05-14,3,value,web,organic,2026-01-30,8.527511961722489,2392.0,8,PLN_BASIC,active,2026-01-30,2025-05-17,Basic,299.0,low,261,0,medium,low
u001267,2025-05-18,1,regular,mobile,paid_social,2026-01-30,16.765121951219513,3493.0,7,PLN_STD,cancelled,2026-01-14,2025-05-19,Standard,499.0,mid,257,0,high,mid
u001268,2025-08-06,1,regular,mobile,referral,2026-01-30,16.995084745762714,3196.0,4,PLN_PREM,active,2026-01-30,2025-08-11,Premium,799.0,high,177,0,high,high
u001269,2025-12-30,2,regular,web,organic,2026-01-30,18.116451612903226,499.0,1,PLN_STD,active,2026-01-30,2026-01-06,Standard,499.0,mid,31,0,high,mid
u001270,2025-05-17,1,regular,web,paid_social,2026-01-30,16.5566985645933,5593.0,7,PLN_PREM,active,2026-01-30,2025-05-21,Premium,799.0,high,258,0,high,high
u001271,2025-08-05,1,premium,web,organic,2026-01-30,27.92136904761905,3995.0,5,PLN_PREM,active,2026-01-30,2025-08-07,Premium,799.0,high,178,0,high,high
u001272,2025-06-01,2,regular,web,organic,2026-01-30,16.08258373205742,2093.0,7,PLN_BASIC,active,2026-01-30,2025-06-07,Basic,299.0,low,243,0,medium,low
u001273,2025-12-24,2,premium,web,organic,2026-01-30,26.703529411764706,799.0,1,PLN_PREM,active,2026-01-30,2025-12-29,Premium,799.0,high,37,0,high,high
u001274,2025-10-21,2,regular,web,email,2026-01-30,17.235643564356437,1497.0,3,PLN_STD,active,2026-01-30,2025-10-25,Standard,499.0,mid,101,0,high,mid
u001275,2025-11-12,3,regular,web,organic,2026-01-30,12.06425,998.0,2,PLN_STD,cancelled,2026-01-17,2025-11-18,Standard,499.0,mid,79,0,medium,mid
u001276,2025-10-31,1,regular,web,organic,2026-01-30,11.35391304347826,2397.0,3,PLN_PREM,cancelled,2026-01-29,2025-10-31,Premium,799.0,high,91,0,medium,high
u001277,2025-10-16,3,regular,mobile,email,2026-01-30,14.698285714285714,1497.0,3,PLN_STD,active,2026-01-30,2025-10-16,Standard,499.0,mid,106,0,medium,mid
u001278,2025-11-15,3,value,mobile,organic,2026-01-30,5.006753246753247,598.0,2,PLN_BASIC,cancelled,2026-01-18,2025-11-19,Basic,299.0,low,76,0,low,low
u001279,2025-05-07,3,regular,web,referral,2026-01-30,14.966826923076923,2392.0,8,PLN_BASIC,active,2026-01-30,2025-05-10,Basic,299.0,low,268,0,medium,low
u001280,2025-12-08,2,value,web,paid_social,2026-01-30,4.0249999999999995,0.0,0,PLN_STD,expired,2026-01-13,2025-12-14,Standard,499.0,mid,53,0,low,mid
u001281,2025-11-06,2,value,web,search,2026-01-30,7.3167441860465114,598.0,2,PLN_BASIC,cancelled,2026-01-06,2025-11-07,Basic,299.0,low,85,0,low,low
u001282,2025-11-06,2,premium,web,paid_social,2026-01-30,28.477710843373494,1598.0,2,PLN_PREM,active,2026-01-30,2025-11-07,Premium,799.0,high,85,0,high,high
u001283,2025-08-11,2,value,web,paid_social,2026-01-30,7.590529411764707,2495.0,5,PLN_STD,active,2026-01-30,2025-08-18,Standard,499.0,mid,172,0,low,mid
u001284,2025-11-22,1,regular,web,organic,2026-01-30,9.751304347826087,499.0,1,PLN_STD,cancelled,2025-12-27,2025-11-27,Standard,499.0,mid,69,0,medium,mid
u001285,2025-08-08,3,regular,web,email,2026-01-30,18.033542857142855,2495.0,5,PLN_STD,active,2026-01-30,2025-08-12,Standard,499.0,mid,175,0,high,mid
u001286,2025-05-17,2,value,mobile,email,2026-01-30,8.529130434782608,2093.0,7,PLN_BASIC,active,2026-01-30,2025-05-17,Basic,299.0,low,258,0,medium,low
u001287,2025-12-18,3,premium,web,referral,2026-01-30,28.315555555555555,0.0,0,PLN_STD,active,2026-01-30,2025-12-25,Standard,499.0,mid,43,0,high,mid
u001288,2025-07-02,2,value,mobile,paid_social,2026-01-30,9.251690821256037,1495.0,5,PLN_BASIC,active,2026-01-30,2025-07-05,Basic,299.0,low,212,0,medium,low
u001289,2025-05-30,1,premium,web,search,2026-01-30,24.546127450980393,5593.0,7,PLN_PREM,cancelled,2026-01-29,2025-06-03,Premium,799.0,high,245,0,high,high
u001290,2025-10-08,2,regular,web,search,2026-01-30,19.16849557522124,2397.0,3,PLN_PREM,active,2026-01-30,2025-10-08,Premium,799.0,high,114,0,high,high
u001291,2025-07-02,2,value,mobile,organic,2026-01-30,7.958862559241706,2093.0,7,PLN_BASIC,active,2026-01-30,2025-07-04,Basic,299.0,low,212,0,low,low
u001292,2025-12-06,2,value,web,search,2026-01-30,4.228392857142857,299.0,1,PLN_BASIC,active,2026-01-30,2025-12-08,Basic,299.0,low,55,0,low,low
u001293,2025-08-24,2,value,mobile,paid_social,2026-01-30,9.28320754716981,1196.0,4,PLN_BASIC,active,2026-01-30,2025-08-28,Basic,299.0,low,159,0,medium,low
u001294,2025-05-06,1,regular,mobile,paid_social,2026-01-30,0.0,0.0,0,PLN_BASIC,expired,2025-06-09,2025-05-10,Basic,299.0,low,269,0,low,low
u001295,2025-12-29,2,value,mobile,organic,2026-01-30,6.1234375,299.0,1,PLN_BASIC,active,2026-01-30,2026-01-01,Basic,299.0,low,32,0,low,low
u001296,2025-09-11,2,premium,web,search,2026-01-30,24.898030303030303,2397.0,3,PLN_PREM,active,2026-01-30,2025-09-15,Premium,799.0,high,141,0,high,high
u001297,2025-07-10,3,value,web,paid_social,2026-01-30,1.4499024390243904,299.0,1,PLN_BASIC,cancelled,2025-08-13,2025-07-14,Basic,299.0,low,204,0,low,low
u001298,2025-10-21,1,regular,web,search,2026-01-30,15.664455445544553,1497.0,3,PLN_STD,cancelled,2026-01-23,2025-10-25,Standard,499.0,mid,101,0,medium,mid
u001299,2025-09-15,2,value,web,email,2026-01-30,8.711544117647058,897.0,3,PLN_BASIC,active,2026-01-30,2025-09-17,Basic,299.0,low,137,0,medium,low
u001300,2025-05-12,2,premium,web,paid_social,2026-01-30,29.781868686868687,6392.0,8,PLN_PREM,active,2026-01-30,2025-05-14,Premium,799.0,high,263,0,high,high
u001301,2025-11-11,2,value,mobile,organic,2026-01-30,11.225625,598.0,2,PLN_BASIC,active,2026-01-30,2025-11-13,Basic,299.0,low,80,0,medium,low
u001302,2025-08-13,2,regular,mobile,organic,2026-01-30,16.77315476190476,2495.0,5,PLN_STD,active,2026-01-30,2025-08-20,Standard,499.0,mid,170,0,high,mid
u001303,2025-10-27,2,regular,web,paid_social,2026-01-30,17.022340425531915,1497.0,3,PLN_STD,active,2026-01-30,2025-10-28,Standard,499.0,mid,95,0,high,mid
u001304,2025-12-15,3,value,web,search,2026-01-30,3.860869565217391,299.0,1,PLN_BASIC,cancelled,2026-01-15,2025-12-16,Basic,299.0,low,46,0,low,low
u001305,2025-10-05,2,regular,mobile,referral,2026-01-30,18.914224137931036,897.0,3,PLN_BASIC,active,2026-01-30,2025-10-05,Basic,299.0,low,117,0,high,low
u001306,2025-10-20,2,value,mobile,organic,2026-01-30,1.386138613861386,299.0,1,PLN_BASIC,cancelled,2025-11-24,2025-10-25,Basic,299.0,low,102,0,low,low
u001307,2025-07-07,1,regular,web,organic,2026-01-30,16.21014925373134,1794.0,6,PLN_BASIC,active,2026-01-30,2025-07-09,Basic,299.0,low,207,0,medium,low
u001308,2025-07-03,2,regular,web,search,2026-01-30,16.77728155339806,2994.0,6,PLN_STD,active,2026-01-30,2025-07-08,Standard,499.0,mid,211,0,high,mid
u001309,2025-08-17,2,regular,mobile,paid_social,2026-01-30,15.873192771084335,2495.0,5,PLN_STD,active,2026-01-30,2025-08-23,Standard,499.0,mid,166,0,medium,mid
u001310,2025-12-05,1,value,mobile,email,2026-01-30,4.164736842105263,299.0,1,PLN_BASIC,cancelled,2026-01-04,2025-12-05,Basic,299.0,low,56,0,low,low
u001311,2025-09-13,2,value,mobile,referral,2026-01-30,8.99,1196.0,4,PLN_BASIC,active,2026-01-30,2025-09-14,Basic,299.0,low,139,0,medium,low
u001312,2025-07-31,2,value,web,search,2026-01-30,8.732111111111111,2495.0,5,PLN_STD,active,2026-01-30,2025-08-07,Standard,499.0,mid,183,0,medium,mid
u001313,2025-11-16,2,value,web,referral,2026-01-30,5.449866666666667,598.0,2,PLN_BASIC,cancelled,2026-01-19,2025-11-20,Basic,299.0,low,75,0,low,low
u001314,2025-12-05,2,value,web,organic,2026-01-30,4.443684210526316,299.0,1,PLN_BASIC,cancelled,2026-01-05,2025-12-06,Basic,299.0,low,56,0,low,low
u001315,2025-12-17,2,premium,web,search,2026-01-30,26.594047619047622,499.0,1,PLN_STD,active,2026-01-30,2025-12-21,Standard,499.0,mid,44,0,high,mid
u001316,2025-07-19,2,regular,mobile,email,2026-01-30,8.954455958549223,2397.0,3,PLN_PREM,cancelled,2025-10-21,2025-07-23,Premium,799.0,high,195,0,medium,high
u001317,2025-10-30,1,regular,web,search,2026-01-30,19.672197802197804,598.0,2,PLN_BASIC,active,2026-01-30,2025-11-06,Basic,299.0,low,92,0,high,low
u001318,2025-09-30,1,value,mobile,email,2026-01-30,11.02,1996.0,4,PLN_STD,cancelled,2026-01-30,2025-10-02,Standard,499.0,mid,122,0,medium,mid
u001319,2025-08-25,2,value,mobile,organic,2026-01-30,9.055222929936306,2495.0,5,PLN_STD,active,2026-01-30,2025-08-29,Standard,499.0,mid,158,0,medium,mid
u001320,2025-08-12,3,regular,mobile,organic,2026-01-30,14.055930232558138,2495.0,5,PLN_STD,cancelled,2026-01-11,2025-08-14,Standard,499.0,mid,171,0,medium,mid
u001321,2025-06-02,1,value,mobile,search,2026-01-30,9.244660194174758,2093.0,7,PLN_BASIC,active,2026-01-30,2025-06-05,Basic,299.0,low,242,0,medium,low
u001322,2025-07-12,2,value,mobile,email,2026-01-30,5.364778325123153,1996.0,4,PLN_STD,cancelled,2025-11-12,2025-07-15,Standard,499.0,mid,202,0,low,mid
u001323,2025-09-19,3,regular,web,organic,2026-01-30,17.289847328244274,1996.0,4,PLN_STD,active,2026-01-30,2025-09-24,Standard,499.0,mid,133,0,high,mid
u001324,2025-12-13,3,regular,web,referral,2026-01-30,18.765531914893618,499.0,1,PLN_STD,active,2026-01-30,2025-12-18,Standard,499.0,mid,48,0,high,mid
u001325,2025-12-08,2,premium,web,organic,2026-01-30,11.575490196078432,0.0,0,PLN_STD,expired,2026-01-12,2025-12-13,Standard,499.0,mid,53,0,medium,mid
u001326,2025-06-21,2,value,mobile,paid_social,2026-01-30,7.423923444976076,2093.0,7,PLN_BASIC,active,2026-01-30,2025-06-26,Basic,299.0,low,223,0,low,low
u001327,2025-10-22,2,regular,mobile,search,2026-01-30,9.524795918367348,299.0,1,PLN_BASIC,expired,2025-12-24,2025-10-25,Basic,299.0,low,100,0,medium,low
u001328,2025-05-26,3,value,web,organic,2026-01-30,8.322211538461538,2392.0,8,PLN_BASIC,active,2026-01-30,2025-05-27,Basic,299.0,low,249,0,low,low
u001329,2025-10-21,1,value,web,paid_social,2026-01-30,7.437941176470588,897.0,3,PLN_BASIC,active,2026-01-30,2025-10-25,Basic,299.0,low,101,0,low,low
u001330,2025-07-29,3,regular,web,paid_social,2026-01-30,15.95445054945055,2994.0,6,PLN_STD,active,2026-01-30,2025-07-29,Standard,499.0,mid,185,0,medium,mid
u001331,2025-08-25,1,value,web,search,2026-01-30,9.335897435897436,2495.0,5,PLN_STD,active,2026-01-30,2025-08-25,Standard,499.0,mid,158,0,medium,mid
u001332,2025-11-01,3,regular,mobile,organic,2026-01-30,17.444777777777777,998.0,2,PLN_STD,active,2026-01-30,2025-11-08,Standard,499.0,mid,90,0,high,mid
u001333,2025-08-19,1,regular,web,organic,2026-01-30,15.788562500000001,1495.0,5,PLN_BASIC,active,2026-01-30,2025-08-21,Basic,299.0,low,164,0,medium,low
u001334,2025-11-23,1,value,mobile,email,2026-01-30,7.3447826086956525,598.0,2,PLN_BASIC,cancelled,2026-01-29,2025-11-30,Basic,299.0,low,68,0,low,low
u001335,2025-09-15,1,premium,mobile,paid_social,2026-01-30,25.158461538461538,3196.0,4,PLN_PREM,active,2026-01-30,2025-09-15,Premium,799.0,high,137,0,high,high
u001336,2026-01-10,2,regular,web,referral,2026-01-30,16.46095238095238,299.0,1,PLN_BASIC,active,2026-01-30,2026-01-16,Basic,299.0,low,20,0,high,low
u001337,2025-10-12,2,regular,web,paid_social,2026-01-30,19.742037037037036,2397.0,3,PLN_PREM,active,2026-01-30,2025-10-13,Premium,799.0,high,110,0,high,high
u001338,2025-07-18,1,regular,mobile,referral,2026-01-30,4.055702730678752,598.0,2,PLN_BASIC,cancelled,2025-09-19,2025-07-21,Basic,299.0,low,196,0,low,low
u001339,2025-11-15,2,premium,mobile,organic,2026-01-30,17.110799999999998,499.0,1,PLN_STD,expired,2026-01-14,2025-11-15,Standard,499.0,mid,76,0,high,mid
u001340,2025-08-15,2,value,web,search,2026-01-30,8.836445783132529,1196.0,4,PLN_BASIC,active,2026-01-30,2025-08-17,Basic,299.0,low,168,0,medium,low
u001341,2025-09-16,3,regular,web,paid_social,2026-01-30,13.197803030303032,998.0,2,PLN_STD,expired,2026-01-20,2025-09-22,Standard,499.0,mid,136,0,medium,mid
u001342,2025-06-08,3,regular,mobile,organic,2026-01-30,17.474571428571426,5593.0,7,PLN_PREM,active,2026-01-30,2025-06-12,Premium,799.0,high,236,0,high,high
u001343,2025-06-03,2,value,mobile,organic,2026-01-30,7.98652380952381,2093.0,7,PLN_BASIC,active,2026-01-30,2025-06-10,Basic,299.0,low,241,0,low,low
u001344,2025-09-26,1,value,mobile,paid_social,2026-01-30,0.9441935483870968,0.0,0,PLN_STD,expired,2025-10-28,2025-09-28,Standard,499.0,mid,126,0,low,mid
u001345,2025-06-20,2,premium,mobile,referral,2026-01-30,29.113930348258705,3493.0,7,PLN_STD,active,2026-01-30,2025-06-27,Standard,499.0,mid,224,0,high,mid
u001346,2026-01-10,3,regular,mobile,paid_social,2026-01-30,11.97263157894737,0.0,0,PLN_STD,expired,2026-01-30,2026-01-16,Standard,499.0,mid,20,0,medium,mid
u001347,2025-12-05,1,regular,web,organic,2026-01-30,4.814035087719298,499.0,1,PLN_STD,cancelled,2026-01-04,2025-12-05,Standard,499.0,mid,56,0,low,mid
u001348,2025-10-27,2,regular,mobile,email,2026-01-30,14.475483870967743,897.0,3,PLN_BASIC,active,2026-01-30,2025-10-31,Basic,299.0,low,95,0,medium,low
u001349,2025-11-05,3,regular,web,organic,2026-01-30,12.288795180722891,598.0,2,PLN_BASIC,cancelled,2026-01-04,2025-11-05,Basic,299.0,low,86,0,medium,low
u001350,2025-10-01,3,premium,mobile,organic,2026-01-30,27.569734513274337,1497.0,3,PLN_STD,active,2026-01-30,2025-10-06,Standard,499.0,mid,121,0,high,mid
u001351,2025-05-20,2,regular,mobile,email,2026-01-30,16.106764705882355,3992.0,8,PLN_STD,active,2026-01-30,2025-05-25,Standard,499.0,mid,255,0,medium,mid
u001352,2025-08-11,2,value,mobile,paid_social,2026-01-30,8.720823529411765,1495.0,5,PLN_BASIC,active,2026-01-30,2025-08-13,Basic,299.0,low,172,0,medium,low
u001353,2025-09-06,2,value,web,email,2026-01-30,7.875170068027211,1196.0,4,PLN_BASIC,active,2026-01-30,2025-09-10,Basic,299.0,low,146,0,low,low
u001354,2025-12-20,3,regular,mobile,referral,2026-01-30,22.06380952380952,0.0,0,PLN_STD,active,2026-01-30,2025-12-26,Standard,499.0,mid,41,0,high,mid
u001355,2025-06-29,1,regular,mobile,paid_social,2026-01-30,17.771414634146343,2093.0,7,PLN_BASIC,active,2026-01-30,2025-07-03,Basic,299.0,low,215,0,high,low
u001356,2025-09-06,1,regular,mobile,organic,2026-01-30,14.998055555555554,1196.0,4,PLN_BASIC,active,2026-01-30,2025-09-13,Basic,299.0,low,146,0,medium,low
u001357,2025-07-30,2,value,mobile,organic,2026-01-30,7.019619565217391,1196.0,4,PLN_BASIC,cancelled,2026-01-01,2025-08-04,Basic,299.0,low,184,0,low,low
u001358,2025-06-07,1,value,web,email,2026-01-30,9.668293838862558,2093.0,7,PLN_BASIC,active,2026-01-30,2025-06-13,Basic,299.0,low,237,0,medium,low
u001359,2025-05-30,2,regular,web,referral,2026-01-30,13.677647058823528,2392.0,8,PLN_BASIC,active,2026-01-30,2025-05-30,Basic,299.0,low,245,0,medium,low
u001360,2025-08-04,2,regular,mobile,search,2026-01-30,15.250852272727274,2495.0,5,PLN_STD,active,2026-01-30,2025-08-07,Standard,499.0,mid,179,0,medium,mid
u001361,2025-05-25,3,value,mobile,search,2026-01-30,0.10711538461538463,598.0,2,PLN_BASIC,cancelled,2025-07-24,2025-05-25,Basic,299.0,low,250,0,low,low
u001362,2025-05-21,3,regular,mobile,organic,2026-01-30,8.042184466019417,3196.0,4,PLN_PREM,expired,2025-10-22,2025-05-25,Premium,799.0,high,254,0,low,high
u001363,2025-08-01,2,regular,mobile,organic,2026-01-30,15.964114285714285,2495.0,5,PLN_STD,active,2026-01-30,2025-08-06,Standard,499.0,mid,182,0,medium,mid
u001364,2025-06-24,3,premium,web,referral,2026-01-30,25.588522167487685,5593.0,7,PLN_PREM,active,2026-01-30,2025-06-25,Premium,799.0,high,220,0,high,high
u001365,2025-09-21,2,value,web,organic,2026-01-30,4.378091603053435,598.0,2,PLN_BASIC,cancelled,2025-11-22,2025-09-23,Basic,299.0,low,131,0,low,low
u001366,2025-05-09,2,premium,mobile,search,2026-01-30,26.707029702970296,5593.0,7,PLN_PREM,active,2026-01-30,2025-05-13,Premium,799.0,high,266,0,high,high
u001367,2025-07-19,1,regular,web,email,2026-01-30,8.408205128205127,598.0,2,PLN_BASIC,cancelled,2025-10-23,2025-07-25,Basic,299.0,low,195,0,medium,low
u001368,2025-08-26,3,regular,mobile,search,2026-01-30,16.751806451612904,1495.0,5,PLN_BASIC,active,2026-01-30,2025-08-31,Basic,299.0,low,157,0,high,low
u001369,2026-01-01,3,value,mobile,search,2026-01-30,8.788666666666668,299.0,1,PLN_BASIC,active,2026-01-30,2026-01-08,Basic,299.0,low,29,0,medium,low
u001370,2025-10-11,3,regular,mobile,organic,2026-01-30,18.344774774774773,1497.0,3,PLN_STD,active,2026-01-30,2025-10-16,Standard,499.0,mid,111,0,high,mid
u001371,2025-12-12,3,regular,web,organic,2026-01-30,13.027446808510637,499.0,1,PLN_STD,active,2026-01-30,2025-12-17,Standard,499.0,mid,49,0,medium,mid
u001372,2025-07-30,3,value,mobile,organic,2026-01-30,10.894419889502762,1794.0,6,PLN_BASIC,active,2026-01-30,2025-08-03,Basic,299.0,low,184,0,medium,low
u001373,2025-08-25,1,regular,web,organic,2026-01-30,17.575806451612902,1495.0,5,PLN_BASIC,active,2026-01-30,2025-08-31,Basic,299.0,low,158,0,high,low
u001374,2025-08-18,3,regular,web,organic,2026-01-30,16.9472049689441,2495.0,5,PLN_STD,active,2026-01-30,2025-08-25,Standard,499.0,mid,165,0,high,mid
u001375,2025-12-13,2,regular,web,organic,2026-01-30,16.152916666666666,799.0,1,PLN_PREM,active,2026-01-30,2025-12-18,Premium,799.0,high,48,0,medium,high
u001376,2025-12-31,2,value,web,organic,2026-01-30,3.4406451612903224,499.0,1,PLN_STD,cancelled,2026-01-30,2025-12-31,Standard,499.0,mid,30,0,low,mid
u001377,2026-01-01,2,regular,mobile,organic,2026-01-30,8.700333333333333,499.0,1,PLN_STD,cancelled,2026-01-30,2026-01-08,Standard,499.0,mid,29,0,medium,mid
u001378,2025-11-09,2,value,mobile,email,2026-01-30,7.784756097560976,598.0,2,PLN_BASIC,active,2026-01-30,2025-11-10,Basic,299.0,low,82,0,low,low
u001379,2025-09-08,2,premium,web,organic,2026-01-30,26.97748201438849,1497.0,3,PLN_STD,active,2026-01-30,2025-09-13,Standard,499.0,mid,144,0,high,mid
u001380,2025-09-17,1,premium,mobile,search,2026-01-30,22.078968253968252,3196.0,4,PLN_PREM,active,2026-01-30,2025-09-20,Premium,799.0,high,135,0,high,high
u001381,2026-01-06,1,value,web,referral,2026-01-30,10.0588,299.0,1,PLN_BASIC,active,2026-01-30,2026-01-08,Basic,299.0,low,24,0,medium,low
u001382,2025-07-15,2,value,mobile,organic,2026-01-30,9.142886597938144,1794.0,6,PLN_BASIC,active,2026-01-30,2025-07-22,Basic,299.0,low,199,0,medium,low
u001383,2025-07-31,3,value,mobile,search,2026-01-29,7.343956043956044,1495.0,5,PLN_BASIC,active,2026-01-30,2025-08-04,Basic,299.0,low,183,0,low,low
u001384,2025-12-16,2,regular,mobile,referral,2026-01-30,16.936888888888888,299.0,1,PLN_BASIC,active,2026-01-30,2025-12-18,Basic,299.0,low,45,0,high,low
u001385,2025-08-09,2,premium,web,search,2026-01-30,28.399757575757576,3995.0,5,PLN_PREM,active,2026-01-30,2025-08-15,Premium,799.0,high,174,0,high,high
u001386,2025-07-03,2,regular,web,organic,2026-01-30,13.314162679425836,1495.0,5,PLN_BASIC,active,2026-01-30,2025-07-10,Basic,299.0,low,211,0,medium,low
u001387,2025-09-22,2,value,web,paid_social,2026-01-30,7.882480620155039,1196.0,4,PLN_BASIC,active,2026-01-30,2025-09-22,Basic,299.0,low,130,0,low,low
u001388,2025-07-25,1,value,mobile,paid_social,2026-01-30,8.524627659574469,2994.0,6,PLN_STD,active,2026-01-30,2025-08-01,Standard,499.0,mid,189,0,medium,mid
u001389,2025-12-14,3,value,mobile,search,2026-01-30,9.8225,299.0,1,PLN_BASIC,active,2026-01-30,2025-12-16,Basic,299.0,low,47,0,medium,low
u001390,2025-12-19,1,regular,web,organic,2026-01-30,18.950952380952383,499.0,1,PLN_STD,active,2026-01-30,2025-12-20,Standard,499.0,mid,42,0,high,mid
u001391,2025-07-20,2,regular,web,organic,2026-01-30,11.238124999999998,897.0,3,PLN_BASIC,cancelled,2025-11-24,2025-07-27,Basic,299.0,low,194,0,medium,low
u001392,2025-09-14,3,regular,mobile,referral,2026-01-30,17.747536231884055,1996.0,4,PLN_STD,active,2026-01-30,2025-09-14,Standard,499.0,mid,138,0,high,mid
u001393,2026-01-06,2,value,web,organic,2026-01-30,4.3608,0.0,0,PLN_STD,expired,2026-01-30,2026-01-09,Standard,499.0,mid,24,0,low,mid
u001394,2025-11-07,3,premium,mobile,organic,2026-01-30,23.78792207792208,1598.0,2,PLN_PREM,active,2026-01-30,2025-11-12,Premium,799.0,high,84,0,high,high
u001395,2025-06-28,2,value,mobile,search,2026-01-30,7.396844660194175,2495.0,5,PLN_STD,cancelled,2025-12-30,2025-07-03,Standard,499.0,mid,216,0,low,mid
u001396,2025-09-30,3,regular,web,email,2026-01-30,15.731652892561984,1497.0,3,PLN_STD,active,2026-01-30,2025-10-02,Standard,499.0,mid,122,0,medium,mid
u001397,2025-10-07,2,premium,web,organic,2026-01-30,31.898053097345134,1598.0,2,PLN_PREM,active,2026-01-30,2025-10-13,Premium,799.0,high,115,0,high,high
u001398,2025-10-16,3,regular,web,organic,2026-01-30,10.207142857142857,998.0,2,PLN_STD,cancelled,2025-12-17,2025-10-18,Standard,499.0,mid,106,0,medium,mid
u001399,2025-05-11,2,premium,web,search,2026-01-30,24.14771144278607,5593.0,7,PLN_PREM,active,2026-01-30,2025-05-16,Premium,799.0,high,264,0,high,high
u001400,2025-07-19,3,value,unknown,paid_social,2026-01-30,4.5836082474226805,598.0,2,PLN_BASIC,expired,2025-11-19,2025-07-22,Basic,299.0,low,195,0,low,low
u001401,2025-12-05,3,regular,mobile,search,2026-01-30,10.35574074074074,0.0,0,PLN_BASIC,expired,2026-01-09,2025-12-10,Basic,299.0,low,56,0,medium,low
u001402,2025-07-04,2,value,web,referral,2026-01-30,8.524457869610186,2495.0,5,PLN_STD,active,2026-01-30,2025-07-07,Standard,499.0,mid,210,0,medium,mid
u001403,2025-07-19,3,regular,web,organic,2026-01-30,17.23221649484536,2994.0,6,PLN_STD,active,2026-01-30,2025-07-21,Standard,499.0,mid,195,0,high,mid
u001404,2025-07-24,2,value,web,search,2026-01-30,5.585508021390375,1196.0,4,PLN_BASIC,expired,2025-12-27,2025-07-30,Basic,299.0,low,190,0,low,low
u001405,2025-06-18,2,value,web,search,2026-01-30,5.745571428571428,2093.0,7,PLN_BASIC,cancelled,2026-01-18,2025-06-22,Basic,299.0,low,226,0,low,low
u001406,2025-06-13,3,value,mobile,search,2026-01-30,7.303951219512195,2093.0,7,PLN_BASIC,active,2026-01-30,2025-06-14,Basic,299.0,low,231,0,low,low
u001407,2025-07-31,2,value,mobile,search,2026-01-30,7.4134254143646405,1495.0,5,PLN_BASIC,active,2026-01-30,2025-08-04,Basic,299.0,low,183,0,low,low
u001408,2025-12-10,2,regular,mobile,referral,2026-01-30,15.0956,499.0,1,PLN_STD,active,2026-01-30,2025-12-17,Standard,499.0,mid,51,0,medium,mid
u001409,2025-05-05,1,regular,web,organic,2026-01-30,15.958514851485148,3992.0,8,PLN_STD,active,2026-01-30,2025-05-08,Standard,499.0,mid,270,0,medium,mid
u001410,2025-07-15,1,value,mobile,paid_social,2026-01-30,0.5736683417085428,299.0,1,PLN_BASIC,cancelled,2025-08-14,2025-07-15,Basic,299.0,low,199,0,low,low
u001411,2025-05-20,3,premium,web,organic,2026-01-30,21.501507537688443,2994.0,6,PLN_STD,cancelled,2025-12-20,2025-05-24,Standard,499.0,mid,255,0,high,mid
u001412,2025-09-22,2,premium,mobile,search,2026-01-30,27.32224,3196.0,4,PLN_PREM,active,2026-01-30,2025-09-24,Premium,799.0,high,130,0,high,high
u001413,2025-07-06,2,value,mobile,search,2026-01-30,8.40778846153846,1794.0,6,PLN_BASIC,active,2026-01-30,2025-07-07,Basic,299.0,low,208,0,medium,low
u001414,2025-11-19,1,regular,mobile,search,2026-01-30,19.28356164383562,598.0,2,PLN_BASIC,active,2026-01-30,2025-11-26,Basic,299.0,low,72,0,high,low
u001415,2025-09-28,2,regular,web,organic,2026-01-30,20.978032786885247,1497.0,3,PLN_STD,active,2026-01-30,2025-09-29,Standard,499.0,mid,124,0,high,mid
u001416,2025-11-17,3,regular,web,email,2026-01-30,16.77068493150685,598.0,2,PLN_BASIC,active,2026-01-30,2025-11-19,Basic,299.0,low,74,0,high,low
u001417,2025-10-11,3,value,mobile,email,2026-01-30,8.335625,1497.0,3,PLN_STD,active,2026-01-30,2025-10-14,Standard,499.0,mid,111,0,low,mid
u001418,2025-08-23,1,regular,web,referral,2026-01-30,14.912201257861636,1495.0,5,PLN_BASIC,active,2026-01-30,2025-08-26,Basic,299.0,low,160,0,medium,low
u001419,2025-12-07,2,value,mobile,referral,2026-01-30,4.193090909090909,499.0,1,PLN_STD,cancelled,2026-01-10,2025-12-11,Standard,499.0,mid,54,0,low,mid
u001420,2025-09-01,2,value,web,organic,2026-01-30,9.24945945945946,1196.0,4,PLN_BASIC,active,2026-01-30,2025-09-07,Basic,299.0,low,151,0,medium,low
u001421,2025-12-29,2,regular,mobile,search,2026-01-30,7.023939393939394,499.0,1,PLN_STD,cancelled,2026-01-30,2026-01-02,Standard,499.0,mid,32,0,low,mid
u001422,2026-01-09,2,regular,web,organic,2026-01-30,17.588636363636365,0.0,0,PLN_STD,expired,2026-01-30,2026-01-13,Standard,499.0,mid,21,0,high,mid
u001423,2025-09-29,2,regular,mobile,referral,2026-01-30,17.98892561983471,897.0,3,PLN_BASIC,active,2026-01-30,2025-10-03,Basic,299.0,low,123,0,high,low
u001424,2025-10-21,2,value,unknown,organic,2026-01-30,7.771386138613861,897.0,3,PLN_BASIC,active,2026-01-30,2025-10-25,Basic,299.0,low,101,0,low,low
u001425,2025-07-08,2,value,web,organic,2026-01-30,9.092975609756097,1794.0,6,PLN_BASIC,active,2026-01-30,2025-07-10,Basic,299.0,low,206,0,medium,low
u001426,2025-11-25,2,value,web,paid_social,2026-01-30,3.241194029850746,0.0,0,PLN_BASIC,expired,2025-12-28,2025-11-28,Basic,299.0,low,66,0,low,low
u001427,2025-10-20,2,value,web,organic,2026-01-30,6.13921568627451,897.0,3,PLN_BASIC,active,2026-01-30,2025-10-27,Basic,299.0,low,102,0,low,low
u001428,2025-12-17,3,value,mobile,paid_social,2026-01-30,8.706,499.0,1,PLN_STD,active,2026-01-30,2025-12-20,Standard,499.0,mid,44,0,medium,mid
u001429,2025-07-11,2,regular,mobile,organic,2026-01-30,16.117055837563452,1196.0,4,PLN_BASIC,active,2026-01-30,2025-07-11,Basic,299.0,low,203,0,medium,low
u001430,2025-11-18,2,regular,mobile,paid_social,2026-01-30,17.37821917808219,1598.0,2,PLN_PREM,active,2026-01-30,2025-11-22,Premium,799.0,high,73,0,high,high
u001431,2025-08-31,3,regular,mobile,referral,2026-01-30,18.36733333333333,1495.0,5,PLN_BASIC,active,2026-01-30,2025-09-02,Basic,299.0,low,152,0,high,low
u001432,2025-06-20,3,regular,mobile,paid_social,2026-01-30,20.72105769230769,3493.0,7,PLN_STD,active,2026-01-30,2025-06-26,Standard,499.0,mid,224,0,high,mid
u001433,2025-06-16,1,value,web,organic,2026-01-30,7.981190476190476,2093.0,7,PLN_BASIC,active,2026-01-30,2025-06-17,Basic,299.0,low,228,0,low,low
u001434,2025-09-23,2,regular,mobile,organic,2026-01-30,17.683178294573644,1497.0,3,PLN_STD,active,2026-01-30,2025-09-29,Standard,499.0,mid,129,0,high,mid
u001435,2025-07-24,2,value,web,organic,2026-01-30,8.052827225130889,1794.0,6,PLN_BASIC,active,2026-01-30,2025-07-29,Basic,299.0,low,190,0,low,low
u001436,2025-05-30,2,premium,mobile,organic,2026-01-30,28.550653266331658,5593.0,7,PLN_PREM,active,2026-01-30,2025-06-02,Premium,799.0,high,245,0,high,high
u001437,2025-08-20,1,value,web,search,2026-01-30,5.368271604938271,1196.0,4,PLN_BASIC,cancelled,2025-12-22,2025-08-24,Basic,299.0,low,163,0,low,low
u001438,2025-10-15,2,regular,mobile,search,2026-01-30,14.87588785046729,2397.0,3,PLN_PREM,active,2026-01-30,2025-10-15,Premium,799.0,high,107,0,medium,high
u001439,2025-07-24,2,premium,web,organic,2026-01-29,27.194628571428574,4794.0,6,PLN_PREM,active,2026-01-30,2025-07-28,Premium,799.0,high,190,0,high,high
u001440,2025-12-30,2,regular,web,organic,2026-01-30,18.3215625,499.0,1,PLN_STD,active,2026-01-30,2026-01-05,Standard,499.0,mid,31,0,high,mid
u001441,2025-11-16,3,regular,web,email,2026-01-30,10.12671052631579,598.0,2,PLN_BASIC,cancelled,2026-01-19,2025-11-20,Basic,299.0,low,75,0,medium,low
u001442,2025-09-10,2,regular,web,organic,2026-01-30,17.273333333333333,1996.0,4,PLN_STD,active,2026-01-30,2025-09-14,Standard,499.0,mid,142,0,high,mid
u001443,2025-12-25,3,value,web,organic,2026-01-30,5.933513513513513,499.0,1,PLN_STD,cancelled,2026-01-28,2025-12-29,Standard,499.0,mid,36,0,low,mid
u001444,2025-08-21,3,regular,web,search,2026-01-30,8.433710691823899,897.0,3,PLN_BASIC,cancelled,2025-11-22,2025-08-24,Basic,299.0,low,162,0,medium,low
u001445,2025-06-09,3,premium,web,organic,2026-01-30,13.926274509803921,3995.0,5,PLN_PREM,cancelled,2025-11-06,2025-06-09,Premium,799.0,high,235,0,medium,high
u001446,2025-05-13,1,premium,mobile,email,2026-01-30,24.904191919191916,6392.0,8,PLN_PREM,active,2026-01-30,2025-05-14,Premium,799.0,high,262,0,high,high
u001447,2025-12-26,3,regular,web,organic,2026-01-30,15.527428571428572,299.0,1,PLN_BASIC,active,2026-01-30,2025-12-31,Basic,299.0,low,35,0,medium,low
u001448,2025-12-31,1,value,mobile,paid_social,2026-01-30,4.889,299.0,1,PLN_BASIC,cancelled,2026-01-30,2026-01-04,Basic,299.0,low,30,0,low,low
u001449,2025-11-06,2,regular,web,paid_social,2026-01-30,18.03607142857143,998.0,2,PLN_STD,active,2026-01-30,2025-11-08,Standard,499.0,mid,85,0,high,mid
u001450,2025-05-30,3,regular,mobile,referral,2026-01-30,16.885192307692307,2093.0,7,PLN_BASIC,active,2026-01-30,2025-06-03,Basic,299.0,low,245,0,high,low
u001451,2025-07-17,2,value,web,paid_social,2026-01-30,7.012182741116752,1794.0,6,PLN_BASIC,active,2026-01-30,2025-07-18,Basic,299.0,low,197,0,low,low
u001452,2025-05-15,2,value,web,paid_social,2026-01-30,8.283175355450236,2392.0,8,PLN_BASIC,active,2026-01-30,2025-05-22,Basic,299.0,low,260,0,low,low
u001453,2025-05-17,2,value,mobile,search,2026-01-30,8.438086124401913,2093.0,7,PLN_BASIC,active,2026-01-30,2025-05-18,Basic,299.0,low,258,0,medium,low
u001454,2025-07-05,3,regular,mobile,search,2026-01-30,18.26526570048309,1794.0,6,PLN_BASIC,active,2026-01-30,2025-07-10,Basic,299.0,low,209,0,high,low
u001455,2025-09-25,2,value,web,paid_social,2026-01-30,7.783937007874015,1196.0,4,PLN_BASIC,active,2026-01-30,2025-09-28,Basic,299.0,low,127,0,low,low
u001456,2025-05-21,2,value,web,search,2026-01-30,7.128612440191388,3992.0,8,PLN_STD,cancelled,2026-01-22,2025-05-27,Standard,499.0,mid,254,0,low,mid
u001457,2026-01-07,3,value,web,search,2026-01-30,13.687083333333334,499.0,1,PLN_STD,active,2026-01-30,2026-01-09,Standard,499.0,mid,23,0,medium,mid
u001458,2025-08-27,1,premium,web,organic,2026-01-30,21.746979865771813,1996.0,4,PLN_STD,cancelled,2025-12-29,2025-08-31,Standard,499.0,mid,156,0,high,mid
u001459,2025-07-10,1,value,web,organic,2026-01-30,8.075208059634287,1794.0,6,PLN_BASIC,active,2026-01-30,2025-07-13,Basic,299.0,low,204,0,low,low
u001460,2025-09-11,2,value,mobile,search,2026-01-30,9.380642857142856,1196.0,4,PLN_BASIC,active,2026-01-30,2025-09-15,Basic,299.0,low,141,0,medium,low
u001461,2025-11-19,3,regular,web,organic,2026-01-30,13.84,598.0,2,PLN_BASIC,active,2026-01-30,2025-11-24,Basic,299.0,low,72,0,medium,low
u001462,2025-07-22,1,value,mobile,search,2026-01-30,8.136113989637305,2994.0,6,PLN_STD,active,2026-01-30,2025-07-27,Standard,499.0,mid,192,0,low,mid
u001463,2025-05-16,1,premium,web,organic,2026-01-30,24.2251,3992.0,8,PLN_STD,active,2026-01-30,2025-05-23,Standard,499.0,mid,259,0,high,mid
u001464,2025-05-17,1,premium,web,search,2026-01-30,26.47479591836735,5593.0,7,PLN_PREM,active,2026-01-30,2025-05-18,Premium,799.0,high,258,0,high,high
u001465,2025-12-04,3,regular,web,paid_social,2026-01-30,4.892678571428571,0.0,0,PLN_BASIC,expired,2026-01-03,2025-12-04,Basic,299.0,low,57,0,low,low
u001466,2025-06-02,1,regular,web,search,2026-01-30,16.91855072463768,2093.0,7,PLN_BASIC,active,2026-01-30,2025-06-08,Basic,299.0,low,242,0,high,low
u001467,2025-10-11,2,value,web,paid_social,2026-01-30,4.14,598.0,2,PLN_BASIC,expired,2026-01-13,2025-10-15,Basic,299.0,low,111,0,low,low
u001468,2025-08-09,3,value,mobile,organic,2026-01-30,6.812514285714286,2495.0,5,PLN_STD,cancelled,2026-01-10,2025-08-13,Standard,499.0,mid,174,0,low,mid
u001469,2025-11-16,1,value,mobile,organic,2026-01-30,10.06418918918919,299.0,1,PLN_BASIC,active,2026-01-30,2025-11-17,Basic,299.0,low,75,0,medium,low
u001470,2025-05-20,2,value,web,paid_social,2026-01-30,8.338125,3992.0,8,PLN_STD,active,2026-01-30,2025-05-26,Standard,499.0,mid,255,0,low,mid
u001471,2025-12-16,2,value,web,referral,2026-01-30,7.873695652173913,299.0,1,PLN_BASIC,active,2026-01-30,2025-12-18,Basic,299.0,low,45,0,low,low
u001472,2025-10-27,3,regular,mobile,paid_social,2026-01-30,16.1853125,598.0,2,PLN_BASIC,active,2026-01-30,2025-11-03,Basic,299.0,low,95,0,medium,low
u001473,2025-08-25,2,value,web,paid_social,2026-01-30,8.611483870967742,1196.0,4,PLN_BASIC,cancelled,2026-01-26,2025-08-29,Basic,299.0,low,158,0,medium,low
u001474,2025-06-25,2,value,web,paid_social,2026-01-30,8.883719806763285,2093.0,7,PLN_BASIC,active,2026-01-30,2025-07-01,Basic,299.0,low,219,0,medium,low
u001475,2026-01-05,1,regular,mobile,paid_social,2026-01-30,13.616,0.0,0,PLN_STD,expired,2026-01-30,2026-01-06,Standard,499.0,mid,25,0,medium,mid
u001476,2025-07-19,2,regular,web,paid_social,2026-01-30,18.057916666666667,1794.0,6,PLN_BASIC,active,2026-01-30,2025-07-20,Basic,299.0,low,195,0,high,low
u001477,2025-09-05,3,value,web,paid_social,2026-01-30,7.982925170068027,1196.0,4,PLN_BASIC,active,2026-01-30,2025-09-07,Basic,299.0,low,147,0,low,low
u001478,2025-08-11,1,value,web,organic,2026-01-30,8.434651162790697,1495.0,5,PLN_BASIC,active,2026-01-30,2025-08-16,Basic,299.0,low,172,0,medium,low
u001479,2025-07-01,2,value,mobile,organic,2026-01-30,10.106666666666666,1794.0,6,PLN_BASIC,active,2026-01-30,2025-07-05,Basic,299.0,low,213,0,medium,low
u001480,2025-08-17,3,value,web,search,2026-01-30,3.274727272727273,598.0,2,PLN_BASIC,cancelled,2025-10-18,2025-08-19,Basic,299.0,low,166,0,low,low
u001481,2025-06-12,1,regular,mobile,search,2026-01-30,17.854567307692307,2093.0,7,PLN_BASIC,active,2026-01-30,2025-06-17,Basic,299.0,low,232,0,high,low
u001482,2025-05-05,2,premium,web,paid_social,2026-01-30,25.594221105527637,5593.0,7,PLN_PREM,active,2026-01-30,2025-05-08,Premium,799.0,high,270,0,high,high
u001483,2025-07-16,2,regular,web,organic,2026-01-30,16.78336787564767,4794.0,6,PLN_PREM,active,2026-01-30,2025-07-20,Premium,799.0,high,198,0,high,high
u001484,2025-06-02,2,regular,web,organic,2026-01-30,19.931449275362322,2392.0,8,PLN_BASIC,active,2026-01-30,2025-06-02,Basic,299.0,low,242,0,high,low
u001485,2025-08-17,2,regular,mobile,referral,2026-01-30,17.117987804878048,3995.0,5,PLN_PREM,active,2026-01-30,2025-08-23,Premium,799.0,high,166,0,high,high
u001486,2025-12-07,2,regular,web,organic,2026-01-30,10.100000000000001,499.0,1,PLN_STD,cancelled,2026-01-08,2025-12-09,Standard,499.0,mid,54,0,medium,mid
u001487,2025-06-14,1,value,mobile,referral,2026-01-30,5.500191387559808,1495.0,5,PLN_BASIC,cancelled,2025-11-18,2025-06-21,Basic,299.0,low,230,0,low,low
u001488,2025-05-05,2,value,web,organic,2026-01-30,7.077809523809523,2392.0,8,PLN_BASIC,active,2026-01-30,2025-05-10,Basic,299.0,low,270,0,low,low
u001489,2025-06-01,2,regular,web,search,2026-01-30,0.0,299.0,1,PLN_BASIC,cancelled,2025-07-06,2025-06-06,Basic,299.0,low,243,0,low,low
u001490,2025-09-09,2,regular,web,search,2026-01-30,14.030851063829786,1497.0,3,PLN_STD,expired,2026-01-07,2025-09-09,Standard,499.0,mid,143,0,medium,mid
u001491,2025-07-12,1,value,web,organic,2026-01-30,6.716336633663366,2994.0,6,PLN_STD,cancelled,2026-01-10,2025-07-14,Standard,499.0,mid,202,0,low,mid
u001492,2025-09-04,3,value,web,organic,2026-01-30,6.736054421768707,1996.0,4,PLN_STD,active,2026-01-30,2025-09-09,Standard,499.0,mid,148,0,low,mid
u001493,2025-05-12,1,value,mobile,organic,2026-01-30,3.523285714285714,1495.0,5,PLN_BASIC,cancelled,2025-10-11,2025-05-14,Basic,299.0,low,263,0,low,low
u001494,2025-07-27,3,value,mobile,organic,2026-01-30,6.914972972972973,2994.0,6,PLN_STD,cancelled,2026-01-29,2025-08-02,Standard,499.0,mid,187,0,low,mid
u001495,2025-08-15,2,regular,mobile,organic,2026-01-30,15.759454545454545,2495.0,5,PLN_STD,active,2026-01-30,2025-08-20,Standard,499.0,mid,168,0,medium,mid
u001496,2025-08-21,3,regular,mobile,referral,2026-01-30,15.310189873417723,2495.0,5,PLN_STD,active,2026-01-30,2025-08-25,Standard,499.0,mid,162,0,medium,mid
u001497,2025-09-20,1,regular,web,organic,2026-01-30,18.64969465648855,1196.0,4,PLN_BASIC,active,2026-01-30,2025-09-25,Basic,299.0,low,132,0,high,low
u001498,2025-11-16,1,value,mobile,search,2026-01-30,7.3572,598.0,2,PLN_BASIC,active,2026-01-30,2025-11-17,Basic,299.0,low,75,0,low,low
u001499,2025-08-30,2,value,web,organic,2026-01-30,9.935359477124184,1495.0,5,PLN_BASIC,active,2026-01-30,2025-09-02,Basic,299.0,low,153,0,medium,low
u001500,2025-12-02,1,regular,mobile,email,2026-01-30,14.924406779661016,499.0,1,PLN_STD,active,2026-01-30,2025-12-02,Standard,499.0,mid,59,0,medium,mid
u001501,2025-09-14,1,regular,mobile,referral,2026-01-30,14.732014925373134,1996.0,4,PLN_STD,active,2026-01-30,2025-09-20,Standard,499.0,mid,138,0,medium,mid
u001502,2025-07-09,2,value,web,email,2026-01-30,7.016960784313726,1794.0,6,PLN_BASIC,active,2026-01-30,2025-07-11,Basic,299.0,low,205,0,low,low
u001503,2025-07-01,3,value,mobile,email,2026-01-30,7.8158095238095235,2093.0,7,PLN_BASIC,active,2026-01-30,2025-07-03,Basic,299.0,low,213,0,low,low
u001504,2025-07-24,1,regular,mobile,organic,2026-01-30,15.464656084656086,2994.0,6,PLN_STD,active,2026-01-30,2025-07-26,Standard,499.0,mid,190,0,medium,mid
u001505,2025-10-01,3,regular,web,paid_social,2026-01-30,3.6795833333333334,0.0,0,PLN_STD,expired,2025-11-07,2025-10-08,Standard,499.0,mid,121,0,low,mid
u001506,2025-07-04,3,premium,mobile,organic,2026-01-30,24.49422110552764,4794.0,6,PLN_PREM,active,2026-01-30,2025-07-05,Premium,799.0,high,210,0,high,high
u001507,2025-12-20,3,regular,web,referral,2026-01-30,16.695714285714285,299.0,1,PLN_BASIC,active,2026-01-30,2025-12-25,Basic,299.0,low,41,0,high,low
u001508,2025-09-02,2,regular,web,search,2026-01-30,18.872567567567568,1196.0,4,PLN_BASIC,active,2026-01-30,2025-09-05,Basic,299.0,low,150,0,high,low
u001509,2025-12-07,2,regular,web,search,2026-01-30,19.606545454545454,299.0,1,PLN_BASIC,active,2026-01-30,2025-12-10,Basic,299.0,low,54,0,high,low
u001510,2025-10-23,2,value,mobile,email,2026-01-30,6.88765306122449,598.0,2,PLN_BASIC,cancelled,2025-12-23,2025-10-24,Basic,299.0,low,99,0,low,low
u001511,2025-07-27,2,regular,web,referral,2026-01-30,17.21282608695652,1794.0,6,PLN_BASIC,active,2026-01-30,2025-07-30,Basic,299.0,low,187,0,high,low
u001512,2025-07-01,3,regular,mobile,email,2026-01-30,14.591304347826087,2093.0,7,PLN_BASIC,active,2026-01-30,2025-07-03,Basic,299.0,low,213,0,medium,low
u001513,2025-11-07,1,value,web,organic,2026-01-30,9.074878048780487,598.0,2,PLN_BASIC,active,2026-01-30,2025-11-14,Basic,299.0,low,84,0,medium,low
u001514,2025-07-27,2,premium,web,organic,2026-01-30,25.471333333333334,4794.0,6,PLN_PREM,active,2026-01-30,2025-07-30,Premium,799.0,high,187,0,high,high
u001515,2025-07-05,1,value,mobile,organic,2026-01-30,9.810531400966184,1495.0,5,PLN_BASIC,active,2026-01-30,2025-07-12,Basic,299.0,low,209,0,medium,low
u001516,2025-12-24,3,value,web,search,2026-01-30,9.944736842105263,299.0,1,PLN_BASIC,active,2026-01-30,2025-12-27,Basic,299.0,low,37,0,medium,low
u001517,2025-09-03,2,value,mobile,search,2026-01-30,10.235,1196.0,4,PLN_BASIC,active,2026-01-30,2025-09-03,Basic,299.0,low,149,0,medium,low
u001518,2025-05-17,2,premium,web,organic,2026-01-30,27.612350000000003,6392.0,8,PLN_PREM,active,2026-01-30,2025-05-22,Premium,799.0,high,258,0,high,high
u001519,2025-09-06,3,premium,mobile,referral,2026-01-30,26.080575539568343,2397.0,3,PLN_PREM,active,2026-01-30,2025-09-10,Premium,799.0,high,146,0,high,high
u001520,2025-08-28,3,regular,mobile,organic,2026-01-30,13.052810457516339,1996.0,4,PLN_STD,cancelled,2026-01-30,2025-09-02,Standard,499.0,mid,155,0,medium,mid
u001521,2025-12-07,1,premium,web,paid_social,2026-01-29,28.939361702127663,799.0,1,PLN_PREM,active,2026-01-30,2025-12-08,Premium,799.0,high,54,0,high,high
u001522,2025-10-30,3,premium,web,referral,2026-01-30,17.718117647058822,499.0,1,PLN_STD,expired,2026-01-05,2025-11-06,Standard,499.0,mid,92,0,high,mid
u001523,2025-06-22,3,regular,web,paid_social,2026-01-30,5.016824644549763,998.0,2,PLN_STD,expired,2025-09-22,2025-06-24,Standard,499.0,mid,222,0,low,mid
u001524,2025-06-11,1,premium,mobile,search,2026-01-30,26.741288659793817,4794.0,6,PLN_PREM,active,2026-01-30,2025-06-15,Premium,799.0,high,233,0,high,high
u001525,2025-10-03,3,regular,mobile,organic,2026-01-30,16.99775,1497.0,3,PLN_STD,active,2026-01-30,2025-10-05,Standard,499.0,mid,119,0,high,mid
u001526,2025-05-16,2,regular,web,organic,2026-01-30,16.97578431372549,3992.0,8,PLN_STD,active,2026-01-30,2025-05-20,Standard,499.0,mid,259,0,high,mid
u001527,2025-07-24,2,regular,web,paid_social,2026-01-30,11.81557894736842,1996.0,4,PLN_STD,cancelled,2025-11-24,2025-07-27,Standard,499.0,mid,190,0,medium,mid
u001528,2025-06-08,2,regular,mobile,search,2026-01-30,9.852153110047846,3196.0,4,PLN_PREM,expired,2025-11-12,2025-06-15,Premium,799.0,high,236,0,medium,high
u001529,2025-05-10,2,value,web,organic,2026-01-30,9.024545454545454,2392.0,8,PLN_BASIC,active,2026-01-30,2025-05-11,Basic,299.0,low,265,0,medium,low
u001530,2025-12-21,1,regular,mobile,email,2026-01-30,19.082439024390244,499.0,1,PLN_STD,active,2026-01-30,2025-12-28,Standard,499.0,mid,40,0,high,mid
u001531,2025-05-27,1,premium,mobile,paid_social,2026-01-30,9.668599033816426,2397.0,3,PLN_PREM,expired,2025-09-24,2025-05-27,Premium,799.0,high,248,0,medium,high
u001532,2025-05-07,1,value,web,referral,2026-01-30,1.4055238095238096,598.0,2,PLN_BASIC,expired,2025-08-10,2025-05-12,Basic,299.0,low,268,0,low,low
u001533,2025-12-25,2,premium,web,search,2026-01-30,15.715555555555556,799.0,1,PLN_PREM,active,2026-01-30,2025-12-30,Premium,799.0,high,36,0,medium,high
u001534,2025-06-21,2,value,web,email,2026-01-30,7.435458937198068,2994.0,6,PLN_STD,active,2026-01-30,2025-06-23,Standard,499.0,mid,223,0,low,mid
u001535,2025-11-25,1,value,web,organic,2026-01-30,7.271212121212121,998.0,2,PLN_STD,active,2026-01-30,2025-11-27,Standard,499.0,mid,66,0,low,mid
u001536,2025-05-12,2,value,mobile,organic,2026-01-30,9.704951923076923,2392.0,8,PLN_BASIC,active,2026-01-30,2025-05-19,Basic,299.0,low,263,0,medium,low
u001537,2025-06-12,2,regular,mobile,referral,2026-01-30,19.01019417475728,5593.0,7,PLN_PREM,active,2026-01-30,2025-06-12,Premium,799.0,high,232,0,high,high
u001538,2025-06-01,2,regular,mobile,referral,2026-01-29,17.707303921568627,3992.0,8,PLN_STD,active,2026-01-30,2025-06-03,Standard,499.0,mid,243,0,high,mid
u001539,2025-10-29,3,value,web,search,2026-01-30,10.207978723404254,897.0,3,PLN_BASIC,active,2026-01-30,2025-10-30,Basic,299.0,low,93,0,medium,low
u001540,2025-10-07,2,regular,web,organic,2026-01-30,14.447719298245614,897.0,3,PLN_BASIC,active,2026-01-30,2025-10-07,Basic,299.0,low,115,0,medium,low
u001541,2025-09-01,3,value,mobile,organic,2026-01-30,9.160313193250607,1996.0,4,PLN_STD,active,2026-01-30,2025-09-03,Standard,499.0,mid,151,0,medium,mid
u001542,2025-07-04,1,regular,web,paid_social,2026-01-30,16.892898550724638,1495.0,5,PLN_BASIC,active,2026-01-30,2025-07-05,Basic,299.0,low,210,0,high,low
u001543,2025-05-27,2,premium,web,referral,2026-01-30,23.85071794871795,5593.0,7,PLN_PREM,active,2026-01-30,2025-06-01,Premium,799.0,high,248,0,high,high
u001544,2025-09-24,3,regular,web,search,2026-01-30,15.952265625,3196.0,4,PLN_PREM,active,2026-01-30,2025-09-29,Premium,799.0,high,128,0,medium,high
u001545,2025-07-01,3,regular,mobile,organic,2026-01-30,17.083365384615384,3493.0,7,PLN_STD,active,2026-01-30,2025-07-02,Standard,499.0,mid,213,0,high,mid
u001546,2025-09-30,2,regular,mobile,paid_social,2026-01-30,14.795819672131147,897.0,3,PLN_BASIC,active,2026-01-30,2025-09-30,Basic,299.0,low,122,0,medium,low
u001547,2025-10-24,2,premium,web,paid_social,2026-01-29,27.24157894736842,2397.0,3,PLN_PREM,active,2026-01-30,2025-10-26,Premium,799.0,high,98,0,high,high
u001548,2025-12-04,2,value,mobile,search,2026-01-30,5.994912280701754,299.0,1,PLN_BASIC,active,2026-01-30,2025-12-08,Basic,299.0,low,57,0,low,low
u001549,2025-09-05,2,value,web,paid_social,2026-01-30,7.527191780821918,1196.0,4,PLN_BASIC,active,2026-01-30,2025-09-12,Basic,299.0,low,147,0,low,low
u001550,2025-05-06,3,value,web,email,2026-01-30,9.791090047393364,2392.0,8,PLN_BASIC,active,2026-01-30,2025-05-08,Basic,299.0,low,269,0,medium,low
u001551,2025-07-14,3,regular,web,organic,2026-01-30,12.497777777777777,1996.0,4,PLN_STD,cancelled,2025-12-12,2025-07-15,Standard,499.0,mid,200,0,medium,mid
u001552,2025-12-05,2,regular,mobile,search,2026-01-30,5.96,499.0,1,PLN_STD,cancelled,2026-01-04,2025-12-05,Standard,499.0,mid,56,0,low,mid
u001553,2025-09-15,1,regular,web,paid_social,2026-01-30,15.458106060606061,3196.0,4,PLN_PREM,active,2026-01-30,2025-09-21,Premium,799.0,high,137,0,medium,high
u001554,2025-10-07,2,value,web,search,2026-01-30,3.960603448275862,598.0,2,PLN_BASIC,cancelled,2025-12-13,2025-10-14,Basic,299.0,low,115,0,low,low
u001555,2025-08-27,1,value,web,referral,2026-01-30,8.497987012987013,1996.0,4,PLN_STD,active,2026-01-30,2025-08-30,Standard,499.0,mid,156,0,medium,mid
u001556,2025-06-14,1,regular,mobile,paid_social,2026-01-30,19.798028846153844,2093.0,7,PLN_BASIC,active,2026-01-30,2025-06-18,Basic,299.0,low,230,0,high,low
u001557,2025-12-16,2,premium,mobile,search,2026-01-30,29.486046511627908,499.0,1,PLN_STD,active,2026-01-30,2025-12-21,Standard,499.0,mid,45,0,high,mid
u001558,2025-11-15,2,value,web,organic,2026-01-30,5.056363636363636,598.0,2,PLN_BASIC,active,2026-01-30,2025-11-21,Basic,299.0,low,76,0,low,low
u001559,2026-01-09,1,value,mobile,paid_social,2026-01-30,8.549545454545454,0.0,0,PLN_BASIC,active,2026-01-30,2026-01-10,Basic,299.0,low,21,0,medium,low
u001560,2025-12-05,1,value,web,organic,2026-01-30,8.359107142857143,299.0,1,PLN_BASIC,active,2026-01-30,2025-12-07,Basic,299.0,low,56,0,low,low
u001561,2025-07-17,1,regular,web,organic,2026-01-30,18.20969696969697,4794.0,6,PLN_PREM,active,2026-01-30,2025-07-21,Premium,799.0,high,197,0,high,high
u001562,2025-07-07,3,value,mobile,search,2026-01-30,3.7681463414634147,897.0,3,PLN_BASIC,cancelled,2025-10-08,2025-07-10,Basic,299.0,low,207,0,low,low
u001563,2025-07-06,2,value,mobile,search,2026-01-30,8.895707317073171,1495.0,5,PLN_BASIC,active,2026-01-30,2025-07-09,Basic,299.0,low,208,0,medium,low
u001564,2025-12-21,1,regular,web,email,2026-01-30,19.917560975609756,299.0,1,PLN_BASIC,active,2026-01-30,2025-12-26,Basic,299.0,low,40,0,high,low
u001565,2025-09-21,1,value,mobile,paid_social,2026-01-30,11.327404580152672,1196.0,4,PLN_BASIC,active,2026-01-30,2025-09-21,Basic,299.0,low,131,0,medium,low
u001566,2025-08-27,2,regular,web,referral,2026-01-30,13.806064516129032,1495.0,5,PLN_BASIC,active,2026-01-30,2025-09-01,Basic,299.0,low,156,0,medium,low
u001567,2026-01-03,2,value,mobile,search,2026-01-30,12.11925925925926,299.0,1,PLN_BASIC,active,2026-01-30,2026-01-06,Basic,299.0,low,27,0,medium,low
u001568,2025-10-03,2,premium,mobile,search,2026-01-30,4.690254237288136,499.0,1,PLN_STD,cancelled,2025-11-03,2025-10-04,Standard,499.0,mid,119,0,low,mid
u001569,2025-12-19,2,regular,mobile,email,2026-01-30,16.118780487804877,499.0,1,PLN_STD,active,2026-01-30,2025-12-20,Standard,499.0,mid,42,0,medium,mid
u001570,2026-01-07,3,value,web,search,2026-01-30,8.969130434782608,299.0,1,PLN_BASIC,cancelled,2026-01-30,2026-01-12,Basic,299.0,low,23,0,medium,low
u001571,2025-05-24,2,value,mobile,referral,2026-01-30,8.159665071770336,3493.0,7,PLN_STD,active,2026-01-30,2025-05-26,Standard,499.0,mid,251,0,low,mid
u001572,2025-08-03,2,regular,mobile,search,2026-01-30,3.7452486187845304,299.0,1,PLN_BASIC,cancelled,2025-09-07,2025-08-08,Basic,299.0,low,180,0,low,low
u001573,2025-11-05,1,premium,web,organic,2026-01-30,29.437073170731708,1598.0,2,PLN_PREM,active,2026-01-30,2025-11-10,Premium,799.0,high,86,0,high,high
u001574,2025-11-25,3,value,web,paid_social,2026-01-30,9.601846153846154,499.0,1,PLN_STD,active,2026-01-30,2025-12-02,Standard,499.0,mid,66,0,medium,mid
u001575,2025-06-11,3,value,mobile,organic,2026-01-30,10.109950980392156,2093.0,7,PLN_BASIC,active,2026-01-30,2025-06-12,Basic,299.0,low,233,0,medium,low
u001576,2025-07-23,2,value,web,organic,2026-01-30,8.011263157894737,1794.0,6,PLN_BASIC,active,2026-01-30,2025-07-23,Basic,299.0,low,191,0,low,low
u001577,2025-09-19,2,regular,mobile,organic,2026-01-30,15.59,1996.0,4,PLN_STD,active,2026-01-30,2025-09-26,Standard,499.0,mid,133,0,medium,mid
u001578,2025-11-21,1,premium,web,organic,2026-01-30,27.294057971014492,1598.0,2,PLN_PREM,active,2026-01-30,2025-11-24,Premium,799.0,high,70,0,high,high
u001579,2025-06-02,3,regular,mobile,search,2026-01-30,18.388585365853658,5593.0,7,PLN_PREM,active,2026-01-30,2025-06-04,Premium,799.0,high,242,0,high,high
u001580,2025-10-02,2,value,web,referral,2026-01-30,2.9733898305084745,0.0,0,PLN_BASIC,cancelled,2025-11-01,2025-10-02,Basic,299.0,low,120,0,low,low
u001581,2025-07-18,1,regular,mobile,search,2026-01-30,17.912731958762887,1794.0,6,PLN_BASIC,active,2026-01-30,2025-07-24,Basic,299.0,low,196,0,high,low
u001582,2025-06-28,2,regular,mobile,referral,2026-01-30,13.159805825242719,2994.0,6,PLN_STD,cancelled,2025-12-26,2025-06-29,Standard,499.0,mid,216,0,medium,mid
u001583,2025-09-11,2,value,web,search,2026-01-30,9.28231884057971,1996.0,4,PLN_STD,active,2026-01-30,2025-09-13,Standard,499.0,mid,141,0,medium,mid
u001584,2025-08-16,3,value,mobile,organic,2026-01-30,6.932848484848486,1495.0,5,PLN_BASIC,active,2026-01-30,2025-08-16,Basic,299.0,low,167,0,low,low
u001585,2025-10-11,2,value,mobile,organic,2026-01-30,9.798348623853212,1497.0,3,PLN_STD,active,2026-01-30,2025-10-18,Standard,499.0,mid,111,0,medium,mid
u001586,2025-07-23,2,regular,web,email,2026-01-30,18.064338624338625,2994.0,6,PLN_STD,active,2026-01-30,2025-07-25,Standard,499.0,mid,191,0,high,mid
u001587,2025-11-27,2,regular,web,paid_social,2026-01-30,7.9592307692307696,0.0,0,PLN_STD,cancelled,2026-01-02,2025-12-03,Standard,499.0,mid,64,0,low,mid
u001588,2025-05-24,2,regular,mobile,email,2026-01-30,16.103653846153847,6392.0,8,PLN_PREM,active,2026-01-30,2025-05-30,Premium,799.0,high,251,0,medium,high
u001589,2025-12-07,2,regular,mobile,organic,2026-01-30,15.980363636363638,499.0,1,PLN_STD,active,2026-01-30,2025-12-13,Standard,499.0,mid,54,0,medium,mid
u001590,2025-05-12,1,value,web,paid_social,2026-01-30,8.295071770334928,2093.0,7,PLN_BASIC,active,2026-01-30,2025-05-15,Basic,299.0,low,263,0,low,low
u001591,2025-11-05,3,value,mobile,paid_social,2026-01-30,11.721379310344828,299.0,1,PLN_BASIC,active,2026-01-30,2025-11-08,Basic,299.0,low,86,0,medium,low
u001592,2025-07-30,2,value,web,email,2026-01-30,7.347213114754098,1495.0,5,PLN_BASIC,active,2026-01-30,2025-08-04,Basic,299.0,low,184,0,low,low
u001593,2025-08-09,2,premium,web,organic,2026-01-30,28.77994011976048,3995.0,5,PLN_PREM,active,2026-01-30,2025-08-09,Premium,799.0,high,174,0,high,high
u001594,2025-05-09,1,regular,mobile,email,2026-01-30,14.07625,2392.0,8,PLN_BASIC,active,2026-01-30,2025-05-16,Basic,299.0,low,266,0,medium,low
u001595,2025-10-28,1,value,web,search,2026-01-30,7.881170212765958,598.0,2,PLN_BASIC,active,2026-01-30,2025-11-02,Basic,299.0,low,94,0,low,low
u001596,2025-06-15,2,value,web,referral,2026-01-30,8.246794258373205,3493.0,7,PLN_STD,active,2026-01-30,2025-06-17,Standard,499.0,mid,229,0,low,mid
u001597,2025-10-17,1,regular,web,search,2026-01-30,15.602761904761904,1497.0,3,PLN_STD,active,2026-01-30,2025-10-23,Standard,499.0,mid,105,0,medium,mid
u001598,2025-11-03,1,regular,web,search,2026-01-30,8.830674157303372,1598.0,2,PLN_PREM,cancelled,2026-01-05,2025-11-06,Premium,799.0,high,88,0,medium,high
u001599,2025-12-03,3,regular,web,search,2026-01-30,7.850862068965518,799.0,1,PLN_PREM,cancelled,2026-01-04,2025-12-05,Premium,799.0,high,58,0,low,high
u001600,2025-10-29,2,value,mobile,referral,2026-01-30,7.167934782608696,598.0,2,PLN_BASIC,active,2026-01-30,2025-11-02,Basic,299.0,low,93,0,low,low
u001601,2025-07-19,2,premium,web,organic,2026-01-30,27.160655737704918,4794.0,6,PLN_PREM,active,2026-01-30,2025-07-25,Premium,799.0,high,195,0,high,high
u001602,2025-11-06,2,regular,mobile,search,2026-01-30,18.45,998.0,2,PLN_STD,active,2026-01-30,2025-11-07,Standard,499.0,mid,85,0,high,mid
u001603,2025-11-28,3,regular,mobile,search,2026-01-30,21.03421875,998.0,2,PLN_STD,active,2026-01-30,2025-11-29,Standard,499.0,mid,63,0,high,mid
u001604,2025-07-23,2,regular,web,paid_social,2026-01-30,16.683101604278075,2994.0,6,PLN_STD,active,2026-01-30,2025-07-25,Standard,499.0,mid,191,0,high,mid
u001605,2025-06-05,3,premium,web,search,2026-01-30,26.25512315270936,5593.0,7,PLN_PREM,active,2026-01-30,2025-06-10,Premium,799.0,high,239,0,high,high
u001606,2025-12-14,3,premium,mobile,paid_social,2026-01-30,31.266521739130436,799.0,1,PLN_PREM,active,2026-01-30,2025-12-21,Premium,799.0,high,47,0,high,high
u001607,2025-06-11,2,regular,web,search,2026-01-30,16.46144230769231,5593.0,7,PLN_PREM,active,2026-01-30,2025-06-14,Premium,799.0,high,233,0,high,high
u001608,2025-10-01,2,regular,web,paid_social,2026-01-30,15.703032786885245,1497.0,3,PLN_STD,active,2026-01-30,2025-10-06,Standard,499.0,mid,121,0,medium,mid
u001609,2025-07-03,2,value,mobile,paid_social,2026-01-30,10.409425837320574,1794.0,6,PLN_BASIC,active,2026-01-30,2025-07-08,Basic,299.0,low,211,0,medium,low
u001610,2025-06-05,2,regular,mobile,paid_social,2026-01-30,15.406682692307694,2093.0,7,PLN_BASIC,active,2026-01-30,2025-06-09,Basic,299.0,low,239,0,medium,low
u001611,2025-11-15,2,regular,mobile,referral,2026-01-30,20.157333333333334,598.0,2,PLN_BASIC,active,2026-01-30,2025-11-16,Basic,299.0,low,76,0,high,low
u001612,2025-06-10,2,value,web,search,2026-01-30,5.242822966507177,1794.0,6,PLN_BASIC,cancelled,2025-12-13,2025-06-16,Basic,299.0,low,234,0,low,low
u001613,2025-10-20,2,value,web,organic,2026-01-30,6.787254901960784,897.0,3,PLN_BASIC,active,2026-01-30,2025-10-21,Basic,299.0,low,102,0,low,low
u001614,2025-10-25,1,premium,web,paid_social,2026-01-30,26.26115789473684,1497.0,3,PLN_STD,active,2026-01-30,2025-10-30,Standard,499.0,mid,97,0,high,mid
u001615,2025-05-20,2,premium,mobile,organic,2026-01-30,23.236954314720812,3992.0,8,PLN_STD,active,2026-01-30,2025-05-25,Standard,499.0,mid,255,0,high,mid
u001616,2025-06-17,1,premium,web,organic,2026-01-30,25.94909090909091,5593.0,7,PLN_PREM,active,2026-01-30,2025-06-17,Premium,799.0,high,227,0,high,high
u001617,2025-11-20,2,regular,web,referral,2026-01-30,15.253802816901409,1598.0,2,PLN_PREM,active,2026-01-30,2025-11-22,Premium,799.0,high,71,0,medium,high
u001618,2025-09-09,2,regular,web,search,2026-01-30,3.748741258741259,299.0,1,PLN_BASIC,cancelled,2025-10-15,2025-09-15,Basic,299.0,low,143,0,low,low
u001619,2025-06-04,3,regular,mobile,search,2026-01-30,14.438398058252426,2093.0,7,PLN_BASIC,cancelled,2026-01-07,2025-06-11,Basic,299.0,low,240,0,medium,low
u001620,2026-01-08,1,value,mobile,email,2026-01-30,8.726521739130435,299.0,1,PLN_BASIC,active,2026-01-30,2026-01-15,Basic,299.0,low,22,0,medium,low
u001621,2025-07-10,2,value,web,organic,2026-01-30,7.882463054187191,1495.0,5,PLN_BASIC,active,2026-01-30,2025-07-14,Basic,299.0,low,204,0,low,low
u001622,2025-05-06,2,premium,web,organic,2026-01-29,29.508499999999998,5593.0,7,PLN_PREM,active,2026-01-30,2025-05-09,Premium,799.0,high,269,0,high,high
u001623,2025-12-22,1,value,web,organic,2026-01-30,7.075,299.0,1,PLN_BASIC,active,2026-01-30,2025-12-22,Basic,299.0,low,39,0,low,low
u001624,2025-05-09,1,regular,web,organic,2026-01-30,0.17333333333333334,299.0,1,PLN_BASIC,expired,2025-07-10,2025-05-11,Basic,299.0,low,266,0,low,low
u001625,2025-09-20,1,regular,web,paid_social,2026-01-30,15.458923076923078,2397.0,3,PLN_PREM,active,2026-01-30,2025-09-25,Premium,799.0,high,132,0,medium,high
u001626,2026-01-09,1,regular,web,paid_social,2026-01-30,14.596363636363636,499.0,1,PLN_STD,active,2026-01-30,2026-01-16,Standard,499.0,mid,21,0,medium,mid
u001627,2025-09-27,2,value,mobile,search,2026-01-30,7.138174603174603,897.0,3,PLN_BASIC,active,2026-01-30,2025-10-03,Basic,299.0,low,125,0,low,low
u001628,2025-09-28,2,regular,mobile,organic,2026-01-30,12.720327868852458,1196.0,4,PLN_BASIC,active,2026-01-30,2025-09-28,Basic,299.0,low,124,0,medium,low
u001629,2025-08-10,2,value,mobile,search,2026-01-30,5.153793103448276,1996.0,4,PLN_STD,cancelled,2025-12-15,2025-08-17,Standard,499.0,mid,173,0,low,mid
u001630,2025-06-05,1,regular,mobile,organic,2026-01-30,16.37086124401914,2093.0,7,PLN_BASIC,active,2026-01-30,2025-06-06,Basic,299.0,low,239,0,high,low
u001631,2025-09-25,1,value,web,paid_social,2026-01-30,4.954330708661418,1497.0,3,PLN_STD,cancelled,2025-12-28,2025-09-29,Standard,499.0,mid,127,0,low,mid
u001632,2025-12-16,1,regular,web,paid_social,2026-01-30,20.99,299.0,1,PLN_BASIC,active,2026-01-30,2025-12-20,Basic,299.0,low,45,0,high,low
u001633,2025-05-27,2,regular,web,organic,2026-01-30,17.216538461538462,1794.0,6,PLN_BASIC,active,2026-01-30,2025-06-02,Basic,299.0,low,248,0,high,low
u001634,2025-12-11,2,value,mobile,referral,2026-01-30,2.7066666666666666,299.0,1,PLN_BASIC,cancelled,2026-01-10,2025-12-11,Basic,299.0,low,50,0,low,low
u001635,2025-08-17,2,value,web,paid_social,2026-01-30,9.162545454545453,2495.0,5,PLN_STD,active,2026-01-30,2025-08-24,Standard,499.0,mid,166,0,medium,mid
u001636,2025-09-16,1,regular,web,organic,2026-01-30,19.728394160583942,1196.0,4,PLN_BASIC,active,2026-01-30,2025-09-20,Basic,299.0,low,136,0,high,low
u001637,2025-06-15,1,value,web,paid_social,2026-01-30,1.0458173076923076,299.0,1,PLN_BASIC,cancelled,2025-08-21,2025-06-22,Basic,299.0,low,229,0,low,low
u001638,2025-10-08,3,value,web,paid_social,2026-01-30,4.406902654867257,598.0,2,PLN_BASIC,cancelled,2025-12-08,2025-10-09,Basic,299.0,low,114,0,low,low
u001639,2025-06-19,1,regular,mobile,organic,2026-01-30,15.390485436893204,2994.0,6,PLN_STD,active,2026-01-30,2025-06-23,Standard,499.0,mid,225,0,medium,mid
u001640,2025-07-12,1,premium,mobile,organic,2026-01-30,27.226984126984124,2994.0,6,PLN_STD,active,2026-01-30,2025-07-15,Standard,499.0,mid,202,0,high,mid
u001641,2025-11-02,1,regular,web,paid_social,2026-01-30,10.994606741573033,1598.0,2,PLN_PREM,cancelled,2026-01-07,2025-11-08,Premium,799.0,high,89,0,medium,high
u001642,2025-05-17,3,regular,mobile,email,2026-01-30,5.845961538461538,1196.0,4,PLN_BASIC,cancelled,2025-09-18,2025-05-21,Basic,299.0,low,258,0,low,low
u001643,2025-08-25,2,premium,web,search,2026-01-30,26.80448717948718,3995.0,5,PLN_PREM,active,2026-01-30,2025-08-29,Premium,799.0,high,158,0,high,high
u001644,2025-10-01,2,regular,web,search,2026-01-30,6.852857142857143,998.0,2,PLN_STD,cancelled,2025-12-02,2025-10-03,Standard,499.0,mid,121,0,low,mid
u001645,2025-06-07,3,regular,web,paid_social,2026-01-30,18.3175845410628,5593.0,7,PLN_PREM,active,2026-01-30,2025-06-14,Premium,799.0,high,237,0,high,high
u001646,2025-07-17,1,regular,mobile,search,2026-01-30,15.724489795918368,2495.0,5,PLN_STD,active,2026-01-30,2025-07-22,Standard,499.0,mid,197,0,medium,mid
u001647,2025-07-30,3,value,mobile,organic,2026-01-30,7.84792349726776,2495.0,5,PLN_STD,active,2026-01-30,2025-08-03,Standard,499.0,mid,184,0,low,mid
u001648,2025-10-18,1,value,web,search,2026-01-30,6.7788571428571425,598.0,2,PLN_BASIC,cancelled,2026-01-23,2025-10-25,Basic,299.0,low,104,0,low,low
u001649,2026-01-05,2,regular,mobile,email,2026-01-30,18.486153846153847,499.0,1,PLN_STD,active,2026-01-30,2026-01-10,Standard,499.0,mid,25,0,high,mid
u001650,2025-11-30,2,value,web,referral,2026-01-30,3.2922950819672128,299.0,1,PLN_BASIC,cancelled,2026-01-05,2025-12-06,Basic,299.0,low,61,0,low,low
u001651,2025-06-21,2,regular,web,email,2026-01-30,15.532222222222222,3493.0,7,PLN_STD,active,2026-01-30,2025-06-28,Standard,499.0,mid,223,0,medium,mid
u001652,2025-05-09,3,value,mobile,organic,2026-01-30,3.7791469194312794,1495.0,5,PLN_BASIC,cancelled,2025-10-08,2025-05-11,Basic,299.0,low,266,0,low,low
u001653,2025-05-18,1,regular,mobile,search,2026-01-30,16.015485436893204,2392.0,8,PLN_BASIC,active,2026-01-30,2025-05-20,Basic,299.0,low,257,0,medium,low
u001654,2025-10-01,3,value,mobile,paid_social,2026-01-30,7.230166666666666,897.0,3,PLN_BASIC,active,2026-01-30,2025-10-05,Basic,299.0,low,121,0,low,low
u001655,2025-06-13,2,regular,mobile,organic,2026-01-30,18.438380952380953,3493.0,7,PLN_STD,active,2026-01-30,2025-06-18,Standard,499.0,mid,231,0,high,mid
u001656,2025-07-02,2,regular,web,organic,2026-01-30,8.811714285714286,598.0,2,PLN_BASIC,expired,2025-11-04,2025-07-07,Basic,299.0,low,212,0,medium,low
u001657,2025-12-03,3,value,mobile,referral,2026-01-30,2.944406779661017,0.0,0,PLN_BASIC,expired,2026-01-06,2025-12-07,Basic,299.0,low,58,0,low,low
u001658,2025-12-10,1,value,mobile,paid_social,2026-01-30,10.833653846153847,299.0,1,PLN_BASIC,active,2026-01-30,2025-12-11,Basic,299.0,low,51,0,medium,low
u001659,2025-12-01,3,value,web,paid_social,2026-01-30,5.94728813559322,299.0,1,PLN_BASIC,active,2026-01-30,2025-12-05,Basic,299.0,low,60,0,low,low
u001660,2025-07-07,2,regular,web,organic,2026-01-30,18.250452261306535,1794.0,6,PLN_BASIC,active,2026-01-30,2025-07-12,Basic,299.0,low,207,0,high,low
u001661,2025-10-07,2,value,mobile,search,2026-01-30,7.122456140350877,897.0,3,PLN_BASIC,active,2026-01-30,2025-10-08,Basic,299.0,low,115,0,low,low
u001662,2025-10-05,1,regular,web,organic,2026-01-30,19.397777777777776,1497.0,3,PLN_STD,active,2026-01-30,2025-10-11,Standard,499.0,mid,117,0,high,mid
u001663,2025-06-20,2,value,web,organic,2026-01-30,7.898689320388349,3493.0,7,PLN_STD,active,2026-01-30,2025-06-24,Standard,499.0,mid,224,0,low,mid
u001664,2025-09-20,2,value,mobile,search,2026-01-30,7.6927067669172935,1196.0,4,PLN_BASIC,active,2026-01-30,2025-09-21,Basic,299.0,low,132,0,low,low
u001665,2025-09-13,2,regular,mobile,organic,2026-01-30,18.006058394160583,1196.0,4,PLN_BASIC,active,2026-01-30,2025-09-17,Basic,299.0,low,139,0,high,low
u001666,2025-08-12,1,regular,mobile,email,2026-01-30,16.382530120481928,1495.0,5,PLN_BASIC,active,2026-01-30,2025-08-15,Basic,299.0,low,171,0,high,low
u001667,2025-11-09,1,value,mobile,search,2026-01-30,8.877439024390245,598.0,2,PLN_BASIC,active,2026-01-30,2025-11-10,Basic,299.0,low,82,0,medium,low
u001668,2025-10-22,3,premium,web,organic,2026-01-30,31.618469387755102,2397.0,3,PLN_PREM,active,2026-01-30,2025-10-22,Premium,799.0,high,100,0,high,high
u001669,2025-09-15,1,value,mobile,organic,2026-01-30,1.589927536231884,499.0,1,PLN_STD,cancelled,2025-10-15,2025-09-15,Standard,499.0,mid,137,0,low,mid
u001670,2025-11-03,2,value,web,paid_social,2026-01-30,9.143932584269661,598.0,2,PLN_BASIC,active,2026-01-30,2025-11-07,Basic,299.0,low,88,0,medium,low
u001671,2025-11-12,3,regular,mobile,organic,2026-01-30,15.135064935064936,998.0,2,PLN_STD,active,2026-01-30,2025-11-19,Standard,499.0,mid,79,0,medium,mid
u001672,2025-09-24,1,regular,web,organic,2026-01-30,1.368062015503876,499.0,1,PLN_STD,cancelled,2025-10-25,2025-09-25,Standard,499.0,mid,128,0,low,mid
u001673,2025-07-11,1,regular,mobile,search,2026-01-30,14.971182266009853,1996.0,4,PLN_STD,active,2026-01-30,2025-07-13,Standard,499.0,mid,203,0,medium,mid
u001674,2025-11-11,2,value,mobile,organic,2026-01-30,6.12025,499.0,1,PLN_STD,expired,2026-01-10,2025-11-11,Standard,499.0,mid,80,0,low,mid
u001675,2025-11-01,1,premium,mobile,paid_social,2026-01-30,32.95258426966292,998.0,2,PLN_STD,active,2026-01-30,2025-11-08,Standard,499.0,mid,90,0,high,mid
u001676,2026-01-06,2,regular,web,search,2026-01-30,13.0332,0.0,0,PLN_BASIC,expired,2026-01-30,2026-01-09,Basic,299.0,low,24,0,medium,low
u001677,2025-06-11,2,premium,web,organic,2026-01-30,23.443705583756344,5593.0,7,PLN_PREM,active,2026-01-30,2025-06-16,Premium,799.0,high,233,0,high,high
u001678,2025-08-18,2,regular,web,referral,2026-01-30,15.437012195121952,3196.0,4,PLN_PREM,active,2026-01-30,2025-08-18,Premium,799.0,high,165,0,medium,high
u001679,2025-12-22,2,premium,web,search,2026-01-30,12.13575,499.0,1,PLN_STD,cancelled,2026-01-21,2025-12-22,Standard,499.0,mid,39,0,medium,mid
u001680,2025-09-11,2,regular,mobile,paid_social,2026-01-30,7.056879432624114,499.0,1,PLN_STD,expired,2025-11-17,2025-09-18,Standard,499.0,mid,141,0,low,mid
u001681,2025-12-27,2,value,web,organic,2026-01-30,8.315142857142856,299.0,1,PLN_BASIC,active,2026-01-30,2026-01-03,Basic,299.0,low,34,0,low,low
u001682,2025-05-08,1,regular,mobile,paid_social,2026-01-30,16.118932038834952,3992.0,8,PLN_STD,active,2026-01-30,2025-05-13,Standard,499.0,mid,267,0,medium,mid
u001683,2025-05-13,2,regular,web,organic,2026-01-30,3.174615384615385,1497.0,3,PLN_STD,cancelled,2025-08-16,2025-05-18,Standard,499.0,mid,262,0,low,mid
u001684,2025-11-20,3,regular,web,search,2026-01-30,16.764714285714284,598.0,2,PLN_BASIC,active,2026-01-30,2025-11-25,Basic,299.0,low,71,0,high,low
u001685,2025-08-02,2,regular,mobile,organic,2026-01-30,18.83596685082873,2495.0,5,PLN_STD,active,2026-01-30,2025-08-04,Standard,499.0,mid,181,0,high,mid
u001686,2025-09-12,2,value,web,email,2026-01-30,7.076376811594202,897.0,3,PLN_BASIC,cancelled,2026-01-16,2025-09-18,Basic,299.0,low,140,0,low,low
u001687,2025-08-20,2,regular,web,organic,2026-01-30,15.224285714285715,2495.0,5,PLN_STD,active,2026-01-30,2025-08-21,Standard,499.0,mid,163,0,medium,mid
u001688,2025-08-15,1,value,web,email,2026-01-30,7.609583333333334,1495.0,5,PLN_BASIC,active,2026-01-30,2025-08-20,Basic,299.0,low,168,0,low,low
u001689,2025-12-26,1,premium,web,email,2026-01-30,26.69212121212121,799.0,1,PLN_PREM,active,2026-01-30,2026-01-02,Premium,799.0,high,35,0,high,high
u001690,2025-05-28,1,value,mobile,search,2026-01-30,8.255336538461538,3992.0,8,PLN_STD,active,2026-01-30,2025-05-29,Standard,499.0,mid,247,0,low,mid
u001691,2025-11-14,3,value,web,organic,2026-01-30,6.075263157894737,998.0,2,PLN_STD,active,2026-01-30,2025-11-21,Standard,499.0,mid,77,0,low,mid
u001692,2025-12-14,1,regular,web,search,2026-01-30,21.038297872340426,799.0,1,PLN_PREM,active,2026-01-30,2025-12-17,Premium,799.0,high,47,0,high,high
u001693,2025-10-17,3,regular,mobile,email,2026-01-30,18.951634615384616,1497.0,3,PLN_STD,active,2026-01-30,2025-10-17,Standard,499.0,mid,105,0,high,mid
u001694,2025-08-12,1,regular,web,paid_social,2026-01-30,18.67298245614035,2495.0,5,PLN_STD,active,2026-01-30,2025-08-12,Standard,499.0,mid,171,0,high,mid
u001695,2025-06-14,2,premium,mobile,search,2026-01-30,27.39929292929293,5593.0,7,PLN_PREM,active,2026-01-30,2025-06-16,Premium,799.0,high,230,0,high,high
u001696,2025-10-23,2,value,unknown,organic,2026-01-30,6.21265306122449,897.0,3,PLN_BASIC,active,2026-01-30,2025-10-24,Basic,299.0,low,99,0,low,low
u001697,2025-08-30,2,regular,mobile,referral,2026-01-30,16.129178082191782,2495.0,5,PLN_STD,active,2026-01-30,2025-08-31,Standard,499.0,mid,153,0,medium,mid
u001698,2025-06-11,3,value,web,organic,2026-01-30,0.29699029126213594,299.0,1,PLN_BASIC,cancelled,2025-07-11,2025-06-11,Basic,299.0,low,233,0,low,low
u001699,2025-08-03,3,regular,web,organic,2026-01-30,15.842290502793295,1996.0,4,PLN_STD,active,2026-01-30,2025-08-10,Standard,499.0,mid,180,0,medium,mid
u001700,2026-01-01,3,regular,mobile,organic,2026-01-30,16.25766666666667,299.0,1,PLN_BASIC,active,2026-01-30,2026-01-07,Basic,299.0,low,29,0,medium,low
u001701,2025-07-10,1,value,mobile,search,2026-01-30,2.0738725490196077,299.0,1,PLN_BASIC,cancelled,2025-09-08,2025-07-10,Basic,299.0,low,204,0,low,low
u001702,2025-06-18,3,regular,mobile,referral,2026-01-30,17.74950980392157,2093.0,7,PLN_BASIC,active,2026-01-30,2025-06-18,Basic,299.0,low,226,0,high,low
u001703,2025-10-23,1,regular,mobile,referral,2026-01-30,20.244040404040405,897.0,3,PLN_BASIC,active,2026-01-30,2025-10-23,Basic,299.0,low,99,0,high,low
u001704,2025-06-24,3,value,web,organic,2026-01-30,8.614243902439025,3493.0,7,PLN_STD,active,2026-01-30,2025-06-28,Standard,499.0,mid,220,0,medium,mid
u001705,2025-12-21,2,premium,mobile,search,2026-01-30,21.243000000000002,499.0,1,PLN_STD,active,2026-01-30,2025-12-28,Standard,499.0,mid,40,0,high,mid
u001706,2025-12-06,2,regular,mobile,referral,2026-01-30,22.224909090909094,299.0,1,PLN_BASIC,active,2026-01-30,2025-12-06,Basic,299.0,low,55,0,high,low
u001707,2026-01-06,1,value,web,search,2026-01-30,11.414000000000001,299.0,1,PLN_BASIC,active,2026-01-30,2026-01-13,Basic,299.0,low,24,0,medium,low
u001708,2025-12-20,1,regular,web,organic,2026-01-30,25.086750000000002,299.0,1,PLN_BASIC,active,2026-01-30,2025-12-22,Basic,299.0,low,41,0,high,low
u001709,2025-07-05,1,value,web,search,2026-01-30,2.7595215311004786,897.0,3,PLN_BASIC,cancelled,2025-10-07,2025-07-09,Basic,299.0,low,209,0,low,low
u001710,2025-06-27,3,value,mobile,paid_social,2026-01-30,9.330817307692307,1794.0,6,PLN_BASIC,active,2026-01-30,2025-07-01,Basic,299.0,low,217,0,medium,low
u001711,2025-07-30,3,regular,web,email,2026-01-30,17.3791061452514,2994.0,6,PLN_STD,active,2026-01-30,2025-07-30,Standard,499.0,mid,184,0,high,mid
u001712,2025-08-30,3,value,web,paid_social,2026-01-30,6.9757333333333325,1495.0,5,PLN_BASIC,active,2026-01-30,2025-09-02,Basic,299.0,low,153,0,low,low
u001713,2025-12-11,1,value,mobile,organic,2026-01-30,9.673877551020407,499.0,1,PLN_STD,active,2026-01-30,2025-12-13,Standard,499.0,mid,50,0,medium,mid
u001714,2025-11-05,2,regular,mobile,paid_social,2026-01-30,8.15,998.0,2,PLN_STD,cancelled,2026-01-05,2025-11-06,Standard,499.0,mid,86,0,low,mid
u001715,2025-10-13,2,value,web,organic,2026-01-30,7.95954128440367,897.0,3,PLN_BASIC,active,2026-01-30,2025-10-13,Basic,299.0,low,109,0,low,low
u001716,2025-12-11,2,regular,mobile,referral,2026-01-30,10.83705882352941,0.0,0,PLN_BASIC,cancelled,2026-01-17,2025-12-18,Basic,299.0,low,50,0,medium,low
u001717,2025-10-14,2,regular,web,search,2026-01-30,16.88853211009174,1497.0,3,PLN_STD,active,2026-01-30,2025-10-14,Standard,499.0,mid,108,0,high,mid
u001718,2025-08-08,2,value,mobile,organic,2026-01-30,7.071609195402299,1495.0,5,PLN_BASIC,active,2026-01-30,2025-08-09,Basic,299.0,low,175,0,low,low
u001719,2025-08-16,2,regular,web,search,2026-01-30,15.374759036144578,2495.0,5,PLN_STD,active,2026-01-30,2025-08-16,Standard,499.0,mid,167,0,medium,mid
u001720,2025-09-11,1,value,web,organic,2026-01-30,1.5787943262411346,499.0,1,PLN_STD,cancelled,2025-10-18,2025-09-18,Standard,499.0,mid,141,0,low,mid
u001721,2025-05-27,2,regular,mobile,organic,2026-01-30,15.412500000000001,3493.0,7,PLN_STD,active,2026-01-30,2025-06-02,Standard,499.0,mid,248,0,medium,mid
u001722,2025-11-07,2,value,web,search,2026-01-30,5.844125,998.0,2,PLN_STD,cancelled,2026-01-10,2025-11-11,Standard,499.0,mid,84,0,low,mid
u001723,2025-10-15,1,premium,web,paid_social,2026-01-30,22.96264705882353,1598.0,2,PLN_PREM,active,2026-01-30,2025-10-15,Premium,799.0,high,107,0,high,high
u001724,2025-11-04,3,value,web,referral,2026-01-30,8.688505747126436,598.0,2,PLN_BASIC,active,2026-01-30,2025-11-06,Basic,299.0,low,87,0,medium,low
u001725,2025-09-16,2,regular,mobile,search,2026-01-30,18.400075757575756,1996.0,4,PLN_STD,active,2026-01-30,2025-09-17,Standard,499.0,mid,136,0,high,mid
u001726,2025-11-17,3,value,mobile,organic,2026-01-30,8.748933333333333,598.0,2,PLN_BASIC,active,2026-01-30,2025-11-18,Basic,299.0,low,74,0,medium,low
u001727,2025-12-29,2,value,mobile,search,2026-01-30,8.76878787878788,299.0,1,PLN_BASIC,active,2026-01-30,2026-01-03,Basic,299.0,low,32,0,medium,low
u001728,2025-09-25,2,regular,mobile,search,2026-01-30,15.731904761904762,1996.0,4,PLN_STD,active,2026-01-30,2025-09-30,Standard,499.0,mid,127,0,medium,mid
u001729,2025-08-24,2,regular,mobile,organic,2026-01-30,18.813885350318472,1495.0,5,PLN_BASIC,active,2026-01-30,2025-08-27,Basic,299.0,low,159,0,high,low
u001730,2025-05-31,3,premium,web,referral,2026-01-30,28.609800995024873,5593.0,7,PLN_PREM,active,2026-01-30,2025-06-07,Premium,799.0,high,244,0,high,high
u001731,2025-11-16,2,value,web,email,2026-01-30,2.917866666666667,299.0,1,PLN_BASIC,cancelled,2025-12-20,2025-11-20,Basic,299.0,low,75,0,low,low
u001732,2025-12-17,2,value,mobile,organic,2026-01-30,7.6661363636363635,299.0,1,PLN_BASIC,active,2026-01-30,2025-12-18,Basic,299.0,low,44,0,low,low
u001733,2025-10-27,1,value,mobile,referral,2026-01-30,8.152291666666667,897.0,3,PLN_BASIC,active,2026-01-30,2025-10-30,Basic,299.0,low,95,0,low,low
u001734,2025-12-08,2,value,mobile,paid_social,2026-01-30,9.16462962962963,299.0,1,PLN_BASIC,active,2026-01-30,2025-12-14,Basic,299.0,low,53,0,medium,low
u001735,2025-12-07,1,premium,mobile,organic,2026-01-30,23.5442,799.0,1,PLN_PREM,active,2026-01-30,2025-12-09,Premium,799.0,high,54,0,high,high
u001736,2025-11-21,1,premium,web,paid_social,2026-01-30,28.86057971014493,1598.0,2,PLN_PREM,active,2026-01-30,2025-11-28,Premium,799.0,high,70,0,high,high
u001737,2025-09-08,1,premium,mobile,organic,2026-01-30,29.853381294964027,3196.0,4,PLN_PREM,active,2026-01-30,2025-09-09,Premium,799.0,high,144,0,high,high
u001738,2025-05-30,2,value,mobile,organic,2026-01-30,7.204663461538461,2392.0,8,PLN_BASIC,active,2026-01-30,2025-05-31,Basic,299.0,low,245,0,low,low
u001739,2025-05-05,1,regular,mobile,email,2026-01-30,0.0,499.0,1,PLN_STD,cancelled,2025-06-04,2025-05-05,Standard,499.0,mid,270,0,low,mid
u001740,2025-06-25,2,regular,mobile,paid_social,2026-01-30,15.79377990430622,2994.0,6,PLN_STD,cancelled,2026-01-27,2025-07-01,Standard,499.0,mid,219,0,medium,mid
u001741,2025-08-21,3,value,mobile,organic,2026-01-30,7.577701863354037,1495.0,5,PLN_BASIC,active,2026-01-30,2025-08-22,Basic,299.0,low,162,0,low,low
u001742,2025-11-07,3,regular,mobile,search,2026-01-30,16.10511904761905,1598.0,2,PLN_PREM,active,2026-01-30,2025-11-13,Premium,799.0,high,84,0,medium,high
u001743,2025-08-27,2,value,web,email,2026-01-30,7.447096774193548,1495.0,5,PLN_BASIC,cancelled,2026-01-27,2025-08-30,Basic,299.0,low,156,0,low,low
u001744,2025-05-10,2,value,mobile,search,2026-01-30,7.699024390243903,3992.0,8,PLN_STD,active,2026-01-30,2025-05-12,Standard,499.0,mid,265,0,low,mid
u001745,2025-06-26,2,premium,web,email,2026-01-30,26.031683168316828,5593.0,7,PLN_PREM,active,2026-01-30,2025-07-01,Premium,799.0,high,218,0,high,high
u001746,2026-01-05,2,value,web,referral,2026-01-30,8.12423076923077,299.0,1,PLN_BASIC,active,2026-01-30,2026-01-07,Basic,299.0,low,25,0,low,low
u001747,2026-01-07,2,premium,web,search,2026-01-30,31.995652173913044,499.0,1,PLN_STD,active,2026-01-30,2026-01-08,Standard,499.0,mid,23,0,high,mid
u001748,2025-08-07,1,value,web,paid_social,2026-01-30,8.328305084745763,2495.0,5,PLN_STD,active,2026-01-30,2025-08-14,Standard,499.0,mid,176,0,low,mid
u001749,2025-11-23,3,value,web,paid_social,2026-01-30,4.7586764705882345,299.0,1,PLN_BASIC,expired,2026-01-22,2025-11-23,Basic,299.0,low,68,0,low,low
u001750,2025-11-01,1,value,mobile,paid_social,2026-01-30,4.142888888888889,499.0,1,PLN_STD,expired,2026-01-02,2025-11-03,Standard,499.0,mid,90,0,low,mid
u001751,2025-12-24,3,value,mobile,search,2026-01-30,5.468421052631579,499.0,1,PLN_STD,active,2026-01-30,2025-12-26,Standard,499.0,mid,37,0,low,mid
u001752,2025-12-13,2,regular,mobile,organic,2026-01-30,17.718541666666667,499.0,1,PLN_STD,active,2026-01-30,2025-12-17,Standard,499.0,mid,48,0,high,mid
u001753,2025-10-09,1,value,web,organic,2026-01-30,7.441754385964912,897.0,3,PLN_BASIC,active,2026-01-30,2025-10-15,Basic,299.0,low,113,0,low,low
u001754,2025-08-12,2,regular,web,paid_social,2026-01-30,4.413040935672514,499.0,1,PLN_STD,expired,2025-10-11,2025-08-12,Standard,499.0,mid,171,0,low,mid
u001755,2025-10-09,1,premium,mobile,paid_social,2026-01-30,23.172641509433966,2397.0,3,PLN_PREM,active,2026-01-30,2025-10-11,Premium,799.0,high,113,0,high,high
u001756,2025-07-24,3,value,mobile,paid_social,2026-01-30,7.364126984126984,1794.0,6,PLN_BASIC,cancelled,2026-01-22,2025-07-26,Basic,299.0,low,190,0,low,low
u001757,2025-07-31,2,value,web,paid_social,2026-01-30,8.393169398907103,1495.0,5,PLN_BASIC,active,2026-01-30,2025-08-05,Basic,299.0,low,183,0,medium,low
u001758,2025-10-04,1,regular,mobile,organic,2026-01-30,17.559298245614034,897.0,3,PLN_BASIC,active,2026-01-30,2025-10-10,Basic,299.0,low,118,0,high,low
u001759,2025-09-25,1,regular,mobile,organic,2026-01-30,16.353360000000002,1196.0,4,PLN_BASIC,active,2026-01-30,2025-09-26,Basic,299.0,low,127,0,medium,low
u001760,2025-09-27,3,regular,mobile,referral,2026-01-30,17.09951612903226,897.0,3,PLN_BASIC,active,2026-01-30,2025-10-04,Basic,299.0,low,125,0,high,low
u001761,2025-08-09,2,value,mobile,search,2026-01-30,7.833872832369942,1495.0,5,PLN_BASIC,active,2026-01-30,2025-08-11,Basic,299.0,low,174,0,low,low
u001762,2025-08-15,3,regular,mobile,referral,2026-01-30,18.055301204819276,2495.0,5,PLN_STD,active,2026-01-30,2025-08-16,Standard,499.0,mid,168,0,high,mid
u001763,2025-05-07,3,regular,mobile,organic,2026-01-30,16.808155339805825,3992.0,8,PLN_STD,active,2026-01-30,2025-05-11,Standard,499.0,mid,268,0,high,mid
u001764,2025-10-03,2,value,web,search,2026-01-30,6.502478632478632,897.0,3,PLN_BASIC,cancelled,2026-01-02,2025-10-04,Basic,299.0,low,119,0,low,low
u001765,2025-09-26,2,value,web,email,2026-01-30,4.5227559055118105,897.0,3,PLN_BASIC,cancelled,2025-12-29,2025-09-30,Basic,299.0,low,126,0,low,low
u001766,2025-12-25,2,premium,web,organic,2026-01-30,21.636944444444445,799.0,1,PLN_PREM,active,2026-01-30,2025-12-30,Premium,799.0,high,36,0,high,high
u001767,2025-09-08,3,value,mobile,organic,2026-01-30,1.486896551724138,499.0,1,PLN_STD,cancelled,2025-10-09,2025-09-09,Standard,499.0,mid,144,0,low,mid
u001768,2025-08-30,1,value,mobile,paid_social,2026-01-30,2.9667320261437906,499.0,1,PLN_STD,expired,2025-11-04,2025-09-05,Standard,499.0,mid,153,0,low,mid
u001769,2025-05-21,2,value,web,paid_social,2026-01-30,7.936921750954297,2093.0,7,PLN_BASIC,active,2026-01-30,2025-05-27,Basic,299.0,low,254,0,low,low
u001770,2025-06-23,1,regular,mobile,email,2026-01-29,17.09370731707317,5593.0,7,PLN_PREM,active,2026-01-30,2025-06-25,Premium,799.0,high,221,0,high,high
u001771,2025-07-28,2,regular,unknown,email,2026-01-30,7.8976630434782615,897.0,3,PLN_BASIC,cancelled,2025-11-02,2025-08-04,Basic,299.0,low,186,0,low,low
u001772,2025-08-07,2,value,web,paid_social,2026-01-30,8.605344827586206,1495.0,5,PLN_BASIC,active,2026-01-30,2025-08-08,Basic,299.0,low,176,0,medium,low
u001773,2025-08-04,2,regular,mobile,organic,2026-01-30,16.34814606741573,3995.0,5,PLN_PREM,cancelled,2026-01-02,2025-08-05,Premium,799.0,high,179,0,medium,high
u001774,2025-08-11,2,regular,web,search,2026-01-30,3.0282352941176467,299.0,1,PLN_BASIC,cancelled,2025-09-14,2025-08-15,Basic,299.0,low,172,0,low,low
u001775,2025-11-13,2,value,web,referral,2026-01-30,8.656153846153845,598.0,2,PLN_BASIC,active,2026-01-30,2025-11-20,Basic,299.0,low,78,0,medium,low
u001776,2025-06-06,1,premium,web,search,2026-01-30,24.569845360824743,4794.0,6,PLN_PREM,active,2026-01-30,2025-06-10,Premium,799.0,high,238,0,high,high
u001777,2025-07-27,2,value,web,email,2026-01-30,8.89274193548387,1495.0,5,PLN_BASIC,cancelled,2026-01-29,2025-08-02,Basic,299.0,low,187,0,medium,low
u001778,2025-06-14,3,value,mobile,paid_social,2026-01-30,0.31602870813397127,299.0,1,PLN_BASIC,cancelled,2025-07-19,2025-06-19,Basic,299.0,low,230,0,low,low
u001779,2025-07-21,2,premium,mobile,organic,2026-01-30,26.749447513812154,2994.0,6,PLN_STD,active,2026-01-30,2025-07-28,Standard,499.0,mid,193,0,high,mid
u001780,2025-10-23,2,regular,mobile,search,2026-01-30,15.224387755102041,897.0,3,PLN_BASIC,active,2026-01-30,2025-10-23,Basic,299.0,low,99,0,medium,low
u001781,2025-05-16,3,value,mobile,paid_social,2026-01-30,9.107259615384615,3992.0,8,PLN_STD,active,2026-01-30,2025-05-18,Standard,499.0,mid,259,0,medium,mid
u001782,2025-07-29,1,regular,web,organic,2026-01-30,4.260491803278688,799.0,1,PLN_PREM,expired,2025-09-27,2025-07-29,Premium,799.0,high,185,0,low,high
u001783,2025-05-10,2,regular,mobile,search,2026-01-30,15.838550724637681,3493.0,7,PLN_STD,active,2026-01-30,2025-05-15,Standard,499.0,mid,265,0,medium,mid
u001784,2025-12-30,1,value,web,paid_social,2026-01-30,6.369375,499.0,1,PLN_STD,cancelled,2026-01-30,2026-01-04,Standard,499.0,mid,31,0,low,mid
u001785,2025-11-03,3,regular,web,organic,2026-01-30,15.9075,998.0,2,PLN_STD,active,2026-01-30,2025-11-06,Standard,499.0,mid,88,0,medium,mid
u001786,2025-07-05,2,regular,mobile,search,2026-01-30,19.200242718446603,1495.0,5,PLN_BASIC,active,2026-01-30,2025-07-07,Basic,299.0,low,209,0,high,low
u001787,2025-06-23,2,value,web,paid_social,2026-01-30,3.175142857142857,897.0,3,PLN_BASIC,cancelled,2025-09-26,2025-06-28,Basic,299.0,low,221,0,low,low
u001788,2025-05-29,1,regular,web,paid_social,2026-01-30,2.028502415458937,998.0,2,PLN_STD,cancelled,2025-07-28,2025-05-29,Standard,499.0,mid,246,0,low,mid
u001789,2025-08-31,1,value,unknown,search,2026-01-30,8.418287671232877,1495.0,5,PLN_BASIC,active,2026-01-30,2025-09-01,Basic,299.0,low,152,0,medium,low
u001790,2025-11-10,2,value,mobile,email,2026-01-30,7.216707317073171,598.0,2,PLN_BASIC,cancelled,2026-01-15,2025-11-16,Basic,299.0,low,81,0,low,low
u001791,2025-09-28,2,premium,web,email,2026-01-30,29.809583333333332,3196.0,4,PLN_PREM,active,2026-01-30,2025-09-30,Premium,799.0,high,124,0,high,high
u001792,2025-12-12,3,regular,web,search,2026-01-30,17.666938775510204,499.0,1,PLN_STD,active,2026-01-30,2025-12-17,Standard,499.0,mid,49,0,high,mid
u001793,2025-07-30,3,regular,mobile,organic,2026-01-30,19.188033707865166,2994.0,6,PLN_STD,active,2026-01-30,2025-07-31,Standard,499.0,mid,184,0,high,mid
u001794,2025-07-13,2,regular,web,paid_social,2026-01-30,9.800707070707071,1996.0,4,PLN_STD,cancelled,2025-11-13,2025-07-16,Standard,499.0,mid,201,0,medium,mid
u001795,2025-09-01,2,regular,mobile,organic,2026-01-30,3.5445033112582784,499.0,1,PLN_STD,cancelled,2025-10-02,2025-09-02,Standard,499.0,mid,151,0,low,mid
u001796,2025-06-24,3,value,web,referral,2026-01-30,8.121159420289855,1495.0,5,PLN_BASIC,cancelled,2025-12-22,2025-06-25,Basic,299.0,low,220,0,low,low
u001797,2026-01-04,2,premium,mobile,paid_social,2026-01-30,24.791923076923077,799.0,1,PLN_PREM,cancelled,2026-01-30,2026-01-08,Premium,799.0,high,26,0,high,high
u001798,2025-06-20,2,regular,mobile,search,2026-01-30,18.438502415458938,2994.0,6,PLN_STD,active,2026-01-30,2025-06-27,Standard,499.0,mid,224,0,high,mid
u001799,2025-09-02,3,regular,web,search,2026-01-30,16.461621621621624,1996.0,4,PLN_STD,active,2026-01-30,2025-09-04,Standard,499.0,mid,150,0,high,mid
u001800,2025-09-13,1,regular,mobile,search,2026-01-30,16.116690647482017,1996.0,4,PLN_STD,active,2026-01-30,2025-09-17,Standard,499.0,mid,139,0,medium,mid
u001801,2025-05-19,3,value,web,email,2026-01-30,8.090970873786407,3992.0,8,PLN_STD,active,2026-01-30,2025-05-24,Standard,499.0,mid,256,0,low,mid
u001802,2025-08-30,1,value,mobile,organic,2026-01-30,9.502434210526316,1196.0,4,PLN_BASIC,active,2026-01-30,2025-09-04,Basic,299.0,low,153,0,medium,low
u001803,2025-08-27,2,value,mobile,email,2026-01-30,6.2199363057324835,1196.0,4,PLN_BASIC,cancelled,2025-12-31,2025-09-02,Basic,299.0,low,156,0,low,low
u001804,2025-07-09,3,value,mobile,organic,2026-01-30,8.775346534653465,1495.0,5,PLN_BASIC,active,2026-01-30,2025-07-16,Basic,299.0,low,205,0,medium,low
u001805,2025-06-06,2,regular,mobile,paid_social,2026-01-30,16.436893203883496,2093.0,7,PLN_BASIC,active,2026-01-30,2025-06-11,Basic,299.0,low,238,0,high,low
u001806,2025-05-16,2,premium,mobile,email,2026-01-30,28.487340425531915,3493.0,7,PLN_STD,active,2026-01-30,2025-05-21,Standard,499.0,mid,259,0,high,mid
u001807,2025-05-07,2,value,mobile,search,2026-01-30,8.779285714285715,2093.0,7,PLN_BASIC,active,2026-01-30,2025-05-11,Basic,299.0,low,268,0,medium,low
u001808,2025-09-02,1,value,web,organic,2026-01-30,6.574206896551724,897.0,3,PLN_BASIC,active,2026-01-30,2025-09-03,Basic,299.0,low,150,0,low,low
u001809,2025-05-27,1,regular,mobile,referral,2026-01-30,15.831504854368932,6392.0,8,PLN_PREM,active,2026-01-30,2025-05-30,Premium,799.0,high,248,0,medium,high
u001810,2025-12-31,2,value,mobile,referral,2026-01-30,7.675161290322581,299.0,1,PLN_BASIC,active,2026-01-30,2026-01-02,Basic,299.0,low,30,0,low,low
u001811,2025-07-05,2,premium,mobile,organic,2026-01-30,23.130804020100502,4794.0,6,PLN_PREM,active,2026-01-30,2025-07-07,Premium,799.0,high,209,0,high,high
u001812,2025-10-15,2,value,web,search,2026-01-30,8.054351851851852,598.0,2,PLN_BASIC,active,2026-01-30,2025-10-15,Basic,299.0,low,107,0,low,low
u001813,2025-10-21,1,value,web,referral,2026-01-30,6.72656862745098,897.0,3,PLN_BASIC,active,2026-01-30,2025-10-28,Basic,299.0,low,101,0,low,low
u001814,2025-09-06,3,value,mobile,organic,2026-01-30,8.824931506849316,1196.0,4,PLN_BASIC,active,2026-01-30,2025-09-11,Basic,299.0,low,146,0,medium,low
u001815,2025-12-12,2,premium,mobile,paid_social,2026-01-30,32.6994,799.0,1,PLN_PREM,active,2026-01-30,2025-12-16,Premium,799.0,high,49,0,high,high
u001816,2025-06-01,2,value,web,search,2026-01-30,7.584190476190477,2093.0,7,PLN_BASIC,active,2026-01-30,2025-06-04,Basic,299.0,low,243,0,low,low
u001817,2025-07-02,2,regular,web,organic,2026-01-30,17.77121359223301,1794.0,6,PLN_BASIC,active,2026-01-30,2025-07-06,Basic,299.0,low,212,0,high,low
u001818,2025-07-07,1,value,web,referral,2026-01-30,8.19747572815534,1794.0,6,PLN_BASIC,active,2026-01-30,2025-07-07,Basic,299.0,low,207,0,low,low
u001819,2025-06-07,2,value,web,organic,2026-01-30,4.382105263157895,897.0,3,PLN_BASIC,expired,2025-11-05,2025-06-08,Basic,299.0,low,237,0,low,low
u001820,2025-07-17,2,premium,mobile,email,2026-01-30,26.982684210526315,4794.0,6,PLN_PREM,active,2026-01-30,2025-07-18,Premium,799.0,high,197,0,high,high
u001821,2025-07-22,1,value,web,search,2026-01-30,7.389322916666667,1794.0,6,PLN_BASIC,active,2026-01-30,2025-07-29,Basic,299.0,low,192,0,low,low
u001822,2025-11-12,3,value,web,search,2026-01-30,11.239620253164556,598.0,2,PLN_BASIC,active,2026-01-30,2025-11-12,Basic,299.0,low,79,0,medium,low
u001823,2025-07-19,3,regular,web,search,2026-01-30,16.046494845360826,1794.0,6,PLN_BASIC,active,2026-01-30,2025-07-26,Basic,299.0,low,195,0,medium,low
u001824,2025-12-11,2,premium,web,search,2026-01-30,26.485217391304346,799.0,1,PLN_PREM,active,2026-01-30,2025-12-14,Premium,799.0,high,50,0,high,high
u001825,2025-11-14,3,value,mobile,referral,2026-01-30,7.785844155844155,598.0,2,PLN_BASIC,active,2026-01-30,2025-11-21,Basic,299.0,low,77,0,low,low
u001826,2025-12-17,3,value,web,paid_social,2026-01-30,4.370227272727273,299.0,1,PLN_BASIC,cancelled,2026-01-19,2025-12-20,Basic,299.0,low,44,0,low,low
u001827,2025-05-31,2,premium,web,paid_social,2026-01-30,24.39532994923858,6392.0,8,PLN_PREM,active,2026-01-30,2025-06-02,Premium,799.0,high,244,0,high,high
u001828,2026-01-07,2,regular,web,search,2026-01-30,23.68086956521739,299.0,1,PLN_BASIC,active,2026-01-30,2026-01-08,Basic,299.0,low,23,0,high,low
u001829,2025-10-06,2,premium,mobile,organic,2026-01-30,27.9851376146789,1497.0,3,PLN_STD,active,2026-01-30,2025-10-11,Standard,499.0,mid,116,0,high,mid
u001830,2026-01-06,2,regular,mobile,organic,2026-01-30,7.448333333333333,0.0,0,PLN_STD,expired,2026-01-30,2026-01-11,Standard,499.0,mid,24,0,low,mid
u001831,2025-08-02,1,regular,web,paid_social,2026-01-30,10.8005,1996.0,4,PLN_STD,cancelled,2025-12-07,2025-08-09,Standard,499.0,mid,181,0,medium,mid
u001832,2025-12-30,1,regular,mobile,search,2026-01-30,10.4790625,499.0,1,PLN_STD,active,2026-01-30,2026-01-02,Standard,499.0,mid,31,0,medium,mid
u001833,2025-09-29,2,value,web,search,2026-01-30,6.744308943089431,1196.0,4,PLN_BASIC,active,2026-01-30,2025-10-02,Basic,299.0,low,123,0,low,low
u001834,2025-05-23,3,regular,mobile,search,2026-01-30,16.251470588235296,3493.0,7,PLN_STD,active,2026-01-30,2025-05-29,Standard,499.0,mid,252,0,medium,mid
u001835,2025-08-15,3,regular,web,search,2026-01-30,17.569638554216866,1996.0,4,PLN_STD,active,2026-01-30,2025-08-21,Standard,499.0,mid,168,0,high,mid
u001836,2025-06-08,2,premium,mobile,paid_social,2026-01-30,24.776748768472906,4794.0,6,PLN_PREM,active,2026-01-30,2025-06-13,Premium,799.0,high,236,0,high,high
u001837,2025-12-27,1,regular,mobile,paid_social,2026-01-29,9.5240625,299.0,1,PLN_BASIC,active,2026-01-30,2025-12-27,Basic,299.0,low,34,0,medium,low
u001838,2025-07-20,2,value,web,email,2026-01-30,5.919326424870467,1196.0,4,PLN_BASIC,cancelled,2025-11-20,2025-07-23,Basic,299.0,low,194,0,low,low
u001839,2025-06-29,2,regular,web,organic,2026-01-30,18.018058252427185,3493.0,7,PLN_STD,active,2026-01-30,2025-07-01,Standard,499.0,mid,215,0,high,mid
u001840,2025-09-20,3,regular,web,search,2026-01-30,13.796412213740458,1996.0,4,PLN_STD,active,2026-01-30,2025-09-24,Standard,499.0,mid,132,0,medium,mid
u001841,2025-08-19,3,regular,web,organic,2026-01-30,17.18078787878788,2495.0,5,PLN_STD,active,2026-01-30,2025-08-21,Standard,499.0,mid,164,0,high,mid
u001842,2025-05-29,3,regular,web,referral,2026-01-30,15.768942307692308,6392.0,8,PLN_PREM,active,2026-01-30,2025-06-01,Premium,799.0,high,246,0,medium,high
u001843,2025-11-25,3,regular,web,paid_social,2026-01-30,15.590606060606062,598.0,2,PLN_BASIC,active,2026-01-30,2025-12-01,Basic,299.0,low,66,0,medium,low
u001844,2025-12-03,3,value,mobile,search,2026-01-30,8.898070175438596,499.0,1,PLN_STD,active,2026-01-30,2025-12-03,Standard,499.0,mid,58,0,medium,mid
u001845,2025-11-07,2,regular,web,referral,2026-01-30,11.798809523809524,499.0,1,PLN_STD,expired,2026-01-07,2025-11-08,Standard,499.0,mid,84,0,medium,mid
u001846,2025-10-06,1,regular,mobile,search,2026-01-30,9.990683760683762,799.0,1,PLN_PREM,expired,2025-12-12,2025-10-13,Premium,799.0,high,116,0,medium,high
u001847,2025-08-14,1,premium,web,organic,2026-01-30,26.522160493827162,3995.0,5,PLN_PREM,active,2026-01-30,2025-08-17,Premium,799.0,high,169,0,high,high
u001848,2025-09-18,2,regular,web,search,2026-01-30,13.302575757575758,1996.0,4,PLN_STD,active,2026-01-30,2025-09-24,Standard,499.0,mid,134,0,medium,mid
u001849,2025-09-12,2,regular,web,organic,2026-01-30,2.6607092198581563,799.0,1,PLN_PREM,cancelled,2025-10-12,2025-09-12,Premium,799.0,high,140,0,low,high
u001850,2025-06-15,1,regular,mobile,referral,2026-01-30,4.7295673076923075,998.0,2,PLN_STD,expired,2025-09-16,2025-06-18,Standard,499.0,mid,229,0,low,mid
u001851,2025-05-25,3,regular,web,paid_social,2026-01-30,17.633883495145632,2392.0,8,PLN_BASIC,active,2026-01-30,2025-05-28,Basic,299.0,low,250,0,high,low
u001852,2025-07-07,1,value,web,paid_social,2026-01-30,7.204679802955665,1794.0,6,PLN_BASIC,active,2026-01-30,2025-07-12,Basic,299.0,low,207,0,low,low
u001853,2025-08-27,3,premium,mobile,referral,2026-01-30,30.27939597315436,3196.0,4,PLN_PREM,active,2026-01-30,2025-09-03,Premium,799.0,high,156,0,high,high
u001854,2025-06-14,3,premium,mobile,referral,2026-01-30,24.449025641025642,4794.0,6,PLN_PREM,active,2026-01-30,2025-06-18,Premium,799.0,high,230,0,high,high
u001855,2025-05-31,2,regular,mobile,search,2026-01-30,18.523444976076554,3493.0,7,PLN_STD,active,2026-01-30,2025-06-07,Standard,499.0,mid,244,0,high,mid
u001856,2025-12-04,2,regular,web,organic,2026-01-30,17.343333333333334,299.0,1,PLN_BASIC,active,2026-01-30,2025-12-07,Basic,299.0,low,57,0,high,low
u001857,2025-08-07,2,value,web,search,2026-01-30,7.6344,1495.0,5,PLN_BASIC,active,2026-01-30,2025-08-14,Basic,299.0,low,176,0,low,low
u001858,2025-09-28,2,regular,mobile,email,2026-01-30,20.11664,897.0,3,PLN_BASIC,active,2026-01-30,2025-10-05,Basic,299.0,low,124,0,high,low
u001859,2025-09-13,1,regular,mobile,email,2026-01-30,20.562279411764706,1996.0,4,PLN_STD,active,2026-01-30,2025-09-17,Standard,499.0,mid,139,0,high,mid
u001860,2025-11-05,3,regular,mobile,paid_social,2026-01-30,14.76720930232558,499.0,1,PLN_STD,active,2026-01-30,2025-11-12,Standard,499.0,mid,86,0,medium,mid
u001861,2025-11-06,2,value,web,organic,2026-01-30,7.859767441860466,998.0,2,PLN_STD,active,2026-01-30,2025-11-11,Standard,499.0,mid,85,0,low,mid
u001862,2025-07-18,2,regular,web,organic,2026-01-30,20.45130890052356,1794.0,6,PLN_BASIC,active,2026-01-30,2025-07-23,Basic,299.0,low,196,0,high,low
u001863,2025-12-03,2,value,mobile,referral,2026-01-30,11.088813559322034,299.0,1,PLN_BASIC,active,2026-01-30,2025-12-07,Basic,299.0,low,58,0,medium,low
u001864,2025-08-06,2,regular,mobile,organic,2026-01-30,16.37372881355932,2495.0,5,PLN_STD,active,2026-01-30,2025-08-08,Standard,499.0,mid,177,0,high,mid
u001865,2025-11-30,2,regular,web,paid_social,2026-01-30,14.206166666666666,299.0,1,PLN_BASIC,active,2026-01-30,2025-12-02,Basic,299.0,low,61,0,medium,low
u001866,2025-08-14,2,value,mobile,search,2026-01-30,9.45357142857143,1495.0,5,PLN_BASIC,active,2026-01-30,2025-08-18,Basic,299.0,low,169,0,medium,low
u001867,2025-06-01,1,regular,mobile,organic,2026-01-30,15.760095238095237,3992.0,8,PLN_STD,active,2026-01-30,2025-06-04,Standard,499.0,mid,243,0,medium,mid
u001868,2025-11-11,2,regular,web,paid_social,2026-01-30,19.170759493670886,598.0,2,PLN_BASIC,active,2026-01-30,2025-11-13,Basic,299.0,low,80,0,high,low
u001869,2025-05-12,2,regular,web,email,2026-01-30,17.082657004830917,6392.0,8,PLN_PREM,active,2026-01-30,2025-05-16,Premium,799.0,high,263,0,high,high
u001870,2025-11-14,2,value,mobile,paid_social,2026-01-30,6.243116883116883,598.0,2,PLN_BASIC,active,2026-01-30,2025-11-17,Basic,299.0,low,77,0,low,low
u001871,2025-05-15,1,regular,web,search,2026-01-30,18.26328431372549,6392.0,8,PLN_PREM,active,2026-01-30,2025-05-18,Premium,799.0,high,260,0,high,high
u001872,2025-06-25,2,value,mobile,search,2026-01-30,7.613014354066986,2093.0,7,PLN_BASIC,active,2026-01-30,2025-06-27,Basic,299.0,low,219,0,low,low
u001873,2025-10-03,2,regular,mobile,email,2026-01-30,16.665583333333334,1497.0,3,PLN_STD,active,2026-01-30,2025-10-05,Standard,499.0,mid,119,0,high,mid
u001874,2025-12-27,2,regular,web,search,2026-01-30,9.816857142857144,299.0,1,PLN_BASIC,cancelled,2026-01-27,2025-12-28,Basic,299.0,low,34,0,medium,low
u001875,2025-08-15,1,value,mobile,search,2026-01-30,0.7960975609756098,0.0,0,PLN_BASIC,expired,2025-09-20,2025-08-21,Basic,299.0,low,168,0,low,low
u001876,2025-06-04,1,regular,web,paid_social,2026-01-30,17.47488038277512,3493.0,7,PLN_STD,active,2026-01-30,2025-06-09,Standard,499.0,mid,240,0,high,mid
u001877,2025-07-02,2,regular,web,organic,2026-01-30,16.271400966183574,2994.0,6,PLN_STD,active,2026-01-30,2025-07-06,Standard,499.0,mid,212,0,medium,mid
u001878,2025-12-15,1,regular,mobile,organic,2026-01-30,15.99404255319149,499.0,1,PLN_STD,active,2026-01-30,2025-12-15,Standard,499.0,mid,46,0,medium,mid
u001879,2025-11-03,2,value,mobile,referral,2026-01-30,7.570114942528736,598.0,2,PLN_BASIC,active,2026-01-30,2025-11-08,Basic,299.0,low,88,0,low,low
u001880,2025-05-30,3,value,web,paid_social,2026-01-30,6.703653846153846,2392.0,8,PLN_BASIC,active,2026-01-30,2025-05-30,Basic,299.0,low,245,0,low,low
u001881,2025-08-09,2,regular,mobile,organic,2026-01-30,18.996802325581395,2495.0,5,PLN_STD,active,2026-01-30,2025-08-12,Standard,499.0,mid,174,0,high,mid
u001882,2025-07-10,3,value,mobile,organic,2026-01-30,9.531274509803922,2994.0,6,PLN_STD,active,2026-01-30,2025-07-10,Standard,499.0,mid,204,0,medium,mid
u001883,2025-06-18,1,regular,mobile,email,2026-01-30,17.311576354679804,2994.0,6,PLN_STD,active,2026-01-30,2025-06-21,Standard,499.0,mid,226,0,high,mid
u001884,2025-12-03,1,value,mobile,paid_social,2026-01-30,8.374310344827586,299.0,1,PLN_BASIC,active,2026-01-30,2025-12-10,Basic,299.0,low,58,0,low,low
u001885,2025-10-07,2,value,web,paid_social,2026-01-30,9.546551724137931,897.0,3,PLN_BASIC,active,2026-01-30,2025-10-14,Basic,299.0,low,115,0,medium,low
u001886,2025-06-19,3,regular,web,organic,2026-01-30,13.501483253588516,1495.0,5,PLN_BASIC,cancelled,2025-12-18,2025-06-21,Basic,299.0,low,225,0,medium,low
u001887,2025-10-15,3,value,mobile,email,2026-01-30,6.968425925925926,897.0,3,PLN_BASIC,active,2026-01-30,2025-10-22,Basic,299.0,low,107,0,low,low
u001888,2025-08-16,1,regular,web,referral,2026-01-30,3.8814545454545453,0.0,0,PLN_PREM,cancelled,2025-10-17,2025-08-18,Premium,799.0,high,167,0,low,high
u001889,2025-05-20,3,value,mobile,search,2026-01-30,1.4939336492890993,897.0,3,PLN_BASIC,cancelled,2025-08-20,2025-05-22,Basic,299.0,low,255,0,low,low
u001890,2025-08-25,2,regular,web,organic,2026-01-30,16.86929487179487,2495.0,5,PLN_STD,active,2026-01-30,2025-08-31,Standard,499.0,mid,158,0,high,mid
u001891,2025-06-20,2,regular,web,paid_social,2026-01-30,7.766390243902438,3196.0,4,PLN_PREM,cancelled,2025-10-25,2025-06-27,Premium,799.0,high,224,0,low,high
u001892,2025-07-05,1,regular,web,referral,2026-01-30,17.98038277511962,4794.0,6,PLN_PREM,active,2026-01-30,2025-07-09,Premium,799.0,high,209,0,high,high
u001893,2025-12-11,3,regular,web,referral,2026-01-30,17.4612,299.0,1,PLN_BASIC,active,2026-01-30,2025-12-12,Basic,299.0,low,50,0,high,low
u001894,2025-10-30,1,value,web,email,2026-01-30,8.925978260869567,598.0,2,PLN_BASIC,active,2026-01-30,2025-11-02,Basic,299.0,low,92,0,medium,low
u001895,2025-06-07,3,regular,mobile,paid_social,2026-01-30,15.769952153110049,3493.0,7,PLN_STD,active,2026-01-30,2025-06-11,Standard,499.0,mid,237,0,medium,mid
u001896,2025-12-04,2,value,mobile,organic,2026-01-30,6.0841379310344825,499.0,1,PLN_STD,active,2026-01-30,2025-12-06,Standard,499.0,mid,57,0,low,mid
u001897,2025-09-26,2,regular,web,search,2026-01-30,8.015241935483871,998.0,2,PLN_STD,cancelled,2025-11-25,2025-09-26,Standard,499.0,mid,126,0,low,mid
u001898,2025-12-10,2,value,web,referral,2026-01-30,6.3263461538461545,299.0,1,PLN_BASIC,active,2026-01-30,2025-12-10,Basic,299.0,low,51,0,low,low
u001899,2025-11-08,3,regular,mobile,organic,2026-01-30,17.295421686746987,998.0,2,PLN_STD,active,2026-01-30,2025-11-11,Standard,499.0,mid,83,0,high,mid
u001900,2025-07-29,1,value,web,organic,2026-01-30,7.343387978142076,2994.0,6,PLN_STD,active,2026-01-30,2025-08-03,Standard,499.0,mid,185,0,low,mid
u001901,2025-09-16,1,premium,web,paid_social,2026-01-30,23.001153846153848,1996.0,4,PLN_STD,active,2026-01-30,2025-09-23,Standard,499.0,mid,136,0,high,mid
u001902,2025-09-15,2,regular,web,search,2026-01-30,7.272262773722628,1598.0,2,PLN_PREM,cancelled,2025-11-15,2025-09-16,Premium,799.0,high,137,0,low,high
u001903,2025-11-01,2,regular,mobile,referral,2026-01-30,17.710113636363637,998.0,2,PLN_STD,active,2026-01-30,2025-11-05,Standard,499.0,mid,90,0,high,mid
u001904,2025-07-06,1,value,mobile,organic,2026-01-30,9.113864734299517,1794.0,6,PLN_BASIC,active,2026-01-30,2025-07-10,Basic,299.0,low,208,0,medium,low
u001905,2025-07-27,1,value,mobile,organic,2026-01-30,10.310537634408602,1495.0,5,PLN_BASIC,active,2026-01-30,2025-07-30,Basic,299.0,low,187,0,medium,low
u001906,2025-07-05,2,value,mobile,organic,2026-01-30,7.865414634146342,1794.0,6,PLN_BASIC,active,2026-01-30,2025-07-11,Basic,299.0,low,209,0,low,low
u001907,2025-07-18,1,premium,mobile,paid_social,2026-01-30,27.373956043956046,4794.0,6,PLN_PREM,active,2026-01-30,2025-07-21,Premium,799.0,high,196,0,high,high
u001908,2025-06-14,1,regular,web,paid_social,2026-01-30,13.446380952380954,3493.0,7,PLN_STD,active,2026-01-30,2025-06-20,Standard,499.0,mid,230,0,medium,mid
u001909,2025-05-14,3,value,web,search,2026-01-30,9.797428571428572,2392.0,8,PLN_BASIC,active,2026-01-30,2025-05-16,Basic,299.0,low,261,0,medium,low
u001910,2025-12-26,2,regular,web,search,2026-01-30,16.823529411764707,799.0,1,PLN_PREM,active,2026-01-30,2026-01-01,Premium,799.0,high,35,0,high,high
u001911,2025-05-23,3,regular,web,organic,2026-01-30,0.8329807692307691,998.0,2,PLN_STD,cancelled,2025-07-28,2025-05-29,Standard,499.0,mid,252,0,low,mid
u001912,2025-12-13,3,value,mobile,paid_social,2026-01-30,9.48326530612245,299.0,1,PLN_BASIC,active,2026-01-30,2025-12-19,Basic,299.0,low,48,0,medium,low
u001913,2025-05-05,1,regular,web,email,2026-01-30,19.118695652173916,3992.0,8,PLN_STD,active,2026-01-30,2025-05-10,Standard,499.0,mid,270,0,high,mid
u001914,2025-11-16,2,value,web,paid_social,2026-01-30,7.567236842105263,598.0,2,PLN_BASIC,active,2026-01-30,2025-11-18,Basic,299.0,low,75,0,low,low
u001915,2025-07-26,2,value,web,organic,2026-01-30,3.5448404255319153,897.0,3,PLN_BASIC,cancelled,2025-10-29,2025-07-31,Basic,299.0,low,188,0,low,low
u001916,2025-09-11,2,regular,mobile,paid_social,2026-01-30,17.7322695035461,3196.0,4,PLN_PREM,active,2026-01-30,2025-09-17,Premium,799.0,high,141,0,high,high
u001917,2025-07-14,1,value,mobile,organic,2026-01-30,6.319748743718593,1794.0,6,PLN_BASIC,cancelled,2026-01-10,2025-07-14,Basic,299.0,low,200,0,low,low
u001918,2025-09-05,1,premium,mobile,organic,2026-01-30,25.79950354609929,3196.0,4,PLN_PREM,active,2026-01-30,2025-09-10,Premium,799.0,high,147,0,high,high
u001919,2025-08-26,1,regular,web,organic,2026-01-30,4.546708860759494,998.0,2,PLN_STD,cancelled,2025-10-26,2025-08-27,Standard,499.0,mid,157,0,low,mid
u001920,2025-09-14,2,regular,web,organic,2026-01-30,14.542700729927006,1996.0,4,PLN_STD,cancelled,2026-01-16,2025-09-18,Standard,499.0,mid,138,0,medium,mid
u001921,2025-08-11,3,regular,mobile,organic,2026-01-30,17.0172514619883,2495.0,5,PLN_STD,active,2026-01-30,2025-08-14,Standard,499.0,mid,172,0,high,mid
u001922,2025-09-16,2,premium,mobile,referral,2026-01-30,26.342556390977443,3196.0,4,PLN_PREM,active,2026-01-30,2025-09-19,Premium,799.0,high,136,0,high,high
u001923,2025-11-28,2,value,mobile,organic,2026-01-30,11.42609375,299.0,1,PLN_BASIC,active,2026-01-30,2025-12-05,Basic,299.0,low,63,0,medium,low
u001924,2025-08-22,3,regular,web,paid_social,2026-01-30,8.116392405063293,1497.0,3,PLN_STD,cancelled,2025-11-20,2025-08-22,Standard,499.0,mid,161,0,low,mid
u001925,2025-08-03,2,regular,web,email,2026-01-30,17.54488764044944,1495.0,5,PLN_BASIC,active,2026-01-30,2025-08-04,Basic,299.0,low,180,0,high,low
u001926,2025-06-07,1,premium,mobile,search,2026-01-30,27.038400000000003,5593.0,7,PLN_PREM,active,2026-01-30,2025-06-08,Premium,799.0,high,237,0,high,high
u001927,2025-08-03,3,value,mobile,search,2026-01-30,7.259447513812155,1996.0,4,PLN_STD,active,2026-01-30,2025-08-09,Standard,499.0,mid,180,0,low,mid
u001928,2025-06-05,2,regular,unknown,paid_social,2026-01-30,15.045119617224879,1794.0,6,PLN_BASIC,expired,2026-01-04,2025-06-08,Basic,299.0,low,239,0,medium,low
u001929,2025-06-19,1,regular,web,organic,2026-01-30,17.112292682926828,2994.0,6,PLN_STD,active,2026-01-30,2025-06-20,Standard,499.0,mid,225,0,high,mid
u001930,2025-12-30,2,value,web,search,2026-01-30,11.1715625,299.0,1,PLN_BASIC,active,2026-01-30,2026-01-05,Basic,299.0,low,31,0,medium,low
u001931,2025-05-27,3,premium,web,search,2026-01-30,28.56490291262136,6392.0,8,PLN_PREM,active,2026-01-30,2025-06-02,Premium,799.0,high,248,0,high,high
u001932,2025-09-02,2,value,mobile,referral,2026-01-30,0.6881081081081082,0.0,0,PLN_BASIC,expired,2025-10-07,2025-09-07,Basic,299.0,low,150,0,low,low
u001933,2025-11-30,2,value,web,referral,2026-01-30,9.284032258064517,299.0,1,PLN_BASIC,active,2026-01-30,2025-12-05,Basic,299.0,low,61,0,medium,low
u001934,2025-12-30,1,regular,web,referral,2026-01-30,10.94,299.0,1,PLN_BASIC,active,2026-01-30,2025-12-30,Basic,299.0,low,31,0,medium,low
u001935,2025-06-10,1,regular,unknown,paid_social,2026-01-30,13.089754901960784,2495.0,5,PLN_STD,cancelled,2025-12-14,2025-06-17,Standard,499.0,mid,234,0,medium,mid
u001936,2025-06-15,1,value,mobile,search,2026-01-30,7.862727272727272,2093.0,7,PLN_BASIC,active,2026-01-30,2025-06-19,Basic,299.0,low,229,0,low,low
u001937,2025-08-06,2,value,web,referral,2026-01-30,0.5612994350282485,0.0,0,PLN_STD,expired,2025-09-05,2025-08-06,Standard,499.0,mid,177,0,low,mid
u001938,2025-09-21,3,value,web,referral,2026-01-30,7.699242424242424,1196.0,4,PLN_BASIC,cancelled,2026-01-26,2025-09-28,Basic,299.0,low,131,0,low,low
u001939,2025-12-31,1,regular,mobile,search,2026-01-30,9.910666666666666,0.0,0,PLN_PREM,expired,2026-01-30,2026-01-05,Premium,799.0,high,30,0,medium,high
u001940,2025-06-26,2,premium,mobile,email,2026-01-30,25.50820895522388,5593.0,7,PLN_PREM,active,2026-01-30,2025-07-03,Premium,799.0,high,218,0,high,high
u001941,2025-06-15,1,regular,mobile,referral,2026-01-30,15.089178743961353,2093.0,7,PLN_BASIC,active,2026-01-30,2025-06-15,Basic,299.0,low,229,0,medium,low
u001942,2025-07-07,1,value,unknown,search,2026-01-30,3.304368932038835,598.0,2,PLN_BASIC,expired,2025-10-09,2025-07-11,Basic,299.0,low,207,0,low,low
u001943,2025-12-10,2,regular,web,organic,2026-01-30,16.409,799.0,1,PLN_PREM,active,2026-01-30,2025-12-15,Premium,799.0,high,51,0,high,high
u001944,2025-05-12,2,premium,mobile,organic,2026-01-30,0.0,799.0,1,PLN_PREM,cancelled,2025-06-14,2025-05-15,Premium,799.0,high,263,0,low,high
u001945,2025-08-08,2,regular,mobile,paid_social,2026-01-30,16.646914285714285,3196.0,4,PLN_PREM,active,2026-01-30,2025-08-11,Premium,799.0,high,175,0,high,high
u001946,2025-06-03,2,value,web,organic,2026-01-30,2.070666666666667,598.0,2,PLN_BASIC,expired,2025-09-03,2025-06-05,Basic,299.0,low,241,0,low,low
u001947,2025-06-13,2,value,mobile,search,2026-01-30,3.3946634615384617,897.0,3,PLN_BASIC,cancelled,2025-09-12,2025-06-14,Basic,299.0,low,231,0,low,low
u001948,2025-12-21,1,premium,web,paid_social,2026-01-30,27.92189189189189,799.0,1,PLN_PREM,active,2026-01-30,2025-12-28,Premium,799.0,high,40,0,high,high
u001949,2025-05-05,1,premium,web,referral,2026-01-30,25.128849999999996,4794.0,6,PLN_PREM,active,2026-01-30,2025-05-05,Premium,799.0,high,270,0,high,high
u001950,2025-07-24,3,value,web,referral,2026-01-30,9.041570680628272,2994.0,6,PLN_STD,active,2026-01-30,2025-07-26,Standard,499.0,mid,190,0,medium,mid
u001951,2025-12-20,3,regular,web,paid_social,2026-01-30,17.00146341463415,799.0,1,PLN_PREM,active,2026-01-30,2025-12-22,Premium,799.0,high,41,0,high,high
u001952,2025-10-04,3,value,mobile,search,2026-01-30,5.416974789915966,598.0,2,PLN_BASIC,cancelled,2025-12-10,2025-10-11,Basic,299.0,low,118,0,low,low
u001953,2025-05-23,3,value,web,organic,2026-01-30,8.021666666666667,2392.0,8,PLN_BASIC,active,2026-01-30,2025-05-28,Basic,299.0,low,252,0,low,low
u001954,2025-08-29,2,regular,mobile,paid_social,2026-01-30,14.372105263157895,1996.0,4,PLN_STD,active,2026-01-30,2025-09-05,Standard,499.0,mid,154,0,medium,mid
u001955,2026-01-03,3,regular,web,organic,2026-01-30,21.55807692307692,499.0,1,PLN_STD,active,2026-01-30,2026-01-03,Standard,499.0,mid,27,0,high,mid
u001956,2025-08-13,2,regular,web,search,2026-01-30,13.92070588235294,1996.0,4,PLN_STD,active,2026-01-30,2025-08-17,Standard,499.0,mid,170,0,medium,mid
u001957,2025-09-14,1,premium,web,email,2026-01-30,26.662265625,1996.0,4,PLN_STD,active,2026-01-30,2025-09-20,Standard,499.0,mid,138,0,high,mid
u001958,2025-09-15,1,regular,web,search,2026-01-30,15.04139705882353,3196.0,4,PLN_PREM,cancelled,2026-01-19,2025-09-21,Premium,799.0,high,137,0,medium,high
u001959,2025-10-17,1,value,mobile,paid_social,2026-01-30,6.473584905660378,897.0,3,PLN_BASIC,active,2026-01-30,2025-10-23,Basic,299.0,low,105,0,low,low
u001960,2025-06-20,1,regular,mobile,paid_social,2026-01-30,14.97122549019608,3493.0,7,PLN_STD,active,2026-01-30,2025-06-27,Standard,499.0,mid,224,0,medium,mid
u001961,2025-12-01,2,regular,web,referral,2026-01-30,20.5295,299.0,1,PLN_BASIC,active,2026-01-30,2025-12-05,Basic,299.0,low,60,0,high,low
u001962,2026-01-08,2,regular,mobile,search,2026-01-30,23.481818181818184,299.0,1,PLN_BASIC,active,2026-01-30,2026-01-12,Basic,299.0,low,22,0,high,low
u001963,2025-06-09,3,premium,mobile,search,2026-01-30,23.7791,2994.0,6,PLN_STD,active,2026-01-30,2025-06-15,Standard,499.0,mid,235,0,high,mid
u001964,2025-11-26,2,regular,mobile,organic,2026-01-30,15.716969696969697,998.0,2,PLN_STD,active,2026-01-30,2025-12-01,Standard,499.0,mid,65,0,medium,mid
u001965,2025-11-26,1,value,web,paid_social,2026-01-30,6.641904761904762,598.0,2,PLN_BASIC,active,2026-01-30,2025-11-28,Basic,299.0,low,65,0,low,low
u001966,2025-11-07,2,value,web,organic,2026-01-30,4.831294117647058,299.0,1,PLN_BASIC,expired,2026-01-07,2025-11-08,Basic,299.0,low,84,0,low,low
u001967,2025-08-06,2,regular,mobile,search,2026-01-30,17.161329479768785,2495.0,5,PLN_STD,active,2026-01-30,2025-08-10,Standard,499.0,mid,177,0,high,mid
u001968,2025-08-30,1,premium,mobile,paid_social,2026-01-30,28.151283783783786,2495.0,5,PLN_STD,active,2026-01-30,2025-08-30,Standard,499.0,mid,153,0,high,mid
u001969,2025-12-01,2,value,web,organic,2026-01-30,8.1,299.0,1,PLN_BASIC,active,2026-01-30,2025-12-07,Basic,299.0,low,60,0,low,low
u001970,2025-06-12,2,value,mobile,search,2026-01-30,6.7382608695652175,1794.0,6,PLN_BASIC,cancelled,2026-01-10,2025-06-14,Basic,299.0,low,232,0,low,low
u001971,2025-11-29,2,regular,web,organic,2026-01-30,14.280806451612902,799.0,1,PLN_PREM,active,2026-01-30,2025-12-06,Premium,799.0,high,62,0,medium,high
u001972,2025-12-22,3,value,mobile,organic,2026-01-30,7.58475,299.0,1,PLN_BASIC,active,2026-01-30,2025-12-22,Basic,299.0,low,39,0,low,low
u001973,2025-10-23,3,value,web,organic,2026-01-30,7.7059595959595955,1497.0,3,PLN_STD,active,2026-01-30,2025-10-24,Standard,499.0,mid,99,0,low,mid
u001974,2025-07-29,2,premium,mobile,organic,2026-01-30,21.61342541436464,2495.0,5,PLN_STD,cancelled,2026-01-01,2025-08-04,Standard,499.0,mid,185,0,high,mid
u001975,2025-09-22,1,regular,web,email,2026-01-30,17.45752,1996.0,4,PLN_STD,active,2026-01-30,2025-09-24,Standard,499.0,mid,130,0,high,mid
u001976,2025-05-17,3,premium,web,email,2026-01-30,25.891268292682927,6392.0,8,PLN_PREM,active,2026-01-30,2025-05-19,Premium,799.0,high,258,0,high,high
u001977,2025-12-24,2,regular,mobile,paid_social,2026-01-30,18.306578947368422,799.0,1,PLN_PREM,active,2026-01-30,2025-12-27,Premium,799.0,high,37,0,high,high
u001978,2025-07-29,1,value,web,paid_social,2026-01-30,7.591567567567568,2495.0,5,PLN_STD,active,2026-01-30,2025-08-05,Standard,499.0,mid,185,0,low,mid
u001979,2025-05-19,2,premium,mobile,paid_social,2026-01-30,23.956717171717173,6392.0,8,PLN_PREM,active,2026-01-30,2025-05-19,Premium,799.0,high,256,0,high,high
u001980,2025-11-20,2,value,mobile,referral,2026-01-30,5.772816901408451,299.0,1,PLN_BASIC,expired,2026-01-19,2025-11-20,Basic,299.0,low,71,0,low,low
u001981,2025-10-17,2,value,web,search,2026-01-30,8.733809523809523,897.0,3,PLN_BASIC,active,2026-01-30,2025-10-18,Basic,299.0,low,105,0,medium,low
u001982,2025-10-08,1,premium,web,organic,2026-01-30,26.548518518518517,2397.0,3,PLN_PREM,active,2026-01-30,2025-10-12,Premium,799.0,high,114,0,high,high
u001983,2025-05-18,2,regular,mobile,paid_social,2026-01-30,16.525693779904305,3992.0,8,PLN_STD,active,2026-01-30,2025-05-20,Standard,499.0,mid,257,0,high,mid
u001984,2025-11-09,1,premium,mobile,email,2026-01-30,23.405250000000002,1598.0,2,PLN_PREM,active,2026-01-30,2025-11-12,Premium,799.0,high,82,0,high,high
u001985,2025-10-11,1,value,mobile,organic,2026-01-30,8.065675675675676,897.0,3,PLN_BASIC,active,2026-01-30,2025-10-16,Basic,299.0,low,111,0,low,low
u001986,2025-11-20,1,premium,web,search,2026-01-30,22.384714285714285,998.0,2,PLN_STD,cancelled,2026-01-19,2025-11-20,Standard,499.0,mid,71,0,high,mid
u001987,2025-11-28,3,regular,mobile,search,2026-01-30,21.159375,299.0,1,PLN_BASIC,active,2026-01-30,2025-12-02,Basic,299.0,low,63,0,high,low
u001988,2025-06-27,2,regular,web,search,2026-01-30,19.502870813397127,1794.0,6,PLN_BASIC,active,2026-01-30,2025-06-29,Basic,299.0,low,217,0,high,low
u001989,2025-06-26,2,premium,unknown,paid_social,2026-01-30,25.8155223880597,5593.0,7,PLN_PREM,active,2026-01-30,2025-06-27,Premium,799.0,high,218,0,high,high
u001990,2025-12-22,2,regular,web,search,2026-01-30,17.975789473684213,299.0,1,PLN_BASIC,active,2026-01-30,2025-12-26,Basic,299.0,low,39,0,high,low
u001991,2025-09-15,3,regular,web,email,2026-01-30,13.329999999999998,1497.0,3,PLN_STD,expired,2026-01-14,2025-09-16,Standard,499.0,mid,137,0,medium,mid
u001992,2025-08-22,2,regular,mobile,referral,2026-01-30,5.301875,1598.0,2,PLN_PREM,cancelled,2025-10-24,2025-08-25,Premium,799.0,high,161,0,low,high
u001993,2025-07-16,3,regular,mobile,organic,2026-01-30,15.426091370558376,1794.0,6,PLN_BASIC,active,2026-01-30,2025-07-21,Basic,299.0,low,198,0,medium,low
u001994,2025-10-12,2,premium,web,referral,2026-01-30,25.373301886792454,1497.0,3,PLN_STD,active,2026-01-30,2025-10-18,Standard,499.0,mid,110,0,high,mid
u001995,2025-11-10,1,regular,mobile,paid_social,2026-01-30,17.481604938271605,998.0,2,PLN_STD,active,2026-01-30,2025-11-13,Standard,499.0,mid,81,0,high,mid
u001996,2025-05-05,2,value,web,search,2026-01-30,10.035502392344497,2392.0,8,PLN_BASIC,active,2026-01-30,2025-05-11,Basic,299.0,low,270,0,medium,low
u001997,2025-09-20,2,value,web,search,2026-01-30,5.393129770992366,598.0,2,PLN_BASIC,expired,2025-12-22,2025-09-23,Basic,299.0,low,132,0,low,low
u001998,2026-01-09,3,premium,web,referral,2026-01-30,36.818571428571424,499.0,1,PLN_STD,active,2026-01-30,2026-01-11,Standard,499.0,mid,21,0,high,mid
u001999,2025-07-14,3,premium,web,search,2026-01-30,22.589148936170215,2994.0,6,PLN_STD,active,2026-01-30,2025-07-17,Standard,499.0,mid,200,0,high,mid
u002000,2025-07-14,2,premium,web,organic,2026-01-30,26.252606382978723,2994.0,6,PLN_STD,active,2026-01-30,2025-07-14,Standard,499.0,mid,200,0,high,mid
u002001,2025-12-11,3,value,web,organic,2026-01-30,10.265799999999999,299.0,1,PLN_BASIC,active,2026-01-30,2025-12-16,Basic,299.0,low,50,0,medium,low
u002002,2025-05-20,2,regular,web,organic,2026-01-30,14.770240384615384,3995.0,5,PLN_PREM,expired,2025-12-18,2025-05-22,Premium,799.0,high,255,0,medium,high
u002003,2025-08-12,2,regular,mobile,paid_social,2026-01-30,18.80993827160494,2495.0,5,PLN_STD,active,2026-01-30,2025-08-17,Standard,499.0,mid,171,0,high,mid
u002004,2025-08-28,2,regular,mobile,organic,2026-01-30,18.404900662251656,1495.0,5,PLN_BASIC,active,2026-01-30,2025-09-02,Basic,299.0,low,155,0,high,low
u002005,2025-11-21,1,value,mobile,paid_social,2026-01-30,2.094647887323944,299.0,1,PLN_BASIC,cancelled,2025-12-25,2025-11-25,Basic,299.0,low,70,0,low,low
u002006,2025-06-06,3,regular,web,search,2026-01-30,17.60596153846154,1495.0,5,PLN_BASIC,active,2026-01-30,2025-06-10,Basic,299.0,low,238,0,high,low
u002007,2025-08-21,1,value,mobile,referral,2026-01-30,2.665398773006135,998.0,2,PLN_STD,cancelled,2025-10-26,2025-08-27,Standard,499.0,mid,162,0,low,mid
u002008,2025-06-12,2,regular,web,search,2026-01-30,18.189852941176472,3493.0,7,PLN_STD,active,2026-01-30,2025-06-14,Standard,499.0,mid,232,0,high,mid
u002009,2025-11-18,2,value,mobile,email,2026-01-30,5.1264864864864865,499.0,1,PLN_STD,cancelled,2026-01-17,2025-11-18,Standard,499.0,mid,73,0,low,mid
u002010,2025-10-10,1,value,mobile,email,2026-01-30,6.23212389380531,897.0,3,PLN_BASIC,active,2026-01-30,2025-10-13,Basic,299.0,low,112,0,low,low
u002011,2025-09-06,1,value,web,organic,2026-01-30,7.18,1196.0,4,PLN_BASIC,active,2026-01-30,2025-09-07,Basic,299.0,low,146,0,low,low
u002012,2025-08-11,2,premium,web,paid_social,2026-01-30,3.6645614035087717,0.0,0,PLN_STD,expired,2025-09-15,2025-08-16,Standard,499.0,mid,172,0,low,mid
u002013,2025-06-12,1,regular,mobile,organic,2026-01-30,3.6637142857142857,499.0,1,PLN_STD,expired,2025-08-15,2025-06-16,Standard,499.0,mid,232,0,low,mid
u002014,2025-12-22,2,premium,mobile,referral,2026-01-30,14.800512820512822,799.0,1,PLN_PREM,cancelled,2026-01-23,2025-12-24,Premium,799.0,high,39,0,medium,high
u002015,2025-10-14,2,regular,mobile,paid_social,2026-01-30,9.39037037037037,499.0,1,PLN_STD,expired,2025-12-16,2025-10-17,Standard,499.0,mid,108,0,medium,mid
u002016,2025-07-24,1,regular,mobile,organic,2026-01-30,18.586894736842105,2994.0,6,PLN_STD,active,2026-01-30,2025-07-28,Standard,499.0,mid,190,0,high,mid
u002017,2025-08-16,1,value,mobile,organic,2026-01-30,7.153855421686747,1495.0,5,PLN_BASIC,active,2026-01-30,2025-08-17,Basic,299.0,low,167,0,low,low
u002018,2025-11-03,3,regular,web,search,2026-01-29,3.2534482758620693,0.0,0,PLN_PREM,cancelled,2025-12-03,2025-11-03,Premium,799.0,high,88,0,low,high
u002019,2025-11-01,3,value,mobile,referral,2026-01-30,4.57,598.0,2,PLN_BASIC,cancelled,2026-01-05,2025-11-06,Basic,299.0,low,90,0,low,low
u002020,2025-08-28,1,regular,web,referral,2026-01-30,16.511948051948053,1495.0,5,PLN_BASIC,active,2026-01-30,2025-09-02,Basic,299.0,low,155,0,high,low
u002021,2025-07-20,3,regular,web,organic,2026-01-30,16.688290155440416,1794.0,6,PLN_BASIC,active,2026-01-30,2025-07-25,Basic,299.0,low,194,0,high,low
u002022,2025-10-17,2,premium,web,organic,2026-01-30,26.652755102040814,2397.0,3,PLN_PREM,active,2026-01-30,2025-10-17,Premium,799.0,high,105,0,high,high
u002023,2025-10-17,2,value,mobile,search,2026-01-30,2.6999999999999997,299.0,1,PLN_BASIC,cancelled,2025-11-22,2025-10-23,Basic,299.0,low,105,0,low,low
u002024,2025-10-02,2,regular,mobile,paid_social,2026-01-30,16.092916666666664,1497.0,3,PLN_STD,active,2026-01-30,2025-10-06,Standard,499.0,mid,120,0,medium,mid
u002025,2025-05-23,2,value,web,organic,2026-01-30,8.354759615384616,3992.0,8,PLN_STD,active,2026-01-30,2025-05-30,Standard,499.0,mid,252,0,low,mid
u002026,2025-08-31,3,value,web,organic,2026-01-30,8.196797385620915,2495.0,5,PLN_STD,active,2026-01-30,2025-09-02,Standard,499.0,mid,152,0,low,mid
u002027,2025-10-06,2,regular,web,referral,2026-01-30,5.816581196581196,0.0,0,PLN_STD,expired,2025-11-11,2025-10-12,Standard,499.0,mid,116,0,low,mid
u002028,2025-12-29,2,regular,mobile,search,2026-01-30,19.600625,499.0,1,PLN_STD,active,2026-01-30,2026-01-01,Standard,499.0,mid,32,0,high,mid
u002029,2025-09-13,2,regular,mobile,paid_social,2026-01-30,15.53925925925926,1196.0,4,PLN_BASIC,active,2026-01-30,2025-09-20,Basic,299.0,low,139,0,medium,low
u002030,2025-07-30,1,value,web,search,2026-01-30,8.227826086956522,2495.0,5,PLN_STD,active,2026-01-30,2025-08-06,Standard,499.0,mid,184,0,low,mid
u002031,2025-09-21,2,premium,web,search,2026-01-30,16.924682539682543,2397.0,3,PLN_PREM,cancelled,2025-12-20,2025-09-21,Premium,799.0,high,131,0,high,high
u002032,2025-06-18,1,premium,mobile,paid_social,2026-01-30,12.584729064039408,3196.0,4,PLN_PREM,cancelled,2025-10-23,2025-06-25,Premium,799.0,high,226,0,medium,high
u002033,2025-05-27,2,regular,web,organic,2026-01-30,3.756618357487923,897.0,3,PLN_BASIC,cancelled,2025-08-28,2025-05-30,Basic,299.0,low,248,0,low,low
u002034,2025-10-22,1,premium,web,organic,2026-01-30,26.425434782608693,2397.0,3,PLN_PREM,active,2026-01-30,2025-10-23,Premium,799.0,high,100,0,high,high
u002035,2026-01-07,1,value,web,email,2026-01-30,3.9516666666666667,0.0,0,PLN_BASIC,cancelled,2026-01-30,2026-01-14,Basic,299.0,low,23,0,low,low
u002036,2025-12-03,2,regular,web,referral,2026-01-30,22.44298245614035,299.0,1,PLN_BASIC,active,2026-01-30,2025-12-06,Basic,299.0,low,58,0,high,low
u002037,2025-09-28,2,premium,web,paid_social,2026-01-30,26.3245,1497.0,3,PLN_STD,active,2026-01-30,2025-10-04,Standard,499.0,mid,124,0,high,mid
u002038,2025-05-15,2,regular,mobile,organic,2026-01-30,12.242019230769232,3493.0,7,PLN_STD,cancelled,2025-12-13,2025-05-17,Standard,499.0,mid,260,0,medium,mid
u002039,2026-01-07,1,regular,web,organic,2026-01-30,10.8,499.0,1,PLN_STD,cancelled,2026-01-30,2026-01-10,Standard,499.0,mid,23,0,medium,mid
u002040,2025-08-25,2,regular,web,organic,2026-01-30,15.211153846153847,3995.0,5,PLN_PREM,active,2026-01-30,2025-09-01,Premium,799.0,high,158,0,medium,high
u002041,2025-07-16,2,regular,mobile,email,2026-01-30,17.696288659793815,2994.0,6,PLN_STD,active,2026-01-30,2025-07-20,Standard,499.0,mid,198,0,high,mid
u002042,2025-12-15,2,regular,mobile,referral,2026-01-30,11.936521739130436,799.0,1,PLN_PREM,cancelled,2026-01-15,2025-12-16,Premium,799.0,high,46,0,medium,high
u002043,2025-11-08,2,value,web,search,2026-01-30,6.693132530120482,998.0,2,PLN_STD,active,2026-01-30,2025-11-08,Standard,499.0,mid,83,0,low,mid
u002044,2025-11-09,2,value,web,email,2026-01-30,9.819146341463414,598.0,2,PLN_BASIC,active,2026-01-30,2025-11-09,Basic,299.0,low,82,0,medium,low
u002045,2025-07-13,2,regular,mobile,organic,2026-01-30,14.351776649746194,1794.0,6,PLN_BASIC,active,2026-01-30,2025-07-15,Basic,299.0,low,201,0,medium,low
u002046,2026-01-08,3,regular,web,search,2026-01-30,15.736521739130435,499.0,1,PLN_STD,active,2026-01-30,2026-01-11,Standard,499.0,mid,22,0,medium,mid
u002047,2025-08-26,3,regular,mobile,organic,2026-01-30,18.25356687898089,2495.0,5,PLN_STD,active,2026-01-30,2025-08-30,Standard,499.0,mid,157,0,high,mid
u002048,2025-09-15,2,premium,web,organic,2026-01-30,25.647000000000002,3196.0,4,PLN_PREM,active,2026-01-30,2025-09-20,Premium,799.0,high,137,0,high,high
u002049,2025-11-09,2,regular,web,email,2026-01-30,21.564390243902437,998.0,2,PLN_STD,active,2026-01-30,2025-11-16,Standard,499.0,mid,82,0,high,mid
u002050,2025-10-17,1,regular,web,referral,2026-01-30,17.23838095238095,2397.0,3,PLN_PREM,active,2026-01-30,2025-10-24,Premium,799.0,high,105,0,high,high
u002051,2025-06-17,3,regular,mobile,organic,2026-01-30,19.523300970873787,1794.0,6,PLN_BASIC,active,2026-01-30,2025-06-17,Basic,299.0,low,227,0,high,low
u002052,2025-07-19,2,regular,web,organic,2026-01-30,16.606666666666666,2994.0,6,PLN_STD,active,2026-01-30,2025-07-19,Standard,499.0,mid,195,0,high,mid
u002053,2025-08-03,2,regular,web,paid_social,2026-01-30,15.67123595505618,3995.0,5,PLN_PREM,active,2026-01-30,2025-08-05,Premium,799.0,high,180,0,medium,high
u002054,2025-12-28,3,regular,web,organic,2026-01-30,10.87969696969697,499.0,1,PLN_STD,cancelled,2026-01-30,2026-01-01,Standard,499.0,mid,33,0,medium,mid
u002055,2025-10-31,2,regular,mobile,search,2026-01-30,13.17715909090909,598.0,2,PLN_BASIC,active,2026-01-30,2025-11-07,Basic,299.0,low,91,0,medium,low
u002056,2025-08-04,1,regular,web,paid_social,2026-01-30,16.621618497109825,2495.0,5,PLN_STD,active,2026-01-30,2025-08-07,Standard,499.0,mid,179,0,high,mid
u002057,2025-11-05,1,regular,mobile,organic,2026-01-30,17.278928571428573,998.0,2,PLN_STD,active,2026-01-30,2025-11-05,Standard,499.0,mid,86,0,high,mid
u002058,2025-11-06,1,regular,mobile,organic,2026-01-30,15.251046511627907,598.0,2,PLN_BASIC,active,2026-01-30,2025-11-06,Basic,299.0,low,85,0,medium,low
u002059,2025-08-11,2,value,web,organic,2026-01-30,4.748461538461538,897.0,3,PLN_BASIC,expired,2025-12-11,2025-08-13,Basic,299.0,low,172,0,low,low
u002060,2025-08-14,1,regular,mobile,email,2026-01-30,17.362256097560973,2495.0,5,PLN_STD,active,2026-01-30,2025-08-21,Standard,499.0,mid,169,0,high,mid
u002061,2025-12-15,3,regular,mobile,search,2026-01-30,20.061521739130434,299.0,1,PLN_BASIC,active,2026-01-30,2025-12-19,Basic,299.0,low,46,0,high,low
u002062,2025-09-23,3,value,web,paid_social,2026-01-30,1.8873643410852714,299.0,1,PLN_BASIC,cancelled,2025-10-24,2025-09-24,Basic,299.0,low,129,0,low,low
u002063,2025-06-11,2,regular,web,organic,2026-01-30,17.213495145631068,3493.0,7,PLN_STD,active,2026-01-30,2025-06-12,Standard,499.0,mid,233,0,high,mid
u002064,2025-11-01,2,regular,web,paid_social,2026-01-30,6.959555555555555,0.0,0,PLN_BASIC,expired,2025-12-05,2025-11-05,Basic,299.0,low,90,0,low,low
u002065,2025-09-29,2,regular,web,organic,2026-01-30,10.501818181818182,998.0,2,PLN_STD,cancelled,2025-12-05,2025-10-06,Standard,499.0,mid,123,0,medium,mid
u002066,2025-09-09,1,regular,web,organic,2026-01-30,3.09887323943662,299.0,1,PLN_BASIC,cancelled,2025-10-14,2025-09-14,Basic,299.0,low,143,0,low,low
u002067,2025-11-03,2,value,mobile,paid_social,2026-01-30,8.145842696629213,998.0,2,PLN_STD,active,2026-01-30,2025-11-05,Standard,499.0,mid,88,0,low,mid
u002068,2025-12-18,1,value,mobile,paid_social,2026-01-30,11.20279069767442,299.0,1,PLN_BASIC,active,2026-01-30,2025-12-21,Basic,299.0,low,43,0,medium,low
u002069,2025-07-26,1,value,web,organic,2026-01-30,5.7802173913043475,897.0,3,PLN_BASIC,expired,2025-11-24,2025-07-27,Basic,299.0,low,188,0,low,low
u002070,2025-08-18,2,regular,web,search,2026-01-30,15.960121951219513,1996.0,4,PLN_STD,active,2026-01-30,2025-08-22,Standard,499.0,mid,165,0,medium,mid
u002071,2025-06-21,1,regular,web,email,2026-01-30,13.198980582524271,2093.0,7,PLN_BASIC,active,2026-01-30,2025-06-23,Basic,299.0,low,223,0,medium,low
u002072,2025-10-14,2,regular,web,organic,2026-01-30,15.83766355140187,897.0,3,PLN_BASIC,active,2026-01-30,2025-10-16,Basic,299.0,low,108,0,medium,low
u002073,2025-08-14,2,regular,web,organic,2026-01-30,15.905798816568048,1495.0,5,PLN_BASIC,cancelled,2026-01-17,2025-08-20,Basic,299.0,low,169,0,medium,low
u002074,2025-07-29,3,value,mobile,search,2026-01-30,10.168659217877096,1495.0,5,PLN_BASIC,active,2026-01-30,2025-08-05,Basic,299.0,low,185,0,medium,low
u002075,2025-10-26,2,value,mobile,organic,2026-01-30,8.290000000000001,897.0,3,PLN_BASIC,active,2026-01-30,2025-10-30,Basic,299.0,low,96,0,low,low
u002076,2025-08-15,3,value,web,paid_social,2026-01-30,8.563668639053255,1495.0,5,PLN_BASIC,active,2026-01-30,2025-08-15,Basic,299.0,low,168,0,medium,low
u002077,2025-08-29,2,regular,mobile,paid_social,2026-01-30,18.777857142857144,1196.0,4,PLN_BASIC,active,2026-01-30,2025-09-04,Basic,299.0,low,154,0,high,low
u002078,2025-08-23,3,value,mobile,search,2026-01-30,4.10925,598.0,2,PLN_BASIC,cancelled,2025-10-27,2025-08-28,Basic,299.0,low,160,0,low,low
u002079,2025-07-08,2,regular,mobile,paid_social,2026-01-30,16.000935960591132,4794.0,6,PLN_PREM,active,2026-01-30,2025-07-11,Premium,799.0,high,206,0,medium,high
u002080,2025-06-05,1,regular,web,search,2026-01-30,16.01019138755981,3493.0,7,PLN_STD,active,2026-01-30,2025-06-07,Standard,499.0,mid,239,0,medium,mid
u002081,2025-11-28,3,regular,web,paid_social,2026-01-30,15.894126984126984,499.0,1,PLN_STD,active,2026-01-30,2025-12-04,Standard,499.0,mid,63,0,medium,mid
u002082,2025-05-28,2,value,mobile,organic,2026-01-30,8.31913875598086,2093.0,7,PLN_BASIC,active,2026-01-30,2025-06-02,Basic,299.0,low,247,0,low,low
u002083,2025-07-25,1,value,web,organic,2026-01-30,1.2284574468085108,299.0,1,PLN_BASIC,cancelled,2025-08-31,2025-08-01,Basic,299.0,low,189,0,low,low
u002084,2025-10-19,1,regular,mobile,paid_social,2026-01-30,18.69514563106796,897.0,3,PLN_BASIC,active,2026-01-30,2025-10-26,Basic,299.0,low,103,0,high,low
u002085,2025-06-06,2,regular,web,organic,2026-01-30,17.487729468599035,2093.0,7,PLN_BASIC,active,2026-01-30,2025-06-13,Basic,299.0,low,238,0,high,low
u002086,2025-10-16,2,value,mobile,organic,2026-01-30,9.178130841121495,897.0,3,PLN_BASIC,active,2026-01-30,2025-10-20,Basic,299.0,low,106,0,medium,low
u002087,2025-11-04,2,premium,mobile,search,2026-01-30,28.735125,1598.0,2,PLN_PREM,active,2026-01-30,2025-11-05,Premium,799.0,high,87,0,high,high
u002088,2025-10-18,3,regular,web,paid_social,2026-01-30,18.611650485436893,897.0,3,PLN_BASIC,active,2026-01-30,2025-10-18,Basic,299.0,low,104,0,high,low
u002089,2025-07-20,2,regular,web,organic,2026-01-30,14.204545454545455,2994.0,6,PLN_STD,active,2026-01-30,2025-07-22,Standard,499.0,mid,194,0,medium,mid
u002090,2025-05-09,2,value,mobile,paid_social,2026-01-30,8.13431279620853,2392.0,8,PLN_BASIC,active,2026-01-30,2025-05-09,Basic,299.0,low,266,0,low,low
u002091,2025-12-13,2,value,web,paid_social,2026-01-30,9.832857142857144,299.0,1,PLN_BASIC,active,2026-01-30,2025-12-20,Basic,299.0,low,48,0,medium,low
u002092,2025-07-25,3,value,mobile,paid_social,2026-01-30,8.629470899470899,1495.0,5,PLN_BASIC,active,2026-01-30,2025-07-29,Basic,299.0,low,189,0,medium,low
u002093,2025-11-23,1,value,mobile,organic,2026-01-30,5.773283582089552,299.0,1,PLN_BASIC,expired,2026-01-23,2025-11-24,Basic,299.0,low,68,0,low,low
u002094,2025-06-23,1,regular,web,referral,2026-01-30,15.399019607843139,1794.0,6,PLN_BASIC,active,2026-01-30,2025-06-26,Basic,299.0,low,221,0,medium,low
u002095,2025-06-14,2,regular,mobile,organic,2026-01-30,17.30890476190476,3493.0,7,PLN_STD,active,2026-01-30,2025-06-18,Standard,499.0,mid,230,0,high,mid
u002096,2025-11-16,2,premium,web,email,2026-01-30,25.122933333333332,1598.0,2,PLN_PREM,active,2026-01-30,2025-11-20,Premium,799.0,high,75,0,high,high
u002097,2025-12-26,3,premium,mobile,paid_social,2026-01-30,25.037647058823527,799.0,1,PLN_PREM,active,2026-01-30,2025-12-26,Premium,799.0,high,35,0,high,high
u002098,2025-12-07,2,value,web,organic,2026-01-30,10.207090909090908,299.0,1,PLN_BASIC,active,2026-01-30,2025-12-13,Basic,299.0,low,54,0,medium,low
u002099,2025-11-09,3,value,web,referral,2026-01-30,5.544512195121952,499.0,1,PLN_STD,active,2026-01-30,2025-11-13,Standard,499.0,mid,82,0,low,mid
u002100,2025-07-05,2,regular,web,search,2026-01-30,17.615049504950495,4794.0,6,PLN_PREM,active,2026-01-30,2025-07-11,Premium,799.0,high,209,0,high,high
u002101,2025-12-20,1,premium,mobile,search,2026-01-30,23.918,799.0,1,PLN_PREM,active,2026-01-30,2025-12-27,Premium,799.0,high,41,0,high,high
u002102,2025-10-19,1,premium,mobile,search,2026-01-30,25.485940594059404,2397.0,3,PLN_PREM,active,2026-01-30,2025-10-20,Premium,799.0,high,103,0,high,high
u002103,2025-06-17,1,value,mobile,paid_social,2026-01-30,7.639271844660194,1794.0,6,PLN_BASIC,active,2026-01-30,2025-06-18,Basic,299.0,low,227,0,low,low
u002104,2025-06-06,2,value,web,paid_social,2026-01-30,7.414666666666666,2093.0,7,PLN_BASIC,active,2026-01-30,2025-06-11,Basic,299.0,low,238,0,low,low
u002105,2025-12-09,2,value,web,referral,2026-01-30,9.392884615384615,499.0,1,PLN_STD,active,2026-01-30,2025-12-10,Standard,499.0,mid,52,0,medium,mid
u002106,2025-07-13,2,regular,mobile,organic,2026-01-30,16.272171717171716,1794.0,6,PLN_BASIC,active,2026-01-30,2025-07-19,Basic,299.0,low,201,0,medium,low
u002107,2025-11-13,2,regular,mobile,paid_social,2026-01-30,11.066753246753247,499.0,1,PLN_STD,expired,2026-01-14,2025-11-15,Standard,499.0,mid,78,0,medium,mid
u002108,2025-06-08,2,regular,web,paid_social,2026-01-30,4.131435406698564,1497.0,3,PLN_STD,cancelled,2025-09-07,2025-06-09,Standard,499.0,mid,236,0,low,mid
u002109,2025-07-14,2,regular,mobile,paid_social,2026-01-30,8.527777777777779,1497.0,3,PLN_STD,cancelled,2025-10-18,2025-07-20,Standard,499.0,mid,200,0,medium,mid
u002110,2025-07-15,2,value,web,search,2026-01-30,2.9149000000000003,998.0,2,PLN_STD,cancelled,2025-09-20,2025-07-22,Standard,499.0,mid,199,0,low,mid
u002111,2025-07-14,2,regular,web,search,2026-01-30,16.933517587939697,2994.0,6,PLN_STD,active,2026-01-30,2025-07-14,Standard,499.0,mid,200,0,high,mid
u002112,2025-10-21,2,value,mobile,paid_social,2026-01-30,9.376,598.0,2,PLN_BASIC,active,2026-01-30,2025-10-28,Basic,299.0,low,101,0,medium,low
u002113,2025-12-20,2,regular,web,organic,2026-01-30,7.63904761904762,299.0,1,PLN_BASIC,cancelled,2026-01-19,2025-12-20,Basic,299.0,low,41,0,low,low
u002114,2025-12-19,2,regular,web,organic,2026-01-30,17.045238095238094,499.0,1,PLN_STD,active,2026-01-30,2025-12-19,Standard,499.0,mid,42,0,high,mid
u002115,2025-11-07,2,regular,mobile,search,2026-01-30,15.043214285714287,998.0,2,PLN_STD,active,2026-01-30,2025-11-08,Standard,499.0,mid,84,0,medium,mid
u002116,2025-06-24,2,value,mobile,organic,2026-01-30,6.654476190476191,1794.0,6,PLN_BASIC,cancelled,2025-12-27,2025-06-30,Basic,299.0,low,220,0,low,low
u002117,2026-01-01,2,regular,web,organic,2026-01-30,15.467333333333332,299.0,1,PLN_BASIC,active,2026-01-30,2026-01-04,Basic,299.0,low,29,0,medium,low
u002118,2025-09-18,2,regular,mobile,organic,2026-01-30,8.114198473282443,499.0,1,PLN_STD,expired,2025-11-17,2025-09-18,Standard,499.0,mid,134,0,low,mid
u002119,2025-09-19,1,value,web,paid_social,2026-01-30,8.574962406015038,1996.0,4,PLN_STD,active,2026-01-30,2025-09-25,Standard,499.0,mid,133,0,medium,mid
u002120,2025-10-28,2,value,web,email,2026-01-30,6.419361702127659,897.0,3,PLN_BASIC,active,2026-01-30,2025-10-28,Basic,299.0,low,94,0,low,low
u002121,2025-11-14,3,regular,web,search,2026-01-30,15.2175,998.0,2,PLN_STD,active,2026-01-30,2025-11-14,Standard,499.0,mid,77,0,medium,mid
u002122,2025-12-30,1,value,web,organic,2026-01-30,7.4271875,499.0,1,PLN_STD,active,2026-01-30,2025-12-30,Standard,499.0,mid,31,0,low,mid
u002123,2025-09-28,3,value,web,referral,2026-01-30,7.272764227642276,897.0,3,PLN_BASIC,cancelled,2026-01-02,2025-10-04,Basic,299.0,low,124,0,low,low
u002124,2025-10-05,1,value,web,organic,2026-01-30,0.6993220338983052,299.0,1,PLN_BASIC,cancelled,2025-11-08,2025-10-09,Basic,299.0,low,117,0,low,low
u002125,2025-11-08,2,value,mobile,email,2026-01-30,7.174880952380952,299.0,1,PLN_BASIC,expired,2026-01-07,2025-11-08,Basic,299.0,low,83,0,low,low
u002126,2025-07-08,2,regular,mobile,search,2026-01-30,14.457425742574259,2994.0,6,PLN_STD,active,2026-01-30,2025-07-11,Standard,499.0,mid,206,0,medium,mid
u002127,2025-07-21,1,regular,mobile,organic,2026-01-30,17.910531914893618,1495.0,5,PLN_BASIC,active,2026-01-30,2025-07-21,Basic,299.0,low,193,0,high,low
u002128,2025-10-08,3,value,mobile,search,2026-01-30,6.914561403508772,598.0,2,PLN_BASIC,active,2026-01-30,2025-10-10,Basic,299.0,low,114,0,low,low
u002129,2025-05-21,2,regular,web,organic,2026-01-30,16.65,2392.0,8,PLN_BASIC,active,2026-01-30,2025-05-26,Basic,299.0,low,254,0,high,low
u002130,2025-07-24,3,value,web,paid_social,2026-01-30,0.8052356020942409,0.0,0,PLN_BASIC,expired,2025-08-24,2025-07-25,Basic,299.0,low,190,0,low,low
u002131,2025-11-01,2,value,web,organic,2026-01-30,7.376777777777777,897.0,3,PLN_BASIC,active,2026-01-30,2025-11-01,Basic,299.0,low,90,0,low,low
u002132,2026-01-05,3,value,mobile,referral,2026-01-30,10.03076923076923,299.0,1,PLN_BASIC,active,2026-01-30,2026-01-12,Basic,299.0,low,25,0,medium,low
u002133,2025-09-12,3,regular,web,paid_social,2026-01-30,17.837007299270073,3196.0,4,PLN_PREM,active,2026-01-30,2025-09-13,Premium,799.0,high,140,0,high,high
u002134,2025-08-13,2,premium,web,referral,2026-01-30,25.152037037037037,3995.0,5,PLN_PREM,active,2026-01-30,2025-08-19,Premium,799.0,high,170,0,high,high
u002135,2025-08-23,1,regular,web,referral,2026-01-30,16.85525641025641,3995.0,5,PLN_PREM,active,2026-01-30,2025-08-24,Premium,799.0,high,160,0,high,high
u002136,2025-10-24,2,value,web,organic,2026-01-30,6.546428571428571,299.0,1,PLN_BASIC,expired,2025-12-30,2025-10-31,Basic,299.0,low,98,0,low,low
u002137,2025-09-18,2,value,mobile,search,2026-01-30,7.714242424242424,1196.0,4,PLN_BASIC,active,2026-01-30,2025-09-25,Basic,299.0,low,134,0,low,low
u002138,2025-05-10,3,value,mobile,referral,2026-01-30,7.9697619047619055,2093.0,7,PLN_BASIC,cancelled,2026-01-05,2025-05-10,Basic,299.0,low,265,0,low,low
u002139,2025-09-17,2,regular,web,search,2026-01-30,17.450230769230767,1196.0,4,PLN_BASIC,active,2026-01-30,2025-09-21,Basic,299.0,low,135,0,high,low
u002140,2025-08-13,2,value,mobile,organic,2026-01-29,6.996167664670658,2495.0,5,PLN_STD,active,2026-01-30,2025-08-13,Standard,499.0,mid,170,0,low,mid
u002141,2025-10-27,1,premium,mobile,organic,2026-01-30,31.22,1497.0,3,PLN_STD,active,2026-01-30,2025-10-27,Standard,499.0,mid,95,0,high,mid
u002142,2025-12-10,2,regular,web,organic,2026-01-30,21.61549019607843,299.0,1,PLN_BASIC,active,2026-01-30,2025-12-13,Basic,299.0,low,51,0,high,low
u002143,2026-01-01,3,regular,web,referral,2026-01-30,11.995666666666667,499.0,1,PLN_STD,cancelled,2026-01-30,2026-01-06,Standard,499.0,mid,29,0,medium,mid
u002144,2025-10-05,1,regular,mobile,search,2026-01-30,11.537521367521368,897.0,3,PLN_BASIC,cancelled,2026-01-05,2025-10-07,Basic,299.0,low,117,0,medium,low
u002145,2025-08-04,2,value,web,paid_social,2026-01-30,9.63938202247191,1495.0,5,PLN_BASIC,active,2026-01-30,2025-08-05,Basic,299.0,low,179,0,medium,low
u002146,2025-08-24,3,regular,web,email,2026-01-30,17.814303797468355,2495.0,5,PLN_STD,active,2026-01-30,2025-08-26,Standard,499.0,mid,159,0,high,mid
u002147,2025-06-18,1,value,web,organic,2026-01-30,8.627914691943127,1794.0,6,PLN_BASIC,active,2026-01-30,2025-06-21,Basic,299.0,low,226,0,medium,low
u002148,2025-12-25,1,regular,mobile,paid_social,2026-01-30,25.99,299.0,1,PLN_BASIC,active,2026-01-30,2025-12-28,Basic,299.0,low,36,0,high,low
u002149,2025-12-03,2,regular,mobile,organic,2026-01-30,19.009655172413794,0.0,0,PLN_BASIC,active,2026-01-30,2025-12-06,Basic,299.0,low,58,0,high,low
u002150,2025-12-05,2,value,mobile,organic,2026-01-30,12.935964912280703,299.0,1,PLN_BASIC,active,2026-01-30,2025-12-11,Basic,299.0,low,56,0,medium,low
u002151,2025-07-26,1,regular,web,organic,2026-01-30,17.145054347826086,4794.0,6,PLN_PREM,active,2026-01-30,2025-07-28,Premium,799.0,high,188,0,high,high
u002152,2025-07-24,3,value,web,organic,2026-01-30,8.683756613756614,2994.0,6,PLN_STD,active,2026-01-30,2025-07-27,Standard,499.0,mid,190,0,medium,mid
u002153,2025-12-06,2,value,mobile,search,2026-01-30,3.078928571428572,0.0,0,PLN_BASIC,expired,2026-01-08,2025-12-09,Basic,299.0,low,55,0,low,low
u002154,2025-09-18,3,regular,mobile,search,2026-01-30,6.653507462686567,299.0,1,PLN_BASIC,expired,2025-11-19,2025-09-20,Basic,299.0,low,134,0,low,low
u002155,2025-10-28,3,regular,mobile,organic,2026-01-30,15.110860215053762,1497.0,3,PLN_STD,active,2026-01-30,2025-10-28,Standard,499.0,mid,94,0,medium,mid
u002156,2025-09-04,3,premium,mobile,organic,2026-01-30,26.500503597122304,3196.0,4,PLN_PREM,active,2026-01-30,2025-09-04,Premium,799.0,high,148,0,high,high
u002157,2025-08-24,2,regular,web,paid_social,2026-01-30,16.200256410256408,1996.0,4,PLN_STD,active,2026-01-30,2025-08-26,Standard,499.0,mid,159,0,medium,mid
u002158,2025-10-10,2,regular,mobile,organic,2026-01-30,10.622454545454545,1497.0,3,PLN_STD,cancelled,2026-01-15,2025-10-17,Standard,499.0,mid,112,0,medium,mid
u002159,2025-11-25,2,value,mobile,referral,2026-01-30,10.280606060606061,598.0,2,PLN_BASIC,active,2026-01-30,2025-12-01,Basic,299.0,low,66,0,medium,low
u002160,2025-07-27,1,value,mobile,email,2026-01-30,8.355744680851064,1794.0,6,PLN_BASIC,active,2026-01-30,2025-07-29,Basic,299.0,low,187,0,low,low
u002161,2025-11-24,2,premium,mobile,paid_social,2026-01-30,23.61640625,1598.0,2,PLN_PREM,active,2026-01-30,2025-11-30,Premium,799.0,high,67,0,high,high
u002162,2025-07-05,1,value,web,paid_social,2026-01-30,9.631170731707318,2994.0,6,PLN_STD,active,2026-01-30,2025-07-11,Standard,499.0,mid,209,0,medium,mid
u002163,2025-08-14,2,regular,mobile,paid_social,2026-01-30,19.130168820306253,2495.0,5,PLN_STD,active,2026-01-30,2025-08-18,Standard,499.0,mid,169,0,high,mid
u002164,2025-12-20,1,value,web,paid_social,2026-01-30,9.056904761904761,299.0,1,PLN_BASIC,active,2026-01-30,2025-12-26,Basic,299.0,low,41,0,medium,low
u002165,2025-12-30,2,value,web,email,2026-01-30,11.100625,0.0,0,PLN_BASIC,expired,2026-01-30,2025-12-31,Basic,299.0,low,31,0,medium,low
u002166,2025-12-22,1,regular,mobile,email,2026-01-30,23.026842105263157,299.0,1,PLN_BASIC,active,2026-01-30,2025-12-22,Basic,299.0,low,39,0,high,low
u002167,2025-07-23,2,regular,mobile,search,2026-01-30,18.435967741935485,1794.0,6,PLN_BASIC,active,2026-01-30,2025-07-25,Basic,299.0,low,191,0,high,low
u002168,2025-12-02,3,regular,unknown,paid_social,2026-01-30,16.825499999999998,799.0,1,PLN_PREM,active,2026-01-30,2025-12-02,Premium,799.0,high,59,0,high,high
u002169,2025-12-25,1,premium,web,referral,2026-01-30,23.816470588235294,499.0,1,PLN_STD,active,2026-01-30,2025-12-28,Standard,499.0,mid,36,0,high,mid
u002170,2026-01-05,3,value,web,organic,2026-01-30,7.074400000000001,299.0,1,PLN_BASIC,active,2026-01-30,2026-01-07,Basic,299.0,low,25,0,low,low
u002171,2025-05-10,3,regular,web,search,2026-01-30,15.357135922330098,2392.0,8,PLN_BASIC,active,2026-01-30,2025-05-17,Basic,299.0,low,265,0,medium,low
u002172,2025-11-07,2,value,mobile,paid_social,2026-01-30,3.58144578313253,299.0,1,PLN_BASIC,expired,2026-01-07,2025-11-08,Basic,299.0,low,84,0,low,low
u002173,2026-01-10,2,regular,mobile,paid_social,2026-01-30,16.603809523809524,299.0,1,PLN_BASIC,active,2026-01-30,2026-01-14,Basic,299.0,low,20,0,high,low
u002174,2025-11-12,2,value,mobile,search,2026-01-30,9.853125,598.0,2,PLN_BASIC,active,2026-01-30,2025-11-19,Basic,299.0,low,79,0,medium,low
u002175,2025-07-02,1,regular,web,organic,2026-01-30,15.58889423076923,2994.0,6,PLN_STD,active,2026-01-30,2025-07-06,Standard,499.0,mid,212,0,medium,mid
u002176,2025-11-12,2,value,mobile,organic,2026-01-30,9.32139240506329,598.0,2,PLN_BASIC,active,2026-01-30,2025-11-16,Basic,299.0,low,79,0,medium,low
u002177,2025-05-31,1,regular,mobile,search,2026-01-30,17.748529411764707,6392.0,8,PLN_PREM,active,2026-01-30,2025-06-01,Premium,799.0,high,244,0,high,high
u002178,2025-09-02,3,regular,web,email,2026-01-30,18.374657534246573,1996.0,4,PLN_STD,active,2026-01-30,2025-09-04,Standard,499.0,mid,150,0,high,mid
u002179,2025-10-09,3,premium,mobile,referral,2026-01-30,7.016106194690266,799.0,1,PLN_PREM,cancelled,2025-11-15,2025-10-16,Premium,799.0,high,113,0,low,high
u002180,2025-08-27,3,value,mobile,search,2026-01-30,6.935256410256411,2495.0,5,PLN_STD,active,2026-01-30,2025-08-31,Standard,499.0,mid,156,0,low,mid
u002181,2025-10-27,2,premium,web,organic,2026-01-30,29.353516483516483,1497.0,3,PLN_STD,active,2026-01-30,2025-10-30,Standard,499.0,mid,95,0,high,mid
u002182,2025-07-04,2,value,web,referral,2026-01-30,5.804142857142857,1196.0,4,PLN_BASIC,expired,2025-12-03,2025-07-06,Basic,299.0,low,210,0,low,low
u002183,2025-10-04,3,value,mobile,paid_social,2026-01-30,6.7588888888888885,897.0,3,PLN_BASIC,active,2026-01-30,2025-10-08,Basic,299.0,low,118,0,low,low
u002184,2025-10-13,1,value,mobile,search,2026-01-30,6.454545454545454,897.0,3,PLN_BASIC,cancelled,2026-01-17,2025-10-19,Basic,299.0,low,109,0,low,low
u002185,2025-10-11,1,value,mobile,search,2026-01-30,3.898660714285714,299.0,1,PLN_BASIC,expired,2025-12-12,2025-10-13,Basic,299.0,low,111,0,low,low
u002186,2025-07-16,2,regular,mobile,organic,2026-01-30,17.499384615384617,1794.0,6,PLN_BASIC,active,2026-01-30,2025-07-17,Basic,299.0,low,198,0,high,low
u002187,2025-07-20,2,value,web,referral,2026-01-30,7.5396373056994825,1794.0,6,PLN_BASIC,active,2026-01-30,2025-07-25,Basic,299.0,low,194,0,low,low
u002188,2025-07-08,2,regular,mobile,paid_social,2026-01-30,16.02384236453202,1794.0,6,PLN_BASIC,active,2026-01-30,2025-07-09,Basic,299.0,low,206,0,medium,low
u002189,2025-08-28,1,regular,mobile,search,2026-01-30,13.27635761589404,1196.0,4,PLN_BASIC,cancelled,2026-01-01,2025-09-03,Basic,299.0,low,155,0,medium,low
u002190,2025-09-29,2,regular,web,email,2026-01-30,17.512049180327868,1996.0,4,PLN_STD,active,2026-01-30,2025-09-30,Standard,499.0,mid,123,0,high,mid
u002191,2025-08-03,2,regular,mobile,paid_social,2026-01-30,6.539329608938547,799.0,1,PLN_PREM,expired,2025-10-04,2025-08-05,Premium,799.0,high,180,0,low,high
u002192,2025-08-15,1,regular,web,email,2026-01-30,15.341636363636363,2495.0,5,PLN_STD,active,2026-01-30,2025-08-19,Standard,499.0,mid,168,0,medium,mid
u002193,2025-07-15,1,value,web,search,2026-01-30,4.052222222222222,897.0,3,PLN_BASIC,cancelled,2025-10-19,2025-07-21,Basic,299.0,low,199,0,low,low
u002194,2025-06-28,2,regular,web,search,2026-01-30,16.595384615384617,3493.0,7,PLN_STD,active,2026-01-30,2025-06-28,Standard,499.0,mid,216,0,high,mid
u002195,2025-10-17,3,value,mobile,email,2026-01-30,6.845384615384616,1497.0,3,PLN_STD,active,2026-01-30,2025-10-18,Standard,499.0,mid,105,0,low,mid
u002196,2025-11-25,2,value,unknown,email,2026-01-30,7.376818181818182,598.0,2,PLN_BASIC,active,2026-01-30,2025-11-30,Basic,299.0,low,66,0,low,low
u002197,2025-07-16,2,value,web,email,2026-01-30,7.946700507614213,1794.0,6,PLN_BASIC,active,2026-01-30,2025-07-19,Basic,299.0,low,198,0,low,low
u002198,2025-12-07,3,regular,mobile,referral,2026-01-30,18.296296296296298,299.0,1,PLN_BASIC,active,2026-01-30,2025-12-14,Basic,299.0,low,54,0,high,low
u002199,2025-09-25,2,value,web,search,2026-01-30,6.55015625,598.0,2,PLN_BASIC,expired,2025-12-27,2025-09-28,Basic,299.0,low,127,0,low,low
u002200,2025-06-16,3,regular,mobile,organic,2026-01-30,15.384611650485438,2495.0,5,PLN_STD,active,2026-01-30,2025-06-19,Standard,499.0,mid,228,0,medium,mid
u002201,2025-08-04,2,value,mobile,search,2026-01-30,8.766666666666667,1495.0,5,PLN_BASIC,active,2026-01-30,2025-08-04,Basic,299.0,low,179,0,medium,low
u002202,2025-05-06,2,regular,web,email,2026-01-30,16.780344827586205,3992.0,8,PLN_STD,active,2026-01-30,2025-05-09,Standard,499.0,mid,269,0,high,mid
u002203,2025-05-14,1,regular,web,search,2026-01-30,6.470392156862745,1495.0,5,PLN_BASIC,cancelled,2025-10-13,2025-05-16,Basic,299.0,low,261,0,low,low
u002204,2025-07-28,1,value,mobile,paid_social,2026-01-30,7.360819672131147,1794.0,6,PLN_BASIC,active,2026-01-30,2025-08-03,Basic,299.0,low,186,0,low,low
u002205,2025-08-27,3,regular,web,email,2026-01-30,16.35012987012987,1996.0,4,PLN_STD,cancelled,2025-12-29,2025-08-31,Standard,499.0,mid,156,0,medium,mid
u002206,2025-11-21,3,regular,web,email,2026-01-30,16.032857142857143,998.0,2,PLN_STD,active,2026-01-30,2025-11-27,Standard,499.0,mid,70,0,medium,mid
u002207,2025-06-07,3,regular,mobile,email,2026-01-30,12.853190476190477,3493.0,7,PLN_STD,cancelled,2026-01-04,2025-06-08,Standard,499.0,mid,237,0,medium,mid
u002208,2025-12-01,3,value,mobile,search,2026-01-30,10.358833333333333,299.0,1,PLN_BASIC,active,2026-01-30,2025-12-05,Basic,299.0,low,60,0,medium,low
u002209,2025-07-02,1,regular,mobile,search,2026-01-30,17.31086956521739,1495.0,5,PLN_BASIC,active,2026-01-30,2025-07-07,Basic,299.0,low,212,0,high,low
u002210,2025-06-08,3,value,mobile,email,2026-01-30,7.113990384615385,1794.0,6,PLN_BASIC,active,2026-01-30,2025-06-09,Basic,299.0,low,236,0,low,low
u002211,2025-10-27,2,value,mobile,organic,2026-01-30,8.324270833333333,897.0,3,PLN_BASIC,active,2026-01-30,2025-10-30,Basic,299.0,low,95,0,low,low
u002212,2025-11-15,3,value,mobile,organic,2026-01-30,9.072,998.0,2,PLN_STD,active,2026-01-30,2025-11-15,Standard,499.0,mid,76,0,medium,mid
u002213,2025-10-03,1,regular,mobile,email,2026-01-30,18.842478632478635,598.0,2,PLN_BASIC,active,2026-01-30,2025-10-03,Basic,299.0,low,119,0,high,low
u002214,2025-06-03,2,value,mobile,paid_social,2026-01-30,0.2636057692307692,299.0,1,PLN_BASIC,cancelled,2025-07-07,2025-06-07,Basic,299.0,low,241,0,low,low
u002215,2025-06-02,3,regular,mobile,search,2026-01-30,14.68247619047619,3992.0,8,PLN_STD,active,2026-01-30,2025-06-03,Standard,499.0,mid,242,0,medium,mid
u002216,2025-08-10,3,value,web,organic,2026-01-30,9.873216374269006,1495.0,5,PLN_BASIC,active,2026-01-30,2025-08-17,Basic,299.0,low,173,0,medium,low
u002217,2025-08-26,2,regular,web,search,2026-01-30,3.7954545454545454,0.0,0,PLN_BASIC,expired,2025-09-30,2025-08-31,Basic,299.0,low,157,0,low,low
u002218,2026-01-10,2,value,web,email,2026-01-30,6.345238095238095,299.0,1,PLN_BASIC,active,2026-01-30,2026-01-14,Basic,299.0,low,20,0,low,low
u002219,2025-07-15,2,regular,web,paid_social,2026-01-30,16.670816326530613,1794.0,6,PLN_BASIC,active,2026-01-30,2025-07-18,Basic,299.0,low,199,0,high,low
u002220,2025-06-22,3,regular,web,search,2026-01-30,20.20550505050505,2093.0,7,PLN_BASIC,active,2026-01-30,2025-06-27,Basic,299.0,low,222,0,high,low
u002221,2025-12-28,2,regular,web,search,2026-01-30,29.023235294117647,499.0,1,PLN_STD,active,2026-01-30,2025-12-31,Standard,499.0,mid,33,0,high,mid
u002222,2025-06-12,2,value,mobile,referral,2026-01-30,2.8541232227488154,1497.0,3,PLN_STD,cancelled,2025-09-10,2025-06-12,Standard,499.0,mid,232,0,low,mid
u002223,2025-05-11,2,regular,web,email,2026-01-30,5.155142857142857,897.0,3,PLN_BASIC,expired,2025-09-15,2025-05-18,Basic,299.0,low,264,0,low,low
u002224,2025-08-19,2,premium,web,search,2026-01-30,24.21930817610063,2495.0,5,PLN_STD,active,2026-01-30,2025-08-26,Standard,499.0,mid,164,0,high,mid
u002225,2025-08-13,2,premium,web,paid_social,2026-01-30,22.73024691358025,3995.0,5,PLN_PREM,active,2026-01-30,2025-08-19,Premium,799.0,high,170,0,high,high
u002226,2025-10-07,2,value,web,organic,2026-01-30,4.257586206896551,998.0,2,PLN_STD,cancelled,2025-12-09,2025-10-10,Standard,499.0,mid,115,0,low,mid
u002227,2025-12-11,3,regular,mobile,search,2026-01-30,13.696862745098038,499.0,1,PLN_STD,active,2026-01-30,2025-12-16,Standard,499.0,mid,50,0,medium,mid
u002228,2025-12-25,3,value,web,organic,2026-01-30,6.852162162162162,499.0,1,PLN_STD,active,2026-01-30,2025-12-30,Standard,499.0,mid,36,0,low,mid
u002229,2025-07-16,3,value,web,search,2026-01-30,9.013160621761658,1794.0,6,PLN_BASIC,active,2026-01-30,2025-07-21,Basic,299.0,low,198,0,medium,low
u002230,2026-01-06,2,regular,mobile,search,2026-01-30,18.8924,499.0,1,PLN_STD,active,2026-01-30,2026-01-08,Standard,499.0,mid,24,0,high,mid
u002231,2025-10-10,2,regular,web,organic,2026-01-30,17.29088495575221,1497.0,3,PLN_STD,active,2026-01-30,2025-10-11,Standard,499.0,mid,112,0,high,mid
u002232,2025-05-22,2,regular,web,organic,2026-01-30,0.0,0.0,0,PLN_BASIC,expired,2025-06-24,2025-05-25,Basic,299.0,low,253,0,low,low
u002233,2025-12-26,3,regular,mobile,organic,2026-01-30,20.783055555555556,499.0,1,PLN_STD,active,2026-01-30,2026-01-02,Standard,499.0,mid,35,0,high,mid
u002234,2025-06-08,2,value,mobile,organic,2026-01-30,8.649565217391304,2093.0,7,PLN_BASIC,active,2026-01-30,2025-06-09,Basic,299.0,low,236,0,medium,low
u002235,2025-09-29,2,regular,mobile,paid_social,2026-01-30,17.409421487603307,1996.0,4,PLN_STD,active,2026-01-30,2025-10-02,Standard,499.0,mid,123,0,high,mid
u002236,2025-11-19,2,value,mobile,organic,2026-01-30,2.123150684931507,0.0,0,PLN_BASIC,expired,2025-12-21,2025-11-21,Basic,299.0,low,72,0,low,low
u002237,2025-07-06,2,value,mobile,organic,2026-01-30,2.5162980769230767,897.0,3,PLN_BASIC,cancelled,2025-10-10,2025-07-12,Basic,299.0,low,208,0,low,low
u002238,2025-07-11,2,value,web,email,2026-01-30,8.50255,2994.0,6,PLN_STD,active,2026-01-30,2025-07-14,Standard,499.0,mid,203,0,medium,mid
u002239,2025-09-01,1,premium,mobile,organic,2026-01-30,26.71054794520548,2495.0,5,PLN_STD,active,2026-01-30,2025-09-02,Standard,499.0,mid,151,0,high,mid
u002240,2025-12-13,2,regular,mobile,referral,2026-01-30,13.940416666666666,0.0,0,PLN_STD,active,2026-01-30,2025-12-13,Standard,499.0,mid,48,0,medium,mid
u002241,2025-06-30,2,value,web,paid_social,2026-01-30,4.161674641148325,897.0,3,PLN_BASIC,expired,2025-10-28,2025-06-30,Basic,299.0,low,214,0,low,low
u002242,2025-10-18,1,regular,mobile,paid_social,2026-01-30,12.468737864077669,2397.0,3,PLN_PREM,cancelled,2026-01-22,2025-10-24,Premium,799.0,high,104,0,medium,high
u002243,2025-08-26,3,premium,web,search,2026-01-30,25.412027027027026,2495.0,5,PLN_STD,active,2026-01-30,2025-09-02,Standard,499.0,mid,157,0,high,mid
u002244,2025-06-02,2,premium,mobile,organic,2026-01-30,24.495320197044336,5593.0,7,PLN_PREM,active,2026-01-30,2025-06-07,Premium,799.0,high,242,0,high,high
u002245,2025-10-30,1,regular,mobile,referral,2026-01-30,18.005,499.0,1,PLN_STD,active,2026-01-30,2025-11-05,Standard,499.0,mid,92,0,high,mid
u002246,2025-11-29,3,value,web,referral,2026-01-30,7.655967741935484,299.0,1,PLN_BASIC,active,2026-01-30,2025-12-02,Basic,299.0,low,62,0,low,low
u002247,2025-09-26,2,regular,web,search,2026-01-30,16.92219512195122,1497.0,3,PLN_STD,active,2026-01-30,2025-10-03,Standard,499.0,mid,126,0,high,mid
u002248,2025-06-18,3,regular,mobile,paid_social,2026-01-30,6.1888995215311,998.0,2,PLN_STD,expired,2025-09-18,2025-06-20,Standard,499.0,mid,226,0,low,mid
u002249,2025-06-13,2,premium,mobile,search,2026-01-30,25.1959,5593.0,7,PLN_PREM,active,2026-01-30,2025-06-19,Premium,799.0,high,231,0,high,high
u002250,2025-08-19,3,regular,web,email,2026-01-30,17.235853658536584,3995.0,5,PLN_PREM,active,2026-01-30,2025-08-21,Premium,799.0,high,164,0,high,high
u002251,2025-09-09,2,regular,web,referral,2026-01-30,17.599078014184396,1497.0,3,PLN_STD,active,2026-01-30,2025-09-14,Standard,499.0,mid,143,0,high,mid
u002252,2025-09-20,2,value,mobile,organic,2026-01-30,7.237744360902256,1196.0,4,PLN_BASIC,active,2026-01-30,2025-09-27,Basic,299.0,low,132,0,low,low
u002253,2025-07-05,1,regular,web,referral,2026-01-30,17.761029411764707,2994.0,6,PLN_STD,active,2026-01-30,2025-07-12,Standard,499.0,mid,209,0,high,mid
u002254,2025-09-07,2,value,mobile,email,2026-01-30,4.256338028169014,598.0,2,PLN_BASIC,cancelled,2025-11-13,2025-09-14,Basic,299.0,low,145,0,low,low
u002255,2025-07-18,2,value,mobile,paid_social,2026-01-30,7.492590673575129,1794.0,6,PLN_BASIC,cancelled,2026-01-19,2025-07-23,Basic,299.0,low,196,0,low,low
u002256,2025-10-24,2,regular,web,organic,2026-01-30,5.5491919191919195,299.0,1,PLN_BASIC,cancelled,2025-11-28,2025-10-29,Basic,299.0,low,98,0,low,low
u002257,2025-11-20,2,regular,mobile,referral,2026-01-30,18.263285714285715,998.0,2,PLN_STD,active,2026-01-30,2025-11-22,Standard,499.0,mid,71,0,high,mid
u002258,2025-10-15,3,premium,web,paid_social,2026-01-30,26.471941747572817,1497.0,3,PLN_STD,active,2026-01-30,2025-10-21,Standard,499.0,mid,107,0,high,mid
u002259,2025-05-05,2,regular,mobile,organic,2026-01-30,15.058238095238096,5593.0,7,PLN_PREM,active,2026-01-30,2025-05-11,Premium,799.0,high,270,0,medium,high
u002260,2026-01-09,2,premium,mobile,referral,2026-01-30,23.322857142857142,799.0,1,PLN_PREM,active,2026-01-30,2026-01-11,Premium,799.0,high,21,0,high,high
u002261,2025-05-10,3,regular,web,search,2026-01-30,0.0,0.0,0,PLN_STD,expired,2025-06-11,2025-05-12,Standard,499.0,mid,265,0,low,mid
u002262,2026-01-10,2,regular,web,referral,2026-01-30,10.213333333333333,799.0,1,PLN_PREM,cancelled,2026-01-30,2026-01-10,Premium,799.0,high,20,0,medium,high
u002263,2025-05-12,3,value,web,paid_social,2026-01-30,8.780143540669856,2392.0,8,PLN_BASIC,active,2026-01-30,2025-05-15,Basic,299.0,low,263,0,medium,low
u002264,2025-09-11,3,regular,mobile,organic,2026-01-30,16.615928571428572,1996.0,4,PLN_STD,active,2026-01-30,2025-09-18,Standard,499.0,mid,141,0,high,mid
u002265,2025-05-31,3,value,web,email,2026-01-30,7.698937198067633,3493.0,7,PLN_STD,cancelled,2025-12-31,2025-06-04,Standard,499.0,mid,244,0,low,mid
u002266,2025-05-28,3,value,mobile,search,2026-01-30,8.45875,3493.0,7,PLN_STD,active,2026-01-30,2025-06-03,Standard,499.0,mid,247,0,medium,mid
u002267,2025-10-23,2,value,mobile,search,2026-01-30,7.381111111111111,897.0,3,PLN_BASIC,active,2026-01-30,2025-10-28,Basic,299.0,low,99,0,low,low
u002268,2025-11-03,1,regular,web,search,2026-01-30,14.750689655172414,598.0,2,PLN_BASIC,active,2026-01-30,2025-11-07,Basic,299.0,low,88,0,medium,low
u002269,2025-06-03,2,regular,mobile,organic,2026-01-30,13.626893203883494,2093.0,7,PLN_BASIC,active,2026-01-30,2025-06-10,Basic,299.0,low,241,0,medium,low
u002270,2026-01-05,3,premium,web,paid_social,2026-01-30,39.8752,499.0,1,PLN_STD,active,2026-01-30,2026-01-12,Standard,499.0,mid,25,0,high,mid
u002271,2025-07-24,2,premium,mobile,search,2026-01-30,26.60890710382514,4794.0,6,PLN_PREM,active,2026-01-30,2025-07-26,Premium,799.0,high,190,0,high,high
u002272,2025-07-23,3,premium,web,email,2026-01-30,26.04108695652174,2495.0,5,PLN_STD,active,2026-01-30,2025-07-29,Standard,499.0,mid,191,0,high,mid
u002273,2025-07-18,1,value,mobile,email,2026-01-30,8.384467005076143,1794.0,6,PLN_BASIC,active,2026-01-30,2025-07-20,Basic,299.0,low,196,0,low,low
u002274,2025-08-28,2,premium,web,paid_social,2026-01-30,24.271013513513516,2495.0,5,PLN_STD,cancelled,2026-01-27,2025-08-30,Standard,499.0,mid,155,0,high,mid
u002275,2025-06-18,2,regular,web,organic,2026-01-30,15.002307692307692,3493.0,7,PLN_STD,active,2026-01-30,2025-06-22,Standard,499.0,mid,226,0,medium,mid
u002276,2025-08-19,2,premium,mobile,paid_social,2026-01-30,12.570253164556961,2397.0,3,PLN_PREM,cancelled,2025-11-24,2025-08-26,Premium,799.0,high,164,0,medium,high
u002277,2025-06-26,1,value,mobile,organic,2026-01-30,8.889138755980861,2093.0,7,PLN_BASIC,active,2026-01-30,2025-07-02,Basic,299.0,low,218,0,medium,low
u002278,2025-05-17,1,value,mobile,referral,2026-01-30,8.125071770334928,3992.0,8,PLN_STD,active,2026-01-30,2025-05-20,Standard,499.0,mid,258,0,low,mid
u002279,2025-08-05,3,premium,mobile,search,2026-01-30,22.88261627906977,2495.0,5,PLN_STD,active,2026-01-30,2025-08-11,Standard,499.0,mid,178,0,high,mid
u002280,2025-10-20,2,value,web,email,2026-01-30,10.374117647058824,897.0,3,PLN_BASIC,active,2026-01-30,2025-10-26,Basic,299.0,low,102,0,medium,low
u002281,2025-11-12,1,value,mobile,search,2026-01-30,7.64725,598.0,2,PLN_BASIC,active,2026-01-30,2025-11-19,Basic,299.0,low,79,0,low,low
u002282,2025-08-01,1,regular,web,organic,2026-01-30,16.42033519553073,1495.0,5,PLN_BASIC,active,2026-01-30,2025-08-05,Basic,299.0,low,182,0,high,low
u002283,2025-07-25,2,value,web,email,2026-01-30,7.5690374331550805,2994.0,6,PLN_STD,active,2026-01-30,2025-07-26,Standard,499.0,mid,189,0,low,mid
u002284,2025-11-18,1,value,mobile,search,2026-01-30,8.377534246575342,598.0,2,PLN_BASIC,active,2026-01-30,2025-11-20,Basic,299.0,low,73,0,low,low
u002285,2025-10-22,2,premium,mobile,referral,2026-01-30,28.407872340425534,2397.0,3,PLN_PREM,active,2026-01-30,2025-10-28,Premium,799.0,high,100,0,high,high
u002286,2025-11-29,3,premium,web,email,2026-01-30,29.026,799.0,1,PLN_PREM,active,2026-01-30,2025-12-02,Premium,799.0,high,62,0,high,high
u002287,2025-12-18,1,premium,web,search,2026-01-30,27.4625,799.0,1,PLN_PREM,active,2026-01-30,2025-12-24,Premium,799.0,high,43,0,high,high
u002288,2025-11-27,2,value,mobile,search,2026-01-30,2.063333333333333,499.0,1,PLN_STD,cancelled,2026-01-03,2025-12-04,Standard,499.0,mid,64,0,low,mid
u002289,2025-12-26,1,value,web,search,2026-01-30,4.078333333333333,299.0,1,PLN_BASIC,active,2026-01-30,2026-01-02,Basic,299.0,low,35,0,low,low
u002290,2025-08-17,2,regular,web,referral,2026-01-30,16.65060975609756,2495.0,5,PLN_STD,active,2026-01-30,2025-08-19,Standard,499.0,mid,166,0,high,mid
u002291,2025-08-12,3,regular,web,email,2026-01-30,16.512619047619047,2495.0,5,PLN_STD,active,2026-01-30,2025-08-17,Standard,499.0,mid,171,0,high,mid
u002292,2025-07-24,2,value,web,organic,2026-01-30,9.087473684210526,1794.0,6,PLN_BASIC,active,2026-01-30,2025-07-29,Basic,299.0,low,190,0,medium,low
u002293,2025-07-03,3,regular,web,paid_social,2026-01-30,18.267259615384617,3493.0,7,PLN_STD,active,2026-01-30,2025-07-04,Standard,499.0,mid,211,0,high,mid
u002294,2025-11-08,1,premium,mobile,organic,2026-01-30,24.9146835443038,1598.0,2,PLN_PREM,active,2026-01-30,2025-11-15,Premium,799.0,high,83,0,high,high
u002295,2025-10-31,2,regular,web,paid_social,2026-01-30,10.337934782608697,998.0,2,PLN_STD,cancelled,2026-01-04,2025-11-05,Standard,499.0,mid,91,0,medium,mid
u002296,2025-11-22,2,regular,web,referral,2026-01-30,15.201159420289853,998.0,2,PLN_STD,active,2026-01-30,2025-11-27,Standard,499.0,mid,69,0,medium,mid
u002297,2025-06-16,2,regular,mobile,referral,2026-01-30,19.104685990338165,2994.0,6,PLN_STD,active,2026-01-30,2025-06-20,Standard,499.0,mid,228,0,high,mid
u002298,2025-09-05,3,value,mobile,search,2026-01-30,2.639797297297297,598.0,2,PLN_BASIC,cancelled,2025-11-11,2025-09-12,Basic,299.0,low,147,0,low,low
u002299,2025-06-29,1,value,mobile,search,2026-01-30,7.992850241545893,2093.0,7,PLN_BASIC,active,2026-01-30,2025-07-01,Basic,299.0,low,215,0,low,low
u002300,2025-12-15,3,regular,mobile,organic,2026-01-30,16.51,499.0,1,PLN_STD,active,2026-01-30,2025-12-20,Standard,499.0,mid,46,0,high,mid
u002301,2025-07-11,3,regular,mobile,organic,2026-01-30,10.920796019900497,2495.0,5,PLN_STD,cancelled,2025-12-13,2025-07-16,Standard,499.0,mid,203,0,medium,mid
u002302,2025-06-10,2,regular,mobile,search,2026-01-30,16.596359223300972,1794.0,6,PLN_BASIC,active,2026-01-30,2025-06-11,Basic,299.0,low,234,0,high,low
u002303,2025-09-25,2,regular,mobile,referral,2026-01-30,16.16626984126984,1996.0,4,PLN_STD,active,2026-01-30,2025-09-27,Standard,499.0,mid,127,0,medium,mid
u002304,2025-12-11,2,value,mobile,search,2026-01-30,5.785510204081633,0.0,0,PLN_BASIC,active,2026-01-30,2025-12-12,Basic,299.0,low,50,0,low,low
u002305,2025-12-20,2,value,mobile,organic,2026-01-30,5.626829268292683,499.0,1,PLN_STD,cancelled,2026-01-20,2025-12-21,Standard,499.0,mid,41,0,low,mid
u002306,2025-05-29,3,value,web,paid_social,2026-01-30,2.1981042654028435,897.0,3,PLN_BASIC,cancelled,2025-09-03,2025-06-05,Basic,299.0,low,246,0,low,low
u002307,2025-07-25,2,value,mobile,organic,2026-01-30,8.166507936507937,2994.0,6,PLN_STD,active,2026-01-30,2025-07-27,Standard,499.0,mid,189,0,low,mid
u002308,2025-06-12,3,regular,mobile,organic,2026-01-30,17.996298076923075,2093.0,7,PLN_BASIC,active,2026-01-30,2025-06-12,Basic,299.0,low,232,0,high,low
u002309,2025-07-21,2,regular,web,email,2026-01-30,15.505025906735753,2994.0,6,PLN_STD,active,2026-01-30,2025-07-22,Standard,499.0,mid,193,0,medium,mid
u002310,2025-09-15,2,premium,mobile,organic,2026-01-30,19.112857142857145,2397.0,3,PLN_PREM,cancelled,2025-12-20,2025-09-21,Premium,799.0,high,137,0,high,high
u002311,2025-07-14,2,regular,web,search,2026-01-30,20.0365,2994.0,6,PLN_STD,active,2026-01-30,2025-07-20,Standard,499.0,mid,200,0,high,mid
u002312,2025-05-21,2,regular,web,search,2026-01-30,18.61790243902439,3493.0,7,PLN_STD,active,2026-01-30,2025-05-23,Standard,499.0,mid,254,0,high,mid
u002313,2025-09-10,3,value,mobile,organic,2026-01-30,7.2679577464788725,1196.0,4,PLN_BASIC,active,2026-01-30,2025-09-15,Basic,299.0,low,142,0,low,low
u002314,2025-05-18,1,regular,web,organic,2026-01-30,14.172233009708737,6392.0,8,PLN_PREM,active,2026-01-30,2025-05-24,Premium,799.0,high,257,0,medium,high
u002315,2025-06-30,3,value,web,organic,2026-01-30,8.932884615384616,1794.0,6,PLN_BASIC,active,2026-01-30,2025-07-06,Basic,299.0,low,214,0,medium,low
u002316,2025-05-05,3,premium,web,search,2026-01-30,29.26532663316583,7191.0,9,PLN_PREM,active,2026-01-30,2025-05-05,Premium,799.0,high,270,0,high,high
u002317,2025-05-26,3,regular,mobile,referral,2026-01-30,15.749134615384616,3493.0,7,PLN_STD,active,2026-01-30,2025-05-27,Standard,499.0,mid,249,0,medium,mid
u002318,2025-08-22,2,value,web,search,2026-01-30,9.794567901234569,2495.0,5,PLN_STD,active,2026-01-30,2025-08-27,Standard,499.0,mid,161,0,medium,mid
u002319,2025-12-04,3,value,mobile,search,2026-01-30,3.540689655172414,0.0,0,PLN_BASIC,cancelled,2026-01-06,2025-12-07,Basic,299.0,low,57,0,low,low
u002320,2025-11-15,2,value,mobile,search,2026-01-30,11.673026315789473,998.0,2,PLN_STD,active,2026-01-30,2025-11-15,Standard,499.0,mid,76,0,medium,mid
u002321,2025-05-29,3,premium,mobile,email,2026-01-30,27.010643564356435,3992.0,8,PLN_STD,active,2026-01-30,2025-06-04,Standard,499.0,mid,246,0,high,mid
u002322,2025-05-13,1,value,mobile,organic,2026-01-30,4.482285714285714,2994.0,6,PLN_STD,cancelled,2025-11-09,2025-05-13,Standard,499.0,mid,262,0,low,mid
u002323,2025-07-28,2,value,mobile,referral,2026-01-30,10.62027027027027,1794.0,6,PLN_BASIC,active,2026-01-30,2025-08-01,Basic,299.0,low,186,0,medium,low
u002324,2025-10-15,2,value,web,organic,2026-01-30,2.732056074766355,499.0,1,PLN_STD,cancelled,2025-11-21,2025-10-22,Standard,499.0,mid,107,0,low,mid
u002325,2025-11-08,2,regular,mobile,email,2026-01-30,3.5234146341463415,0.0,0,PLN_STD,expired,2025-12-10,2025-11-10,Standard,499.0,mid,83,0,low,mid
u002326,2025-11-27,2,regular,web,organic,2026-01-30,16.42327868852459,598.0,2,PLN_BASIC,active,2026-01-30,2025-11-27,Basic,299.0,low,64,0,high,low
u002327,2025-07-29,3,regular,web,organic,2026-01-30,6.072810810810811,598.0,2,PLN_BASIC,cancelled,2025-10-03,2025-08-04,Basic,299.0,low,185,0,low,low
u002328,2025-06-16,2,value,web,search,2026-01-30,8.263142857142856,3493.0,7,PLN_STD,active,2026-01-30,2025-06-18,Standard,499.0,mid,228,0,low,mid
u002329,2025-05-11,2,value,mobile,organic,2026-01-30,0.0,0.0,0,PLN_BASIC,expired,2025-06-11,2025-05-12,Basic,299.0,low,264,0,low,low
u002330,2025-06-10,1,premium,web,paid_social,2026-01-30,25.31425,2994.0,6,PLN_STD,active,2026-01-30,2025-06-14,Standard,499.0,mid,234,0,high,mid
u002331,2025-05-21,3,value,mobile,paid_social,2026-01-30,8.83933014354067,3992.0,8,PLN_STD,active,2026-01-30,2025-05-22,Standard,499.0,mid,254,0,medium,mid
u002332,2025-12-07,3,value,web,paid_social,2026-01-30,1.098888888888889,299.0,1,PLN_BASIC,cancelled,2026-01-09,2025-12-10,Basic,299.0,low,54,0,low,low
u002333,2025-07-11,2,regular,web,organic,2026-01-30,16.7571,2994.0,6,PLN_STD,active,2026-01-30,2025-07-16,Standard,499.0,mid,203,0,high,mid
u002334,2025-11-27,2,value,web,paid_social,2026-01-30,8.503492063492065,598.0,2,PLN_BASIC,active,2026-01-30,2025-11-28,Basic,299.0,low,64,0,medium,low
u002335,2025-09-20,3,value,mobile,organic,2026-01-30,3.378560606060606,299.0,1,PLN_BASIC,expired,2025-11-25,2025-09-26,Basic,299.0,low,132,0,low,low
u002336,2025-09-17,3,regular,web,email,2026-01-30,17.292313432835822,1196.0,4,PLN_BASIC,active,2026-01-30,2025-09-18,Basic,299.0,low,135,0,high,low
u002337,2025-08-27,2,regular,web,paid_social,2026-01-30,16.03844155844156,2495.0,5,PLN_STD,active,2026-01-30,2025-08-29,Standard,499.0,mid,156,0,medium,mid
u002338,2025-11-26,2,value,web,paid_social,2026-01-30,10.418939393939393,598.0,2,PLN_BASIC,active,2026-01-30,2025-11-29,Basic,299.0,low,65,0,medium,low
u002339,2025-05-15,3,value,web,referral,2026-01-30,3.050190476190476,1196.0,4,PLN_BASIC,cancelled,2025-09-17,2025-05-20,Basic,299.0,low,260,0,low,low
u002340,2025-05-28,2,regular,mobile,paid_social,2026-01-30,5.5600000000000005,1497.0,3,PLN_STD,expired,2025-10-01,2025-06-03,Standard,499.0,mid,247,0,low,mid
u002341,2025-08-19,3,value,web,search,2026-01-30,8.910122699386502,1495.0,5,PLN_BASIC,active,2026-01-30,2025-08-20,Basic,299.0,low,164,0,medium,low
u002342,2025-08-12,2,value,web,organic,2026-01-30,5.079882352941176,897.0,3,PLN_BASIC,cancelled,2025-12-14,2025-08-16,Basic,299.0,low,171,0,low,low
u002343,2025-09-18,3,regular,mobile,paid_social,2026-01-30,16.269166666666667,1196.0,4,PLN_BASIC,active,2026-01-30,2025-09-24,Basic,299.0,low,134,0,medium,low
u002344,2025-11-06,1,regular,web,search,2026-01-30,19.04674698795181,998.0,2,PLN_STD,active,2026-01-30,2025-11-12,Standard,499.0,mid,85,0,high,mid
u002345,2025-09-29,1,premium,web,organic,2026-01-30,27.42517857142857,1996.0,4,PLN_STD,active,2026-01-30,2025-09-30,Standard,499.0,mid,123,0,high,mid
u002346,2025-07-08,3,value,mobile,referral,2026-01-30,8.441796116504854,2495.0,5,PLN_STD,active,2026-01-30,2025-07-13,Standard,499.0,mid,206,0,medium,mid
u002347,2025-07-26,3,value,mobile,organic,2026-01-30,8.719462365591397,1794.0,6,PLN_BASIC,active,2026-01-30,2025-07-28,Basic,299.0,low,188,0,medium,low
u002348,2025-11-09,3,regular,mobile,paid_social,2026-01-30,15.479397590361446,998.0,2,PLN_STD,active,2026-01-30,2025-11-12,Standard,499.0,mid,82,0,medium,mid
u002349,2025-06-24,3,regular,web,organic,2026-01-30,8.445288461538462,1196.0,4,PLN_BASIC,expired,2025-11-23,2025-06-26,Basic,299.0,low,220,0,medium,low
u002350,2025-09-08,2,value,web,search,2026-01-30,3.8505517241379312,598.0,2,PLN_BASIC,cancelled,2025-11-10,2025-09-11,Basic,299.0,low,144,0,low,low
u002351,2025-09-17,2,regular,web,referral,2026-01-30,6.876717557251909,998.0,2,PLN_STD,cancelled,2025-11-18,2025-09-19,Standard,499.0,mid,135,0,low,mid
u002352,2025-11-09,1,value,web,organic,2026-01-30,8.320375,598.0,2,PLN_BASIC,active,2026-01-30,2025-11-11,Basic,299.0,low,82,0,low,low
u002353,2025-10-31,2,regular,web,paid_social,2026-01-30,15.774555555555557,998.0,2,PLN_STD,active,2026-01-30,2025-11-07,Standard,499.0,mid,91,0,medium,mid
u002354,2025-08-29,1,regular,mobile,paid_social,2026-01-30,13.882599999999998,1996.0,4,PLN_STD,expired,2026-01-28,2025-08-31,Standard,499.0,mid,154,0,medium,mid
u002355,2025-07-21,3,regular,mobile,referral,2026-01-30,13.059583333333334,2994.0,6,PLN_STD,active,2026-01-30,2025-07-21,Standard,499.0,mid,193,0,medium,mid
u002356,2025-08-05,1,premium,web,organic,2026-01-30,24.35591715976331,2495.0,5,PLN_STD,active,2026-01-30,2025-08-07,Standard,499.0,mid,178,0,high,mid
u002357,2025-08-16,1,premium,web,referral,2026-01-30,25.0662893081761,3995.0,5,PLN_PREM,active,2026-01-30,2025-08-18,Premium,799.0,high,167,0,high,high
u002358,2025-06-29,1,value,mobile,search,2026-01-30,8.759805825242719,2994.0,6,PLN_STD,cancelled,2026-01-27,2025-07-01,Standard,499.0,mid,215,0,medium,mid
u002359,2025-10-08,1,value,web,search,2026-01-30,7.679911504424779,897.0,3,PLN_BASIC,active,2026-01-30,2025-10-13,Basic,299.0,low,114,0,low,low
u002360,2025-06-26,1,regular,web,search,2026-01-30,17.554589371980676,2994.0,6,PLN_STD,active,2026-01-30,2025-06-30,Standard,499.0,mid,218,0,high,mid
u002361,2025-10-14,2,value,web,search,2026-01-30,3.8989814814814814,598.0,2,PLN_BASIC,cancelled,2025-12-20,2025-10-21,Basic,299.0,low,108,0,low,low
u002362,2025-11-09,2,regular,mobile,search,2026-01-30,12.260487804878048,998.0,2,PLN_STD,cancelled,2026-01-10,2025-11-11,Standard,499.0,mid,82,0,medium,mid
u002363,2026-01-01,2,value,mobile,organic,2026-01-30,8.29,299.0,1,PLN_BASIC,active,2026-01-30,2026-01-02,Basic,299.0,low,29,0,low,low
u002364,2025-06-03,3,premium,web,search,2026-01-30,26.641849999999998,3493.0,7,PLN_STD,active,2026-01-30,2025-06-10,Standard,499.0,mid,241,0,high,mid
u002365,2025-11-11,2,regular,web,paid_social,2026-01-30,16.26925,998.0,2,PLN_STD,active,2026-01-30,2025-11-13,Standard,499.0,mid,80,0,medium,mid
u002366,2025-05-26,2,regular,mobile,search,2026-01-30,16.12158653846154,3992.0,8,PLN_STD,active,2026-01-30,2025-06-01,Standard,499.0,mid,249,0,medium,mid
u002367,2025-07-28,2,regular,mobile,organic,2026-01-30,17.839513513513513,2994.0,6,PLN_STD,active,2026-01-30,2025-07-30,Standard,499.0,mid,186,0,high,mid
u002368,2025-06-18,1,value,mobile,search,2026-01-30,7.90952380952381,2093.0,7,PLN_BASIC,cancelled,2026-01-18,2025-06-22,Basic,299.0,low,226,0,low,low
u002369,2025-06-14,2,premium,web,search,2026-01-30,29.36509900990099,4794.0,6,PLN_PREM,active,2026-01-30,2025-06-17,Premium,799.0,high,230,0,high,high
u002370,2025-06-18,3,value,mobile,paid_social,2026-01-30,7.88843137254902,2093.0,7,PLN_BASIC,active,2026-01-30,2025-06-20,Basic,299.0,low,226,0,low,low
u002371,2025-05-16,2,value,mobile,email,2026-01-30,8.666238095238096,3992.0,8,PLN_STD,active,2026-01-30,2025-05-19,Standard,499.0,mid,259,0,medium,mid
u002372,2025-11-27,2,value,mobile,search,2026-01-30,7.17265625,299.0,1,PLN_BASIC,expired,2026-01-29,2025-11-30,Basic,299.0,low,64,0,low,low
u002373,2025-05-20,2,regular,web,paid_social,2026-01-30,18.232367149758453,2392.0,8,PLN_BASIC,active,2026-01-30,2025-05-24,Basic,299.0,low,255,0,high,low
u002374,2025-08-13,3,value,mobile,organic,2026-01-30,0.9298823529411764,299.0,1,PLN_BASIC,cancelled,2025-09-17,2025-08-18,Basic,299.0,low,170,0,low,low
u002375,2025-10-27,2,value,web,email,2026-01-29,8.076063829787234,598.0,2,PLN_BASIC,active,2026-01-30,2025-11-02,Basic,299.0,low,95,0,low,low
u002376,2026-01-08,2,value,web,organic,2026-01-30,4.30304347826087,299.0,1,PLN_BASIC,cancelled,2026-01-30,2026-01-11,Basic,299.0,low,22,0,low,low
u002377,2025-12-05,3,value,web,search,2026-01-30,8.375263157894736,299.0,1,PLN_BASIC,active,2026-01-30,2025-12-07,Basic,299.0,low,56,0,low,low
u002378,2025-06-08,2,value,mobile,organic,2026-01-30,2.177914691943128,897.0,3,PLN_BASIC,cancelled,2025-09-06,2025-06-08,Basic,299.0,low,236,0,low,low
u002379,2026-01-07,2,regular,web,organic,2026-01-30,26.612916666666667,499.0,1,PLN_STD,active,2026-01-30,2026-01-12,Standard,499.0,mid,23,0,high,mid
u002380,2025-10-16,1,value,mobile,referral,2026-01-30,8.879905660377359,897.0,3,PLN_BASIC,active,2026-01-30,2025-10-23,Basic,299.0,low,106,0,medium,low
u002381,2025-06-19,1,value,web,organic,2026-01-30,8.319317363608121,2093.0,7,PLN_BASIC,active,2026-01-30,2025-06-21,Basic,299.0,low,225,0,low,low
u002382,2025-08-25,3,regular,web,organic,2026-01-30,6.90656050955414,998.0,2,PLN_STD,cancelled,2025-10-25,2025-08-26,Standard,499.0,mid,158,0,low,mid
u002383,2025-12-21,2,regular,web,organic,2026-01-30,17.71,499.0,1,PLN_STD,active,2026-01-30,2025-12-28,Standard,499.0,mid,40,0,high,mid
u002384,2025-08-11,2,value,mobile,email,2026-01-30,2.345321637426901,598.0,2,PLN_BASIC,cancelled,2025-10-17,2025-08-18,Basic,299.0,low,172,0,low,low
u002385,2025-06-20,2,value,web,referral,2026-01-30,8.275507246376812,2093.0,7,PLN_BASIC,active,2026-01-30,2025-06-24,Basic,299.0,low,224,0,low,low
u002386,2025-12-10,1,value,web,email,2026-01-30,8.83423076923077,299.0,1,PLN_BASIC,active,2026-01-30,2025-12-12,Basic,299.0,low,51,0,medium,low
u002387,2025-12-30,3,premium,web,referral,2026-01-30,37.20161290322581,799.0,1,PLN_PREM,active,2026-01-30,2025-12-30,Premium,799.0,high,31,0,high,high
u002388,2026-01-04,1,value,web,email,2026-01-30,11.104814814814814,299.0,1,PLN_BASIC,active,2026-01-30,2026-01-04,Basic,299.0,low,26,0,medium,low
u002389,2025-12-30,3,value,web,search,2026-01-30,10.8453125,299.0,1,PLN_BASIC,active,2026-01-30,2026-01-06,Basic,299.0,low,31,0,medium,low
u002390,2025-12-10,2,regular,web,organic,2026-01-30,14.02076923076923,499.0,1,PLN_STD,active,2026-01-30,2025-12-16,Standard,499.0,mid,51,0,medium,mid
u002391,2025-08-27,2,value,web,organic,2026-01-30,6.422857142857143,1495.0,5,PLN_BASIC,active,2026-01-30,2025-09-02,Basic,299.0,low,156,0,low,low
u002392,2025-06-22,1,value,mobile,organic,2026-01-30,6.7973333333333334,1196.0,4,PLN_BASIC,expired,2025-12-24,2025-06-27,Basic,299.0,low,222,0,low,low
u002393,2025-10-06,3,value,web,paid_social,2026-01-30,9.642586206896551,897.0,3,PLN_BASIC,active,2026-01-30,2025-10-07,Basic,299.0,low,116,0,medium,low
u002394,2025-06-29,1,regular,web,organic,2026-01-30,15.375,2093.0,7,PLN_BASIC,active,2026-01-30,2025-07-01,Basic,299.0,low,215,0,medium,low
u002395,2025-08-31,1,regular,web,organic,2026-01-30,14.296092715231788,1996.0,4,PLN_STD,active,2026-01-30,2025-09-04,Standard,499.0,mid,152,0,medium,mid
u002396,2025-10-16,3,regular,web,paid_social,2026-01-30,15.594766355140187,897.0,3,PLN_BASIC,active,2026-01-30,2025-10-20,Basic,299.0,low,106,0,medium,low
u002397,2025-12-28,2,regular,mobile,organic,2026-01-30,13.74470588235294,299.0,1,PLN_BASIC,active,2026-01-30,2025-12-28,Basic,299.0,low,33,0,medium,low
u002398,2025-07-16,2,value,web,organic,2026-01-30,7.282361809045226,2994.0,6,PLN_STD,active,2026-01-30,2025-07-17,Standard,499.0,mid,198,0,low,mid
u002399,2025-07-07,1,premium,web,organic,2026-01-30,24.963492063492065,2994.0,6,PLN_STD,active,2026-01-30,2025-07-07,Standard,499.0,mid,207,0,high,mid
u002400,2025-11-05,3,regular,mobile,paid_social,2026-01-30,10.591279069767442,499.0,1,PLN_STD,expired,2026-01-04,2025-11-05,Standard,499.0,mid,86,0,medium,mid
u002401,2025-05-06,2,regular,web,organic,2026-01-30,18.47048309178744,6392.0,8,PLN_PREM,active,2026-01-30,2025-05-09,Premium,799.0,high,269,0,high,high
u002402,2025-09-24,1,regular,mobile,organic,2026-01-30,14.76008,1996.0,4,PLN_STD,active,2026-01-30,2025-09-28,Standard,499.0,mid,128,0,medium,mid
u002403,2025-11-08,2,value,mobile,organic,2026-01-30,7.269642857142857,598.0,2,PLN_BASIC,active,2026-01-30,2025-11-12,Basic,299.0,low,83,0,low,low
u002404,2025-09-20,1,value,web,paid_social,2026-01-30,7.580229007633588,1196.0,4,PLN_BASIC,cancelled,2026-01-22,2025-09-24,Basic,299.0,low,132,0,low,low
u002405,2025-08-09,2,regular,web,organic,2026-01-30,13.241286549707604,1495.0,5,PLN_BASIC,cancelled,2026-01-06,2025-08-09,Basic,299.0,low,174,0,medium,low
u002406,2025-11-28,1,value,web,organic,2026-01-30,2.1596875,499.0,1,PLN_STD,cancelled,2026-01-01,2025-12-02,Standard,499.0,mid,63,0,low,mid
u002407,2025-08-06,1,regular,web,email,2026-01-30,14.663107344632767,2495.0,5,PLN_STD,active,2026-01-30,2025-08-06,Standard,499.0,mid,177,0,medium,mid
u002408,2025-10-30,2,value,web,referral,2026-01-30,7.373870967741936,598.0,2,PLN_BASIC,active,2026-01-30,2025-11-03,Basic,299.0,low,92,0,low,low
u002409,2025-08-29,3,value,mobile,organic,2026-01-30,8.34448051948052,1996.0,4,PLN_STD,active,2026-01-30,2025-09-05,Standard,499.0,mid,154,0,low,mid
u002410,2025-05-11,1,premium,web,organic,2026-01-30,26.063857868020303,6392.0,8,PLN_PREM,active,2026-01-30,2025-05-18,Premium,799.0,high,264,0,high,high
u002411,2025-09-15,1,regular,web,organic,2026-01-30,17.714306569343066,1996.0,4,PLN_STD,active,2026-01-30,2025-09-20,Standard,499.0,mid,137,0,high,mid
u002412,2025-05-17,3,regular,web,paid_social,2026-01-30,15.610735294117648,2093.0,7,PLN_BASIC,active,2026-01-30,2025-05-21,Basic,299.0,low,258,0,medium,low
u002413,2025-12-24,3,value,mobile,organic,2026-01-30,8.322368421052632,299.0,1,PLN_BASIC,active,2026-01-30,2025-12-27,Basic,299.0,low,37,0,low,low
u002414,2025-10-02,2,regular,mobile,email,2026-01-30,5.3255371900826445,0.0,0,PLN_STD,expired,2025-11-07,2025-10-08,Standard,499.0,mid,120,0,low,mid
u002415,2025-08-06,1,premium,web,referral,2026-01-30,26.859122807017542,3995.0,5,PLN_PREM,active,2026-01-30,2025-08-11,Premium,799.0,high,177,0,high,high
u002416,2025-09-04,2,regular,mobile,paid_social,2026-01-30,15.272027972027972,1996.0,4,PLN_STD,active,2026-01-30,2025-09-07,Standard,499.0,mid,148,0,medium,mid
u002417,2025-10-07,1,regular,web,organic,2026-01-30,16.96655172413793,1497.0,3,PLN_STD,active,2026-01-30,2025-10-10,Standard,499.0,mid,115,0,high,mid
u002418,2025-07-09,1,regular,mobile,referral,2026-01-30,17.56239024390244,2495.0,5,PLN_STD,active,2026-01-30,2025-07-10,Standard,499.0,mid,205,0,high,mid
u002419,2025-07-16,2,value,mobile,paid_social,2026-01-30,7.428820512820513,1794.0,6,PLN_BASIC,active,2026-01-30,2025-07-20,Basic,299.0,low,198,0,low,low
u002420,2025-08-18,2,regular,mobile,referral,2026-01-30,17.5754375,2495.0,5,PLN_STD,active,2026-01-30,2025-08-23,Standard,499.0,mid,165,0,high,mid
u002421,2025-07-08,2,premium,web,organic,2026-01-30,26.1015625,4794.0,6,PLN_PREM,active,2026-01-30,2025-07-08,Premium,799.0,high,206,0,high,high
u002422,2025-11-11,2,regular,web,paid_social,2026-01-30,13.681012658227848,598.0,2,PLN_BASIC,active,2026-01-30,2025-11-13,Basic,299.0,low,80,0,medium,low
u002423,2025-05-31,2,regular,mobile,referral,2026-01-30,15.550970873786408,2093.0,7,PLN_BASIC,active,2026-01-30,2025-06-06,Basic,299.0,low,244,0,medium,low
u002424,2025-11-28,2,regular,web,email,2026-01-29,15.561147540983606,598.0,2,PLN_BASIC,active,2026-01-30,2025-11-30,Basic,299.0,low,63,0,medium,low
u002425,2025-07-31,3,regular,web,paid_social,2026-01-30,11.970273224043716,1495.0,5,PLN_BASIC,cancelled,2025-12-28,2025-07-31,Basic,299.0,low,183,0,medium,low
u002426,2025-09-22,3,premium,mobile,search,2026-01-30,26.17274193548387,2397.0,3,PLN_PREM,active,2026-01-30,2025-09-29,Premium,799.0,high,130,0,high,high
u002427,2025-06-13,2,regular,mobile,search,2026-01-30,9.283913043478261,2495.0,5,PLN_STD,cancelled,2025-11-15,2025-06-18,Standard,499.0,mid,231,0,medium,mid
u002428,2025-08-09,2,value,mobile,paid_social,2026-01-30,6.4798224852071,1497.0,3,PLN_STD,expired,2025-12-12,2025-08-14,Standard,499.0,mid,174,0,low,mid
u002429,2025-11-10,2,value,mobile,email,2026-01-30,9.147804878048781,598.0,2,PLN_BASIC,active,2026-01-30,2025-11-13,Basic,299.0,low,81,0,medium,low
u002430,2025-07-11,1,regular,mobile,paid_social,2026-01-30,16.606649746192893,4794.0,6,PLN_PREM,active,2026-01-30,2025-07-15,Premium,799.0,high,203,0,high,high
u002431,2025-06-07,2,value,web,organic,2026-01-30,7.621327014218009,3493.0,7,PLN_STD,active,2026-01-30,2025-06-08,Standard,499.0,mid,237,0,low,mid
u002432,2025-09-13,1,regular,mobile,organic,2026-01-30,16.796814814814816,3196.0,4,PLN_PREM,active,2026-01-30,2025-09-17,Premium,799.0,high,139,0,high,high
u002433,2025-06-14,2,regular,mobile,paid_social,2026-01-30,2.8504784688995217,499.0,1,PLN_STD,cancelled,2025-08-18,2025-06-19,Standard,499.0,mid,230,0,low,mid
u002434,2025-07-23,2,regular,mobile,referral,2026-01-30,8.362380952380953,1497.0,3,PLN_STD,cancelled,2025-10-21,2025-07-23,Standard,499.0,mid,191,0,low,mid
u002435,2025-08-26,1,value,web,organic,2026-01-30,8.513116883116883,1495.0,5,PLN_BASIC,active,2026-01-30,2025-08-31,Basic,299.0,low,157,0,medium,low
u002436,2025-09-23,1,regular,web,search,2026-01-30,18.465238095238096,3196.0,4,PLN_PREM,active,2026-01-30,2025-09-24,Premium,799.0,high,129,0,high,high
u002437,2025-10-12,2,regular,mobile,email,2026-01-30,5.581531531531531,0.0,0,PLN_BASIC,expired,2025-11-11,2025-10-12,Basic,299.0,low,110,0,low,low
u002438,2025-10-21,3,value,web,search,2026-01-30,5.605841584158417,598.0,2,PLN_BASIC,expired,2026-01-21,2025-10-23,Basic,299.0,low,101,0,low,low
u002439,2025-12-02,2,regular,web,organic,2026-01-30,19.398833333333336,499.0,1,PLN_STD,active,2026-01-30,2025-12-07,Standard,499.0,mid,59,0,high,mid
u002440,2025-05-21,2,regular,mobile,search,2026-01-30,10.188851674641148,2495.0,5,PLN_STD,expired,2025-11-17,2025-05-21,Standard,499.0,mid,254,0,medium,mid
u002441,2025-08-03,1,regular,web,search,2026-01-30,14.762134831460674,1196.0,4,PLN_BASIC,active,2026-01-30,2025-08-04,Basic,299.0,low,180,0,medium,low
u002442,2025-05-05,2,value,web,organic,2026-01-30,5.332583732057416,1794.0,6,PLN_BASIC,expired,2025-12-06,2025-05-10,Basic,299.0,low,270,0,low,low
u002443,2025-05-07,1,value,web,paid_social,2026-01-30,9.50204761904762,3992.0,8,PLN_STD,active,2026-01-30,2025-05-12,Standard,499.0,mid,268,0,medium,mid
u002444,2025-06-27,2,regular,web,paid_social,2026-01-30,18.043,2093.0,7,PLN_BASIC,active,2026-01-30,2025-06-28,Basic,299.0,low,217,0,high,low
u002445,2025-10-02,3,value,mobile,paid_social,2026-01-30,8.93864406779661,598.0,2,PLN_BASIC,active,2026-01-30,2025-10-04,Basic,299.0,low,120,0,medium,low
u002446,2025-12-15,2,regular,web,paid_social,2026-01-30,14.288510638297872,299.0,1,PLN_BASIC,active,2026-01-30,2025-12-16,Basic,299.0,low,46,0,medium,low
u002447,2025-11-15,2,regular,web,organic,2026-01-30,15.221052631578948,998.0,2,PLN_STD,active,2026-01-30,2025-11-15,Standard,499.0,mid,76,0,medium,mid
u002448,2025-10-14,1,value,web,organic,2026-01-30,7.281121495327102,598.0,2,PLN_BASIC,active,2026-01-30,2025-10-16,Basic,299.0,low,108,0,low,low
u002449,2025-11-16,1,regular,web,organic,2026-01-30,17.878904109589044,998.0,2,PLN_STD,active,2026-01-30,2025-11-22,Standard,499.0,mid,75,0,high,mid
u002450,2025-06-17,2,premium,web,organic,2026-01-30,26.30321608040201,5593.0,7,PLN_PREM,active,2026-01-30,2025-06-23,Premium,799.0,high,227,0,high,high
u002451,2025-12-01,3,regular,web,paid_social,2026-01-30,12.995573770491804,499.0,1,PLN_STD,active,2026-01-30,2025-12-06,Standard,499.0,mid,60,0,medium,mid
u002452,2025-12-14,1,regular,web,organic,2026-01-30,16.300208333333334,299.0,1,PLN_BASIC,active,2026-01-30,2025-12-18,Basic,299.0,low,47,0,medium,low
u002453,2025-05-28,2,regular,web,paid_social,2026-01-30,18.66281553398058,2093.0,7,PLN_BASIC,active,2026-01-30,2025-06-04,Basic,299.0,low,247,0,high,low
u002454,2025-08-30,2,value,web,organic,2026-01-30,9.251315789473685,1196.0,4,PLN_BASIC,active,2026-01-30,2025-09-06,Basic,299.0,low,153,0,medium,low
u002455,2025-11-29,1,value,web,organic,2026-01-30,4.00047619047619,299.0,1,PLN_BASIC,cancelled,2026-01-05,2025-12-06,Basic,299.0,low,62,0,low,low
u002456,2025-09-01,1,regular,web,organic,2026-01-30,16.49087837837838,1495.0,5,PLN_BASIC,active,2026-01-30,2025-09-01,Basic,299.0,low,151,0,high,low
u002457,2025-12-01,2,regular,web,search,2026-01-30,11.640491803278687,299.0,1,PLN_BASIC,cancelled,2026-01-07,2025-12-08,Basic,299.0,low,60,0,medium,low
u002458,2025-12-25,2,value,web,paid_social,2026-01-30,4.107567567567568,299.0,1,PLN_BASIC,cancelled,2026-01-24,2025-12-25,Basic,299.0,low,36,0,low,low
u002459,2025-09-01,2,value,web,referral,2026-01-30,7.298013245033113,1196.0,4,PLN_BASIC,cancelled,2026-01-02,2025-09-04,Basic,299.0,low,151,0,low,low
u002460,2025-05-19,2,regular,web,organic,2026-01-30,15.331538461538461,3493.0,7,PLN_STD,expired,2026-01-19,2025-05-24,Standard,499.0,mid,256,0,medium,mid
u002461,2025-07-29,3,value,mobile,paid_social,2026-01-30,7.837663043478261,2495.0,5,PLN_STD,active,2026-01-30,2025-08-04,Standard,499.0,mid,185,0,low,mid
u002462,2025-06-28,3,regular,web,paid_social,2026-01-30,15.825797101449275,2994.0,6,PLN_STD,active,2026-01-30,2025-06-30,Standard,499.0,mid,216,0,medium,mid
u002463,2025-09-01,3,regular,mobile,organic,2026-01-30,20.6202,3196.0,4,PLN_PREM,active,2026-01-30,2025-09-06,Premium,799.0,high,151,0,high,high
u002464,2025-09-29,3,regular,mobile,organic,2026-01-30,17.748389830508476,1196.0,4,PLN_BASIC,active,2026-01-30,2025-10-01,Basic,299.0,low,123,0,high,low
u002465,2025-08-29,3,value,web,organic,2026-01-30,7.156928104575163,1495.0,5,PLN_BASIC,active,2026-01-30,2025-08-29,Basic,299.0,low,154,0,low,low
u002466,2025-06-23,3,value,web,organic,2026-01-30,6.333981042654028,1794.0,6,PLN_BASIC,cancelled,2025-12-24,2025-06-27,Basic,299.0,low,221,0,low,low
u002467,2025-07-19,2,regular,web,referral,2026-01-30,13.95119170984456,1794.0,6,PLN_BASIC,active,2026-01-30,2025-07-22,Basic,299.0,low,195,0,medium,low
u002468,2025-10-22,3,regular,web,search,2026-01-30,16.81050505050505,598.0,2,PLN_BASIC,active,2026-01-30,2025-10-24,Basic,299.0,low,100,0,high,low
u002469,2025-05-11,3,value,web,search,2026-01-30,10.108743961352658,2392.0,8,PLN_BASIC,active,2026-01-30,2025-05-12,Basic,299.0,low,264,0,medium,low
u002470,2025-06-27,2,regular,web,paid_social,2026-01-30,16.979666666666667,2994.0,6,PLN_STD,active,2026-01-30,2025-06-28,Standard,499.0,mid,217,0,high,mid
u002471,2025-12-14,2,regular,mobile,search,2026-01-30,17.324166666666667,499.0,1,PLN_STD,active,2026-01-30,2025-12-14,Standard,499.0,mid,47,0,high,mid
u002472,2025-05-29,2,value,web,paid_social,2026-01-30,8.871809523809523,3992.0,8,PLN_STD,active,2026-01-30,2025-05-29,Standard,499.0,mid,246,0,medium,mid
u002473,2025-08-17,3,regular,mobile,organic,2026-01-30,10.901636363636364,1196.0,4,PLN_BASIC,cancelled,2025-12-19,2025-08-21,Basic,299.0,low,166,0,medium,low
u002474,2025-06-25,2,value,mobile,search,2026-01-30,3.337884615384615,598.0,2,PLN_BASIC,expired,2025-09-25,2025-06-27,Basic,299.0,low,219,0,low,low
u002475,2025-05-31,3,regular,web,organic,2026-01-30,17.139757281553397,2392.0,8,PLN_BASIC,active,2026-01-30,2025-05-31,Basic,299.0,low,244,0,high,low
u002476,2025-08-19,3,value,mobile,organic,2026-01-30,7.5871604938271595,1996.0,4,PLN_STD,active,2026-01-30,2025-08-20,Standard,499.0,mid,164,0,low,mid
u002477,2025-09-12,3,regular,mobile,organic,2026-01-30,15.12007299270073,1196.0,4,PLN_BASIC,active,2026-01-30,2025-09-19,Basic,299.0,low,140,0,medium,low
u002478,2025-06-18,1,value,web,paid_social,2026-01-30,1.7147115384615386,998.0,2,PLN_STD,cancelled,2025-08-24,2025-06-25,Standard,499.0,mid,226,0,low,mid
u002479,2025-05-24,2,regular,web,paid_social,2026-01-30,15.820094786729857,2994.0,6,PLN_STD,active,2026-01-30,2025-05-29,Standard,499.0,mid,251,0,medium,mid
u002480,2025-06-07,3,regular,web,paid_social,2026-01-30,17.070999999999998,3493.0,7,PLN_STD,active,2026-01-30,2025-06-07,Standard,499.0,mid,237,0,high,mid
u002481,2025-10-15,3,premium,web,organic,2026-01-30,21.742450980392157,2397.0,3,PLN_PREM,active,2026-01-30,2025-10-21,Premium,799.0,high,107,0,high,high
u002482,2025-12-06,3,regular,web,email,2026-01-30,15.783454545454546,499.0,1,PLN_STD,active,2026-01-30,2025-12-08,Standard,499.0,mid,55,0,medium,mid
u002483,2025-06-19,2,regular,web,organic,2026-01-29,16.31928229665072,5593.0,7,PLN_PREM,active,2026-01-30,2025-06-20,Premium,799.0,high,225,0,medium,high
u002484,2025-07-24,2,value,web,referral,2026-01-30,8.74830687830688,1794.0,6,PLN_BASIC,active,2026-01-30,2025-07-29,Basic,299.0,low,190,0,medium,low
u002485,2025-07-30,1,value,mobile,paid_social,2026-01-30,6.7072432432432425,897.0,3,PLN_BASIC,expired,2025-11-27,2025-07-30,Basic,299.0,low,184,0,low,low
u002486,2025-08-03,3,value,web,paid_social,2026-01-30,9.255611111111111,1495.0,5,PLN_BASIC,active,2026-01-30,2025-08-10,Basic,299.0,low,180,0,medium,low
u002487,2025-07-05,2,regular,web,search,2026-01-30,14.365196078431373,1794.0,6,PLN_BASIC,active,2026-01-30,2025-07-12,Basic,299.0,low,209,0,medium,low
u002488,2025-05-18,2,regular,web,paid_social,2026-01-30,0.4888625592417062,799.0,1,PLN_PREM,expired,2025-07-22,2025-05-23,Premium,799.0,high,257,0,low,high
u002489,2025-09-13,3,regular,mobile,paid_social,2026-01-30,18.133059701492538,1996.0,4,PLN_STD,active,2026-01-30,2025-09-14,Standard,499.0,mid,139,0,high,mid
u002490,2025-08-02,2,regular,mobile,organic,2026-01-30,17.564237288135594,1794.0,6,PLN_BASIC,active,2026-01-30,2025-08-02,Basic,299.0,low,181,0,high,low
u002491,2025-07-29,1,regular,web,referral,2026-01-30,14.58403314917127,2994.0,6,PLN_STD,active,2026-01-30,2025-08-02,Standard,499.0,mid,185,0,medium,mid
u002492,2025-07-10,1,value,mobile,organic,2026-01-30,10.186699507389163,1794.0,6,PLN_BASIC,active,2026-01-30,2025-07-13,Basic,299.0,low,204,0,medium,low
u002493,2025-12-24,3,value,web,search,2026-01-30,5.201842105263158,299.0,1,PLN_BASIC,active,2026-01-30,2025-12-30,Basic,299.0,low,37,0,low,low
u002494,2025-10-05,2,regular,mobile,paid_social,2026-01-30,16.649826086956523,1497.0,3,PLN_STD,active,2026-01-30,2025-10-08,Standard,499.0,mid,117,0,high,mid
u002495,2025-08-18,1,value,mobile,referral,2026-01-30,7.559156626506024,1495.0,5,PLN_BASIC,active,2026-01-30,2025-08-21,Basic,299.0,low,165,0,low,low
u002496,2025-06-25,2,value,web,search,2026-01-30,2.712596153846154,598.0,2,PLN_BASIC,expired,2025-09-23,2025-06-25,Basic,299.0,low,219,0,low,low
u002497,2025-11-22,2,premium,mobile,organic,2026-01-30,22.71597014925373,1598.0,2,PLN_PREM,active,2026-01-30,2025-11-29,Premium,799.0,high,69,0,high,high
u002498,2025-12-13,3,premium,mobile,search,2026-01-30,25.56612244897959,499.0,1,PLN_STD,active,2026-01-30,2025-12-19,Standard,499.0,mid,48,0,high,mid
u002499,2025-05-13,2,regular,mobile,organic,2026-01-30,17.478970588235295,6392.0,8,PLN_PREM,active,2026-01-30,2025-05-17,Premium,799.0,high,262,0,high,high
u002500,2025-12-24,1,value,web,search,2026-01-30,4.062368421052632,0.0,0,PLN_BASIC,expired,2026-01-24,2025-12-25,Basic,299.0,low,37,0,low,low
