user_id,week_start,active_days_week,total_minutes_week,sessions_week,feature_events_week,has_outlier_usage_week,payment_attempts_week,payment_failures_week,campaign_touches_week,campaign_clicks_week,campaign_redeemed_week,renewal_due_flag,minutes_4w_avg,sessions_4w_avg,active_days_4w_avg,failures_8w_sum,attempts_8w_sum,failures_4w_sum,minutes_drop_pct,sessions_drop_pct,failure_rate_8w,failure_rate_4w,as_of_date,will_churn_14d,tenure_days,days_since_last_active,engagement_band,lifetime_paid_amount,lifetime_paid_months,plan_name,plan_price,price_band,sub_status
u000857,2026-01-12,7,18.33,1,5,0,0.0,0.0,0.0,0.0,0.0,1,181.79500000000002,9.5,7.0,1.0,1.0,1.0,-0.8991721395023399,-0.8947367479224476,0.9999990000010001,0.9999990000010001,2026-01-30,0,209,0,high,2495.0,5,Standard,499.0,mid,active
u001317,2026-01-12,7,150.89000000000001,8,17,0,0.0,0.0,0.0,0.0,0.0,1,200.22,13.5,7.0,1.0,2.0,1.0,-0.24637898188802818,-0.4074073772290832,0.499999750000125,0.499999750000125,2026-01-30,0,92,0,high,598.0,2,Basic,299.0,low,active
u002491,2026-01-12,7,214.75,13,25,0,0.0,0.0,0.0,0.0,0.0,1,109.67,8.0,6.5,0.0,2.0,0.0,0.9581471600424258,0.6249999218750099,0.0,0.0,2026-01-30,0,185,0,medium,2994.0,6,Standard,499.0,mid,active
u000665,2026-01-12,7,38.84,3,4,0,0.0,0.0,0.0,0.0,0.0,1,65.915,6.25,7.0,0.0,1.0,0.0,-0.4107562707918339,-0.5199999168000133,0.0,0.0,2026-01-30,0,121,0,medium,897.0,3,Basic,299.0,low,active
u000889,2026-01-12,7,0.0,0,0,0,0.0,0.0,0.0,0.0,0.0,0,0.0,0.0,6.75,0.0,0.0,0.0,0.0,0.0,0.0,0.0,2026-01-30,0,267,0,low,0.0,0,Basic,299.0,low,expired
u000896,2026-01-12,7,154.25,6,16,0,0.0,0.0,0.0,0.0,0.0,1,255.1,12.25,7.0,0.0,1.0,0.0,-0.3953351611315752,-0.5102040399833437,0.0,0.0,2026-01-30,0,117,0,high,2397.0,3,Premium,799.0,high,active
u000865,2026-01-12,7,0.0,0,0,0,0.0,0.0,0.0,0.0,0.0,0,14.4725,1.25,7.0,1.0,2.0,1.0,-0.9999999309034424,-0.99999920000064,0.499999750000125,0.499999750000125,2026-01-30,0,58,0,low,299.0,1,Basic,299.0,low,cancelled
u001095,2026-01-12,7,88.36,4,12,0,0.0,0.0,0.0,0.0,0.0,1,103.98249999999999,5.75,7.0,0.0,2.0,0.0,-0.15024162575200986,-0.30434777315690903,0.0,0.0,2026-01-30,0,188,0,medium,2994.0,6,Standard,499.0,mid,active
u001318,2026-01-12,7,41.18,4,3,0,0.0,0.0,0.0,0.0,0.0,1,90.13499999999999,7.5,7.0,0.0,2.0,0.0,-0.5431297437939785,-0.46666660444445274,0.0,0.0,2026-01-30,1,122,0,medium,1996.0,4,Standard,499.0,mid,cancelled
u001367,2026-01-12,7,0.0,0,0,0,0.0,0.0,0.0,0.0,0.0,0,0.0,0.0,7.0,0.0,0.0,0.0,0.0,0.0,0.0,0.0,2026-01-30,0,195,0,medium,598.0,2,Basic,299.0,low,cancelled
u000004,2026-01-12,7,308.82,16,32,1,0.0,0.0,0.0,0.0,0.0,1,208.20749999999998,11.0,7.0,0.0,2.0,0.0,0.4832318697298039,0.4545454132231443,0.0,0.0,2026-01-30,0,160,0,high,3995.0,5,Premium,799.0,high,active
u001126,2026-01-12,7,130.84,14,19,0,0.0,0.0,0.0,0.0,0.0,1,132.01749999999998,9.25,7.0,0.0,1.0,0.0,-0.008919271998641913,0.5135134579985451,0.0,0.0,2026-01-30,0,59,0,medium,499.0,1,Standard,499.0,mid,active
u002499,2026-01-12,6,154.36,8,21,1,0.0,0.0,0.0,0.0,0.0,1,94.1,5.25,6.75,1.0,2.0,1.0,0.6403825649268593,0.5238094240363002,0.499999750000125,0.499999750000125,2026-01-30,0,262,0,high,6392.0,8,Premium,799.0,high,active
u000673,2026-01-12,7,258.12,13,26,0,0.0,0.0,1.0,1.0,0.0,1,190.115,12.25,6.75,0.0,1.0,0.0,0.3577045453662018,0.061224484798001244,0.0,0.0,2026-01-30,0,111,0,medium,1497.0,3,Standard,499.0,mid,active
u000943,2026-01-12,7,60.43000000000001,2,6,0,0.0,0.0,1.0,0.0,0.0,1,83.89,4.25,7.0,0.0,1.0,0.0,-0.2796519218065094,-0.5294116401384376,0.0,0.0,2026-01-30,0,41,0,medium,299.0,1,Basic,299.0,low,active
u001094,2026-01-12,7,73.86,6,9,0,0.0,0.0,0.0,0.0,0.0,1,163.9775,10.75,7.0,0.0,1.0,0.0,-0.5495723465135622,-0.44186042401298387,0.0,0.0,2026-01-30,0,172,0,high,3995.0,5,Premium,799.0,high,active
u000933,2026-01-12,6,127.77,6,11,0,0.0,0.0,0.0,0.0,0.0,1,137.3775,9.0,6.75,0.0,1.0,0.0,-0.06993503252035428,-0.33333329629630043,0.0,0.0,2026-01-30,0,206,0,high,2495.0,5,Standard,499.0,mid,active
u001369,2026-01-12,7,32.72,4,6,0,0.0,0.0,0.0,0.0,0.0,1,49.873333333333335,3.6666666666666665,6.0,0.0,1.0,0.0,-0.34393796931015974,0.09090906611570929,0.0,0.0,2026-01-30,0,29,0,medium,299.0,1,Basic,299.0,low,active
u000895,2026-01-12,7,98.27,5,9,0,0.0,0.0,0.0,0.0,0.0,1,50.3925,3.25,7.0,0.0,1.0,0.0,0.9500917606768515,0.538461372781116,0.0,0.0,2026-01-30,0,82,0,medium,598.0,2,Basic,299.0,low,active
u001315,2026-01-12,7,265.31,19,35,0,0.0,0.0,0.0,0.0,0.0,1,161.31,10.5,7.0,0.0,1.0,0.0,0.6447213399992477,0.8095237324263113,0.0,0.0,2026-01-30,0,44,0,high,499.0,1,Standard,499.0,mid,active
u000666,2026-01-12,7,202.88,10,31,0,0.0,0.0,1.0,0.0,0.0,1,133.0375,10.25,6.75,0.0,2.0,0.0,0.5249835533215556,-0.02439024152290327,0.0,0.0,2026-01-30,0,96,0,high,897.0,3,Basic,299.0,low,active
u001064,2026-01-12,7,167.52,7,11,0,0.0,0.0,1.0,0.0,0.0,1,207.93,11.75,7.0,0.0,2.0,0.0,-0.1943442495342459,-0.4042552847442311,0.0,0.0,2026-01-30,0,93,0,high,2397.0,3,Premium,799.0,high,active
u001299,2026-01-12,7,50.480000000000004,4,2,0,0.0,0.0,1.0,0.0,0.0,1,44.625,3.0,7.0,1.0,1.0,1.0,0.13120447885256079,0.33333322222225925,0.9999990000010001,0.9999990000010001,2026-01-30,0,137,0,medium,897.0,3,Basic,299.0,low,active
u000779,2026-01-12,7,0.0,0,0,0,0.0,0.0,0.0,0.0,0.0,0,0.0,0.0,7.0,0.0,0.0,0.0,0.0,0.0,0.0,0.0,2026-01-30,0,202,0,low,499.0,1,Standard,499.0,mid,expired
u001376,2026-01-12,7,30.6,2,3,0,0.0,0.0,0.0,0.0,0.0,1,21.546666666666667,1.6666666666666667,6.333333333333333,0.0,1.0,0.0,0.42017324782611787,0.19999988000007196,0.0,0.0,2026-01-30,1,30,0,low,499.0,1,Standard,499.0,mid,cancelled
u001086,2026-01-12,7,186.35,12,18,0,0.0,0.0,0.0,0.0,0.0,1,98.7475,6.0,6.75,0.0,1.0,0.0,0.8871363742156877,0.9999998333333611,0.0,0.0,2026-01-30,0,60,0,high,499.0,1,Standard,499.0,mid,active
u001368,2026-01-12,7,78.19999999999999,3,9,0,0.0,0.0,0.0,0.0,0.0,1,108.05000000000001,6.75,7.0,0.0,2.0,0.0,-0.2762609877254885,-0.555555473251041,0.0,0.0,2026-01-30,0,157,0,high,1495.0,5,Basic,299.0,low,active
u000864,2026-01-12,7,139.57999999999998,15,21,0,0.0,0.0,0.0,0.0,0.0,1,172.145,11.75,7.0,0.0,1.0,0.0,-0.18917191792284474,0.27659572114078973,0.0,0.0,2026-01-30,0,77,0,high,998.0,2,Standard,499.0,mid,active
u001065,2026-01-12,7,0.0,0,0,0,0.0,0.0,0.0,0.0,0.0,0,69.94749999999999,5.0,7.0,1.0,1.0,1.0,-0.9999999857035636,-0.99999980000004,0.9999990000010001,0.9999990000010001,2026-01-30,0,81,0,medium,799.0,1,Premium,799.0,high,expired
u001298,2026-01-12,7,101.93,7,9,0,0.0,0.0,0.0,0.0,0.0,1,124.55250000000001,8.75,7.0,0.0,2.0,0.0,-0.18163023478749737,-0.19999997714285978,0.0,0.0,2026-01-30,1,101,0,medium,1497.0,3,Standard,499.0,mid,cancelled
u001118,2026-01-12,6,0.0,0,0,0,0.0,0.0,0.0,0.0,0.0,0,0.0,0.0,6.75,0.0,0.0,0.0,0.0,0.0,0.0,0.0,2026-01-30,0,123,0,low,998.0,2,Standard,499.0,mid,cancelled
u001316,2026-01-12,7,0.0,0,0,0,0.0,0.0,0.0,0.0,0.0,0,0.0,0.0,7.0,0.0,0.0,0.0,0.0,0.0,0.0,0.0,2026-01-30,0,195,0,medium,2397.0,3,Premium,799.0,high,cancelled
u001119,2026-01-12,7,0.0,0,0,0,0.0,0.0,0.0,0.0,0.0,0,44.97499999999998,4.25,7.0,0.0,1.0,0.0,-0.9999999777654258,-0.9999997647059377,0.0,0.0,2026-01-30,0,89,0,medium,598.0,2,Basic,299.0,low,cancelled
u001066,2026-01-12,7,0.0,0,0,0,0.0,0.0,0.0,0.0,0.0,0,0.0,0.0,7.0,0.0,0.0,0.0,0.0,0.0,0.0,0.0,2026-01-30,0,173,0,low,299.0,1,Basic,299.0,low,cancelled
u001304,2026-01-12,7,0.0,0,0,0,0.0,0.0,0.0,0.0,0.0,0,32.01,2.75,6.75,0.0,1.0,0.0,-0.9999999687597636,-0.9999996363637685,0.0,0.0,2026-01-30,0,46,0,low,299.0,1,Basic,299.0,low,cancelled
u000760,2026-01-12,7,0.0,0,0,0,0.0,0.0,0.0,0.0,0.0,0,0.0,0.0,6.75,0.0,0.0,0.0,0.0,0.0,0.0,0.0,2026-01-30,0,87,0,low,0.0,0,Standard,499.0,mid,expired
u001115,2026-01-12,7,71.91,4,9,0,0.0,0.0,0.0,0.0,0.0,1,55.67,3.25,7.0,0.0,2.0,0.0,0.2917190534988493,0.23076915976333545,0.0,0.0,2026-01-30,0,222,0,high,5593.0,7,Premium,799.0,high,active
u000005,2026-01-12,7,232.74,13,27,0,0.0,0.0,0.0,0.0,0.0,1,119.0,8.25,7.0,0.0,2.0,0.0,0.9557983112958126,0.5757575059687872,0.0,0.0,2026-01-30,0,162,0,high,1495.0,5,Basic,299.0,low,active
u001321,2026-01-12,6,26.8,3,2,0,0.0,0.0,1.0,1.0,0.0,1,29.52000000000001,1.75,6.5,0.0,1.0,0.0,-0.09214091828790956,0.7142853061226823,0.0,0.0,2026-01-30,0,242,0,medium,2093.0,7,Basic,299.0,low,active
u002433,2026-01-12,7,0.0,0,0,0,0.0,0.0,0.0,0.0,0.0,0,0.0,0.0,7.0,0.0,0.0,0.0,0.0,0.0,0.0,0.0,2026-01-30,0,230,0,low,499.0,1,Standard,499.0,mid,cancelled
u000789,2026-01-12,7,0.0,0,0,0,0.0,0.0,0.0,0.0,0.0,0,0.0,0.0,6.75,0.0,0.0,0.0,0.0,0.0,0.0,0.0,2026-01-30,0,134,0,low,299.0,1,Basic,299.0,low,expired
u000897,2026-01-12,7,0.0,0,0,0,0.0,0.0,0.0,0.0,0.0,1,162.7875,9.75,6.75,0.0,1.0,0.0,-0.9999999938570222,-0.999999897435908,0.0,0.0,2026-01-30,0,143,0,high,3196.0,4,Premium,799.0,high,active
u001297,2026-01-12,7,0.0,0,0,0,0.0,0.0,0.0,0.0,0.0,0,0.0,0.0,7.0,0.0,0.0,0.0,0.0,0.0,0.0,0.0,2026-01-30,0,204,0,low,299.0,1,Basic,299.0,low,cancelled
u000046,2026-01-12,7,155.47,15,16,0,0.0,0.0,0.0,0.0,0.0,1,107.29,9.0,5.333333333333333,0.0,1.0,0.0,0.44906328223447395,0.6666665925926009,0.0,0.0,2026-01-30,0,27,0,high,499.0,1,Standard,499.0,mid,active
u002469,2026-01-12,7,82.68,5,9,0,0.0,0.0,0.0,0.0,0.0,1,57.56749999999999,4.0,7.0,0.0,1.0,0.0,0.43622703024750065,0.24999993750001562,0.0,0.0,2026-01-30,0,264,0,medium,2392.0,8,Basic,299.0,low,active
u002430,2026-01-12,7,0.0,0,0,0,0.0,0.0,1.0,0.0,0.0,1,133.17000000000002,6.25,7.0,0.0,1.0,0.0,-0.9999999924908013,-0.9999998400000256,0.0,0.0,2026-01-30,0,203,0,high,4794.0,6,Premium,799.0,high,active
u000866,2026-01-12,7,0.0,0,0,0,0.0,0.0,0.0,0.0,0.0,0,0.0,0.0,7.0,0.0,0.0,0.0,0.0,0.0,0.0,0.0,2026-01-30,0,95,0,low,499.0,1,Standard,499.0,mid,cancelled
u000662,2026-01-12,7,0.0,0,0,0,0.0,0.0,0.0,0.0,0.0,0,31.654999999999998,2.5,6.75,0.0,1.0,0.0,-0.999999968409415,-0.99999960000016,0.0,0.0,2026-01-30,0,86,0,low,598.0,2,Basic,299.0,low,cancelled
u002463,2026-01-12,7,211.62,10,24,0,0.0,0.0,0.0,0.0,0.0,1,172.3675,11.25,7.0,0.0,1.0,0.0,0.2277256430143406,-0.11111110123456878,0.0,0.0,2026-01-30,0,151,0,high,3196.0,4,Premium,799.0,high,active
u000944,2026-01-12,7,338.78,20,26,1,0.0,0.0,0.0,0.0,0.0,1,208.8725,14.25,7.0,0.0,1.0,0.0,0.6219463997321504,0.40350874361342154,0.0,0.0,2026-01-30,0,151,0,high,3196.0,4,Premium,799.0,high,active
u000636,2026-01-12,7,248.35,13,23,1,0.0,0.0,1.0,0.0,0.0,1,176.4525,10.0,7.0,0.0,2.0,0.0,0.40746092910295456,0.299999970000003,0.0,0.0,2026-01-30,0,98,0,high,1497.0,3,Standard,499.0,mid,active
u000856,2026-01-12,7,150.11,7,27,1,0.0,0.0,1.0,0.0,0.0,1,78.17750000000001,4.0,7.0,0.0,1.0,0.0,0.9201176691488258,0.7499998125000469,0.0,0.0,2026-01-30,0,57,0,low,299.0,1,Basic,299.0,low,active
u000884,2026-01-12,7,66.71000000000001,5,6,0,0.0,0.0,0.0,0.0,0.0,1,37.792500000000004,3.25,7.0,0.0,1.0,0.0,0.7651650257282524,0.538461372781116,0.0,0.0,2026-01-30,0,232,0,low,2093.0,7,Basic,299.0,low,active
u000045,2026-01-12,7,226.5,15,25,0,0.0,0.0,0.0,0.0,0.0,1,140.5,10.0,7.0,0.0,1.0,0.0,0.6120996397715328,0.499999950000005,0.0,0.0,2026-01-30,0,253,0,high,3992.0,8,Standard,499.0,mid,active
u001090,2026-01-12,7,44.519999999999996,3,5,0,0.0,0.0,0.0,0.0,0.0,1,89.485,7.0,6.75,0.0,1.0,0.0,-0.5024864446277427,-0.57142848979593,0.0,0.0,2026-01-30,0,235,0,medium,2093.0,7,Basic,299.0,low,active
u001067,2026-01-12,7,17.66,1,2,0,0.0,0.0,1.0,0.0,0.0,1,30.845,2.75,6.75,0.0,1.0,0.0,-0.42745986618706866,-0.6363634049587618,0.0,0.0,2026-01-30,0,38,0,low,299.0,1,Basic,299.0,low,active
u000929,2026-01-12,7,61.980000000000004,5,4,0,0.0,0.0,0.0,0.0,0.0,1,53.815,4.25,7.0,0.0,1.0,0.0,0.1517234943468645,0.17647054671281254,0.0,0.0,2026-01-30,0,165,0,medium,2495.0,5,Standard,499.0,mid,active
u001117,2026-01-12,7,47.22,6,9,0,1.0,0.0,0.0,0.0,0.0,1,37.53,3.5,4.5,1.0,2.0,1.0,0.25819343836415026,0.7142855102041399,0.499999750000125,0.499999750000125,2026-01-30,0,21,0,medium,299.0,1,Basic,299.0,low,active
u001314,2026-01-12,7,0.0,0,0,0,0.0,0.0,0.0,0.0,0.0,0,3.082499999999993,0.25,7.0,0.0,1.0,0.0,-0.999999675588102,-0.9999960000160001,0.0,0.0,2026-01-30,0,56,0,low,299.0,1,Basic,299.0,low,cancelled
u000931,2026-01-12,7,0.0,0,0,0,0.0,0.0,0.0,0.0,0.0,0,187.765,13.75,7.0,0.0,1.0,0.0,-0.9999999946741939,-0.9999999272727326,0.0,0.0,2026-01-30,0,136,0,high,3196.0,4,Premium,799.0,high,cancelled
u001319,2026-01-12,7,28.11,1,6,0,0.0,0.0,0.0,0.0,0.0,1,56.3475,2.75,7.0,0.0,2.0,0.0,-0.5011313633944476,-0.6363634049587618,0.0,0.0,2026-01-30,0,158,0,medium,2495.0,5,Standard,499.0,mid,active
u000023,2026-01-12,7,0.0,0,0,0,0.0,0.0,0.0,0.0,0.0,0,0.0,0.0,6.75,0.0,0.0,0.0,0.0,0.0,0.0,0.0,2026-01-30,0,225,0,medium,1495.0,5,Basic,299.0,low,cancelled
u001127,2026-01-12,7,62.77,4,7,0,0.0,0.0,0.0,0.0,0.0,1,62.970000000000006,4.0,7.0,0.0,1.0,0.0,-0.00317611556016972,0.0,0.0,0.0,2026-01-30,0,56,0,low,499.0,1,Standard,499.0,mid,active
u000664,2026-01-12,7,42.209999999999994,3,3,0,0.0,0.0,1.0,0.0,0.0,1,49.025,3.5,7.0,0.0,2.0,0.0,-0.13901070598652318,-0.142857102040828,0.0,0.0,2026-01-30,0,220,0,low,3493.0,7,Standard,499.0,mid,active
u000792,2026-01-12,7,37.54,3,4,0,0.0,0.0,1.0,1.0,0.0,1,66.0475,7.5,7.0,0.0,2.0,0.0,-0.43162117519026194,-0.5999999200000107,0.0,0.0,2026-01-30,0,156,0,medium,2495.0,5,Standard,499.0,mid,active
u000932,2026-01-12,7,56.53,4,9,0,0.0,0.0,0.0,0.0,0.0,1,45.66,3.75,7.0,0.0,2.0,0.0,0.2380639457279032,0.06666664888889362,0.0,0.0,2026-01-30,0,95,0,low,897.0,3,Basic,299.0,low,active
u001116,2026-01-12,7,0.0,0,0,0,0.0,0.0,0.0,0.0,0.0,1,20.1875,1.25,7.0,0.0,1.0,0.0,-0.9999999504643987,-0.99999920000064,0.0,0.0,2026-01-30,0,147,0,low,1996.0,4,Standard,499.0,mid,active
u000777,2026-01-12,7,167.24,13,21,0,0.0,0.0,1.0,0.0,0.0,1,84.94500000000002,6.5,7.0,0.0,1.0,0.0,0.9688033319347418,0.9999998461538698,0.0,0.0,2026-01-30,0,164,0,high,1495.0,5,Basic,299.0,low,active
u000635,2026-01-12,7,89.28,8,10,0,0.0,0.0,0.0,0.0,0.0,1,129.42,9.0,7.0,0.0,1.0,0.0,-0.3101529878677716,-0.11111109876543349,0.0,0.0,2026-01-30,0,225,0,medium,2093.0,7,Basic,299.0,low,active
u001320,2026-01-12,7,0.0,0,0,0,0.0,0.0,0.0,0.0,0.0,0,53.815,3.75,7.0,0.0,1.0,0.0,-0.9999999814178206,-0.9999997333334044,0.0,0.0,2026-01-30,0,171,0,medium,2495.0,5,Standard,499.0,mid,cancelled
u000022,2026-01-12,7,222.53,9,18,0,0.0,0.0,1.0,0.0,0.0,1,220.63,10.5,6.75,0.0,1.0,0.0,0.008611702811894589,-0.142857129251702,0.0,0.0,2026-01-30,0,177,0,high,3995.0,5,Premium,799.0,high,active
u001377,2026-01-12,7,177.5,11,15,0,0.0,0.0,0.0,0.0,0.0,1,87.00333333333333,4.666666666666667,6.0,0.0,1.0,0.0,1.0401517063696597,1.3571425663265928,0.0,0.0,2026-01-30,1,29,0,medium,499.0,1,Standard,499.0,mid,cancelled
u000663,2026-01-12,7,108.16000000000001,6,12,0,0.0,0.0,0.0,0.0,0.0,1,141.475,10.0,7.0,0.0,1.0,0.0,-0.23548329927207412,-0.39999996000000404,0.0,0.0,2026-01-30,0,262,0,high,2392.0,8,Basic,299.0,low,active
u002465,2026-01-12,7,40.17,3,4,0,0.0,0.0,0.0,0.0,0.0,1,53.33500000000001,3.5,6.75,0.0,2.0,0.0,-0.24683603174583243,-0.142857102040828,0.0,0.0,2026-01-30,0,154,0,low,1495.0,5,Basic,299.0,low,active
u001366,2026-01-12,7,147.26,13,14,0,0.0,0.0,0.0,0.0,0.0,1,196.8025,9.5,7.0,0.0,1.0,0.0,-0.25173714636888694,0.36842101385041964,0.0,0.0,2026-01-30,0,266,0,high,5593.0,7,Premium,799.0,high,active
u000930,2026-01-12,7,305.35,20,24,1,0.0,0.0,0.0,0.0,0.0,1,296.5375,20.0,7.0,1.0,3.0,1.0,0.029717995094320295,0.0,0.33333322222225925,0.33333322222225925,2026-01-30,0,125,0,high,3196.0,4,Premium,799.0,high,active
u000885,2026-01-12,7,94.77000000000001,8,8,0,0.0,0.0,0.0,0.0,0.0,1,128.225,8.0,7.0,0.0,2.0,0.0,-0.26090855713855665,0.0,0.0,0.0,2026-01-30,0,66,0,high,998.0,2,Standard,499.0,mid,active
u001300,2026-01-12,7,373.06,17,30,1,0.0,0.0,0.0,0.0,0.0,1,270.9375,12.25,7.0,0.0,1.0,0.0,0.3769227206388089,0.3877550703873412,0.0,0.0,2026-01-30,0,263,0,high,6392.0,8,Premium,799.0,high,active
u001063,2026-01-12,7,165.52,11,12,0,0.0,0.0,0.0,0.0,0.0,1,180.46,10.75,7.0,0.0,1.0,0.0,-0.08278842911011619,0.023255811790157045,0.0,0.0,2026-01-30,0,234,0,high,3493.0,7,Standard,499.0,mid,active
u000757,2026-01-12,7,0.0,0,0,0,0.0,0.0,0.0,0.0,0.0,0,0.0,0.0,7.0,0.0,0.0,0.0,0.0,0.0,0.0,0.0,2026-01-30,0,85,0,low,299.0,1,Basic,299.0,low,cancelled
u000891,2026-01-12,7,50.68,3,5,0,0.0,0.0,0.0,0.0,0.0,1,55.74750000000001,5.0,7.0,1.0,3.0,1.0,-0.0909009356311776,-0.399999920000016,0.33333322222225925,0.33333322222225925,2026-01-30,0,245,0,medium,3992.0,8,Standard,499.0,mid,active
u001302,2026-01-12,7,117.57000000000001,5,13,0,0.0,0.0,0.0,0.0,0.0,1,147.395,8.5,6.75,0.0,1.0,0.0,-0.20234743239358574,-0.4117646574394521,0.0,0.0,2026-01-30,0,170,0,high,2495.0,5,Standard,499.0,mid,active
u002432,2026-01-12,6,71.05000000000001,4,7,0,0.0,0.0,1.0,0.0,0.0,1,96.8525,5.0,6.75,0.0,1.0,0.0,-0.2664102602781522,-0.199999960000008,0.0,0.0,2026-01-30,0,139,0,high,3196.0,4,Premium,799.0,high,active
u001374,2026-01-12,7,184.93,13,24,0,0.0,0.0,0.0,0.0,0.0,1,155.1225,9.25,6.75,1.0,3.0,1.0,0.19215458626469673,0.4054053615777988,0.33333322222225925,0.33333322222225925,2026-01-30,0,165,0,high,2495.0,5,Standard,499.0,mid,active
u000859,2026-01-12,7,82.78,5,8,0,0.0,0.0,2.0,0.0,0.0,1,45.85000000000001,3.75,7.0,0.0,2.0,0.0,0.8054525451373488,0.33333324444446816,0.0,0.0,2026-01-30,0,103,0,low,897.0,3,Basic,299.0,low,active
u000633,2026-01-12,7,0.0,0,0,0,0.0,0.0,0.0,0.0,0.0,0,0.0,0.0,6.75,0.0,0.0,0.0,0.0,0.0,0.0,0.0,2026-01-30,0,162,0,low,499.0,1,Standard,499.0,mid,cancelled
u002464,2026-01-12,7,123.85,6,10,0,0.0,0.0,0.0,0.0,0.0,1,165.545,10.0,6.75,0.0,2.0,0.0,-0.2518650502771751,-0.39999996000000404,0.0,0.0,2026-01-30,0,123,0,high,1196.0,4,Basic,299.0,low,active
u001307,2026-01-12,7,71.91,9,12,0,0.0,0.0,0.0,0.0,0.0,1,95.2125,6.75,7.0,0.0,1.0,0.0,-0.24474202184858065,0.3333332839506246,0.0,0.0,2026-01-30,0,207,0,medium,1794.0,6,Basic,299.0,low,active
u001092,2026-01-12,7,0.0,0,0,0,0.0,0.0,0.0,0.0,0.0,0,13.5525,0.5,7.0,0.0,1.0,0.0,-0.9999999262128814,-0.999998000004,0.0,0.0,2026-01-30,0,158,0,medium,1196.0,4,Basic,299.0,low,cancelled
u000940,2026-01-12,7,145.23000000000002,4,13,0,0.0,0.0,0.0,0.0,0.0,1,131.69500000000002,7.5,6.75,0.0,1.0,0.0,0.10277535135900864,-0.46666660444445274,0.0,0.0,2026-01-30,0,143,0,medium,1196.0,4,Basic,299.0,low,active
u001124,2026-01-12,7,0.0,0,0,0,0.0,0.0,0.0,0.0,0.0,0,64.1625,5.0,7.0,1.0,1.0,1.0,-0.9999999844145726,-0.99999980000004,0.9999990000010001,0.9999990000010001,2026-01-30,0,209,0,medium,1495.0,5,Basic,299.0,low,expired
u000791,2026-01-12,7,75.84,6,4,0,0.0,0.0,0.0,0.0,0.0,1,44.09499999999999,3.75,7.0,0.0,2.0,0.0,0.7199228774254937,0.5999998400000427,0.0,0.0,2026-01-30,0,246,0,low,3992.0,8,Standard,499.0,mid,active
u000941,2026-01-12,7,64.28,3,5,0,0.0,0.0,1.0,0.0,0.0,1,77.04,5.5,6.75,0.0,2.0,0.0,-0.16562824291759815,-0.4545453719008415,0.0,0.0,2026-01-30,0,97,0,high,1497.0,3,Standard,499.0,mid,active
u000890,2026-01-12,6,0.0,0,0,0,0.0,0.0,0.0,0.0,0.0,0,27.9225,2.0,6.75,1.0,2.0,1.0,-0.9999999641865891,-0.99999950000025,0.499999750000125,0.499999750000125,2026-01-30,0,203,0,low,2994.0,6,Standard,499.0,mid,cancelled
u001122,2026-01-12,7,102.53,4,11,0,0.0,0.0,1.0,0.0,0.0,1,53.2575,2.75,6.75,0.0,2.0,0.0,0.9251748406294918,0.4545452892562584,0.0,0.0,2026-01-30,0,249,0,medium,2392.0,8,Basic,299.0,low,active
u000860,2026-01-12,7,143.34,10,15,0,0.0,0.0,0.0,0.0,0.0,1,180.35750000000002,9.5,6.75,0.0,1.0,0.0,-0.20524513699044883,0.0526315734072028,0.0,0.0,2026-01-30,0,69,0,high,1598.0,2,Premium,799.0,high,active
u001059,2026-01-12,7,104.97,6,10,0,0.0,0.0,0.0,0.0,0.0,1,112.785,7.25,6.25,1.0,2.0,1.0,-0.06929112852514846,-0.1724137693222387,0.499999750000125,0.499999750000125,2026-01-30,0,164,0,high,1196.0,4,Basic,299.0,low,active
u000669,2026-01-12,7,15.990000000000002,3,3,0,0.0,0.0,0.0,0.0,0.0,1,33.305,3.0,7.0,0.0,1.0,0.0,-0.5198918925118783,0.0,0.0,0.0,2026-01-30,0,40,0,low,299.0,1,Basic,299.0,low,active
u001061,2026-01-12,7,11.84,1,1,0,0.0,0.0,0.0,0.0,0.0,1,62.28,5.25,7.0,0.0,1.0,0.0,-0.8098908026671354,-0.8095236553288275,0.0,0.0,2026-01-30,0,77,0,medium,998.0,2,Standard,499.0,mid,cancelled
u002421,2026-01-12,7,150.67000000000002,7,19,0,0.0,0.0,0.0,0.0,0.0,1,214.64750000000004,11.25,7.0,0.0,1.0,0.0,-0.298058443270672,-0.37777774419753385,0.0,0.0,2026-01-30,0,206,0,high,4794.0,6,Premium,799.0,high,active
u000043,2026-01-12,7,127.37,6,14,0,0.0,0.0,1.0,0.0,0.0,1,83.80499999999999,6.5,7.0,1.0,3.0,1.0,0.5198377123102715,-0.07692306508875922,0.33333322222225925,0.33333322222225925,2026-01-30,0,95,0,medium,897.0,3,Basic,299.0,low,active
u000756,2026-01-12,7,162.95,13,14,0,0.0,0.0,0.0,0.0,0.0,1,122.22,8.0,7.0,0.0,2.0,0.0,0.3332515109372319,0.6249999218750099,0.0,0.0,2026-01-30,0,161,0,high,3995.0,5,Premium,799.0,high,active
u000781,2026-01-12,7,57.1,8,7,0,0.0,0.0,0.0,0.0,0.0,1,109.77499999999999,7.5,7.0,0.0,1.0,0.0,-0.47984513341065693,0.06666665777777896,0.0,0.0,2026-01-30,0,50,0,high,499.0,1,Standard,499.0,mid,active
u000939,2026-01-12,7,219.42000000000002,20,23,0,0.0,0.0,0.0,0.0,0.0,1,196.78999999999996,13.75,7.0,0.0,2.0,0.0,0.11499568009047399,0.45454542148760574,0.0,0.0,2026-01-30,0,155,0,high,3196.0,4,Premium,799.0,high,active
u001123,2026-01-12,7,80.29,4,13,0,0.0,0.0,0.0,0.0,0.0,1,156.30249999999998,8.5,7.0,0.0,1.0,0.0,-0.48631659451181775,-0.5294117024221527,0.0,0.0,2026-01-30,0,203,0,high,2994.0,6,Standard,499.0,mid,active
u001373,2026-01-12,7,203.71,8,20,1,0.0,0.0,1.0,0.0,0.0,1,143.2125,8.0,6.75,0.0,2.0,0.0,0.42243169819372123,0.0,0.0,0.0,2026-01-30,0,158,0,high,1495.0,5,Basic,299.0,low,active
u001303,2026-01-12,7,77.77,4,9,0,0.0,0.0,0.0,0.0,0.0,1,80.25999999999999,6.5,7.0,1.0,3.0,1.0,-0.03102417105626494,-0.38461532544379606,0.33333322222225925,0.33333322222225925,2026-01-30,0,95,0,high,1497.0,3,Standard,499.0,mid,active
u001305,2026-01-12,7,176.26,7,17,0,0.0,0.0,0.0,0.0,0.0,1,173.285,8.0,7.0,0.0,1.0,0.0,0.017168248739543212,-0.12499998437500197,0.0,0.0,2026-01-30,0,117,0,high,897.0,3,Basic,299.0,low,active
u000886,2026-01-12,7,59.629999999999995,6,5,0,0.0,0.0,0.0,0.0,0.0,1,40.0875,3.5,7.0,0.0,1.0,0.0,0.4874960901154701,0.7142855102041399,0.0,0.0,2026-01-30,0,86,0,medium,998.0,2,Standard,499.0,mid,active
u001088,2026-01-12,7,39.93,4,3,0,1.0,0.0,0.0,0.0,0.0,1,19.965,2.0,5.5,0.0,1.0,0.0,0.9999999499123491,0.99999950000025,0.0,0.0,2026-01-30,1,22,0,low,299.0,1,Basic,299.0,low,cancelled
u001091,2026-01-12,7,191.89,12,18,0,0.0,0.0,0.0,0.0,0.0,1,229.94200454916663,10.5,6.5,0.0,1.0,0.0,-0.1654852251039895,0.142857129251702,0.0,0.0,2026-01-30,0,144,0,high,3196.0,4,Premium,799.0,high,active
u000938,2026-01-12,7,81.53,10,12,0,0.0,0.0,0.0,0.0,0.0,1,146.0225,10.0,6.5,0.0,1.0,0.0,-0.44166138477521355,0.0,0.0,0.0,2026-01-30,0,233,0,medium,2093.0,7,Basic,299.0,low,active
u002490,2026-01-12,7,10.91,1,1,0,0.0,0.0,0.0,0.0,0.0,1,66.13000000000001,5.25,6.5,0.0,2.0,0.0,-0.8350219138814168,-0.8095236553288275,0.0,0.0,2026-01-30,0,181,0,high,1794.0,6,Basic,299.0,low,active
u001089,2026-01-12,7,0.0,0,0,0,0.0,0.0,0.0,0.0,0.0,0,0.0,0.0,7.0,0.0,0.0,0.0,0.0,0.0,0.0,0.0,2026-01-30,0,107,0,low,0.0,0,Basic,299.0,low,expired
u000671,2026-01-12,7,32.91,3,2,0,0.0,0.0,0.0,0.0,0.0,1,29.856666666666666,2.0,6.666666666666667,1.0,1.0,1.0,0.10226638040862847,0.499999750000125,0.9999990000010001,0.9999990000010001,2026-01-30,1,31,0,low,0.0,0,Basic,299.0,low,cancelled
u001060,2026-01-12,7,31.4,1,4,0,0.0,0.0,0.0,0.0,0.0,1,84.83749999999999,4.75,7.0,0.0,2.0,0.0,-0.6298806467672828,-0.7894735180055751,0.0,0.0,2026-01-30,0,192,0,high,1495.0,5,Basic,299.0,low,active
u000020,2026-01-12,7,107.36,9,13,0,0.0,0.0,0.0,0.0,0.0,1,73.49000000000001,6.0,7.0,0.0,2.0,0.0,0.4608790248893858,0.49999991666668053,0.0,0.0,2026-01-30,0,157,0,medium,2495.0,5,Standard,499.0,mid,active
u000670,2026-01-12,7,128.01,10,12,0,0.0,0.0,0.0,0.0,0.0,1,147.05,10.25,7.0,0.0,1.0,0.0,-0.12947976790561205,-0.02439024152290327,0.0,0.0,2026-01-30,0,237,0,high,3493.0,7,Standard,499.0,mid,active
u002473,2026-01-12,7,0.0,0,0,0,0.0,0.0,0.0,0.0,0.0,0,0.0,0.0,7.0,0.0,0.0,0.0,0.0,0.0,0.0,0.0,2026-01-30,0,166,0,medium,1196.0,4,Basic,299.0,low,cancelled
u001306,2026-01-12,7,0.0,0,0,0,0.0,0.0,0.0,0.0,0.0,0,0.0,0.0,6.75,0.0,0.0,0.0,0.0,0.0,0.0,0.0,2026-01-30,0,102,0,low,299.0,1,Basic,299.0,low,cancelled
u001308,2026-01-12,6,193.82,14,28,0,0.0,0.0,0.0,0.0,0.0,1,148.62,12.0,6.75,0.0,1.0,0.0,0.3041313396303906,0.16666665277777895,0.0,0.0,2026-01-30,0,211,0,high,2994.0,6,Standard,499.0,mid,active
u001372,2026-01-12,7,59.44,3,8,0,0.0,0.0,0.0,0.0,0.0,1,132.3641272509924,7.5,7.0,0.0,2.0,0.0,-0.550935727183665,-0.5999999200000107,0.0,0.0,2026-01-30,0,184,0,medium,1794.0,6,Basic,299.0,low,active
u000937,2026-01-12,6,30.08,4,7,0,0.0,0.0,0.0,0.0,0.0,1,61.88999999999999,5.5,6.5,0.0,1.0,0.0,-0.5139764014545742,-0.2727272231405049,0.0,0.0,2026-01-30,0,231,0,low,2093.0,7,Basic,299.0,low,active
u000935,2026-01-12,7,340.94,19,40,0,0.0,0.0,0.0,0.0,0.0,1,241.9475,14.0,7.0,1.0,3.0,1.0,0.40914867725788173,0.3571428316326549,0.33333322222225925,0.33333322222225925,2026-01-30,0,159,0,high,3995.0,5,Premium,799.0,high,active
u001370,2026-01-12,7,150.27999999999997,17,14,0,0.0,0.0,1.0,0.0,0.0,1,154.3475,11.5,7.0,0.0,1.0,0.0,-0.026352872405754235,0.47826082797731934,0.0,0.0,2026-01-30,0,111,0,high,1497.0,3,Standard,499.0,mid,active
u000780,2026-01-12,7,79.39,9,15,0,0.0,0.0,0.0,0.0,0.0,1,142.89,10.25,6.75,0.0,1.0,0.0,-0.4443977853985738,-0.12195120761451633,0.0,0.0,2026-01-30,0,57,0,high,299.0,1,Basic,299.0,low,active
u001311,2026-01-12,7,81.97999999999999,7,6,0,0.0,0.0,0.0,0.0,0.0,1,62.114999999999995,5.75,7.0,0.0,1.0,0.0,0.31981002463478986,0.2173912665406493,0.0,0.0,2026-01-30,0,139,0,medium,1196.0,4,Basic,299.0,low,active
u001087,2026-01-12,7,69.48,5,9,0,0.0,0.0,1.0,0.0,0.0,1,60.769999999999996,5.25,6.75,1.0,1.0,1.0,0.14332729729591429,-0.04761903854875456,0.9999990000010001,0.9999990000010001,2026-01-30,0,69,0,low,299.0,1,Basic,299.0,low,active
u001312,2026-01-12,7,40.11,2,1,0,0.0,0.0,0.0,0.0,0.0,1,54.30499999999999,3.25,6.75,0.0,1.0,0.0,-0.26139397364158035,-0.38461526627222575,0.0,0.0,2026-01-30,0,183,0,medium,2495.0,5,Standard,499.0,mid,active
u000894,2026-01-12,7,110.55000000000001,4,12,0,0.0,0.0,0.0,0.0,0.0,1,107.55000000000001,7.0,6.5,1.0,1.0,1.0,0.027894002530041814,-0.4285713673469475,0.9999990000010001,0.9999990000010001,2026-01-30,1,24,0,medium,0.0,0,Standard,499.0,mid,expired
u000759,2026-01-12,7,81.10999999999999,3,12,0,0.0,0.0,0.0,0.0,0.0,1,132.75,6.25,7.0,0.0,1.0,0.0,-0.3890018803088372,-0.5199999168000133,0.0,0.0,2026-01-30,0,238,0,high,2093.0,7,Basic,299.0,low,active
u000044,2026-01-12,7,0.0,0,0,0,0.0,0.0,0.0,0.0,0.0,0,0.0,0.0,7.0,0.0,0.0,0.0,0.0,0.0,0.0,0.0,2026-01-30,0,182,0,low,299.0,1,Basic,299.0,low,cancelled
u000942,2026-01-12,7,0.0,0,0,0,0.0,0.0,0.0,0.0,0.0,1,58.59250000000001,4.75,7.0,0.0,1.0,0.0,-0.9999999829329695,-0.9999997894737285,0.0,0.0,2026-01-30,0,169,0,low,1495.0,5,Basic,299.0,low,active
u001375,2026-01-12,7,88.53,5,8,0,0.0,0.0,1.0,0.0,0.0,1,128.125,6.5,7.0,0.0,1.0,0.0,-0.3090341439294896,-0.23076919526627765,0.0,0.0,2026-01-30,0,48,0,medium,799.0,1,Premium,799.0,high,active
u001120,2026-01-12,7,0.0,0,0,0,0.0,0.0,0.0,0.0,0.0,0,0.0,0.0,7.0,0.0,0.0,0.0,0.0,0.0,0.0,0.0,2026-01-30,0,147,0,low,499.0,1,Standard,499.0,mid,cancelled
u001125,2026-01-12,7,108.75999999999999,15,20,0,0.0,0.0,0.0,0.0,0.0,1,109.2575,8.5,6.5,0.0,1.0,0.0,-0.004553463107306493,0.7647057923875539,0.0,0.0,2026-01-30,0,60,0,high,299.0,1,Basic,299.0,low,active
u000887,2026-01-12,7,88.6,5,9,0,0.0,0.0,0.0,0.0,0.0,1,37.3,2.75,7.0,0.0,1.0,0.0,1.3753350837711775,0.8181815206612651,0.0,0.0,2026-01-30,0,257,0,low,2392.0,8,Basic,299.0,low,active
u000858,2026-01-12,7,53.06,3,9,0,0.0,0.0,0.0,0.0,0.0,1,60.255,3.75,7.0,0.0,1.0,0.0,-0.11940917567987427,-0.1999999466666809,0.0,0.0,2026-01-30,0,256,0,low,2093.0,7,Basic,299.0,low,active
u000863,2026-01-12,7,0.0,0,0,0,0.0,0.0,1.0,0.0,0.0,0,28.9075,2.25,7.0,0.0,1.0,0.0,-0.9999999654069025,-0.999999555555753,0.0,0.0,2026-01-30,0,240,0,medium,3493.0,7,Standard,499.0,mid,cancelled
u001313,2026-01-12,7,0.0,0,0,0,0.0,0.0,0.0,0.0,0.0,1,19.2975,1.5,6.75,0.0,1.0,0.0,-0.9999999481798186,-0.9999993333337779,0.0,0.0,2026-01-30,0,75,0,low,598.0,2,Basic,299.0,low,cancelled
u000934,2026-01-12,7,134.34,8,15,0,0.0,0.0,0.0,0.0,0.0,1,110.92750000000001,6.0,7.0,0.0,1.0,0.0,0.21106127686046036,0.33333327777778704,0.0,0.0,2026-01-30,0,108,0,high,2397.0,3,Premium,799.0,high,active
u002431,2026-01-12,7,91.18,6,10,0,0.0,0.0,0.0,0.0,0.0,1,53.902499999999996,3.75,7.0,0.0,1.0,0.0,0.691572734259585,0.5999998400000427,0.0,0.0,2026-01-30,0,237,0,low,3493.0,7,Standard,499.0,mid,active
u001301,2026-01-12,7,53.22,3,5,0,0.0,0.0,0.0,0.0,0.0,1,69.08250000000001,4.25,7.0,0.0,1.0,0.0,-0.2296167592426917,-0.29411757785468756,0.0,0.0,2026-01-30,0,80,0,medium,598.0,2,Basic,299.0,low,active
u000052,2026-01-12,7,23.73,2,2,0,0.0,0.0,1.0,0.0,0.0,1,24.674999999999997,2.25,7.0,1.0,1.0,1.0,-0.038297870788333375,-0.111111061728417,0.9999990000010001,0.9999990000010001,2026-01-30,0,222,0,medium,2495.0,5,Standard,499.0,mid,active
u000893,2026-01-12,7,84.19,6,7,0,0.0,0.0,0.0,0.0,0.0,1,111.61000000000001,7.0,6.75,0.0,1.0,0.0,-0.2456769084698782,-0.1428571224489825,0.0,0.0,2026-01-30,0,139,0,medium,1996.0,4,Standard,499.0,mid,active
u000668,2026-01-12,6,64.38,4,4,0,0.0,0.0,0.0,0.0,0.0,1,95.07499999999999,5.5,6.75,0.0,1.0,0.0,-0.3228503778821943,-0.2727272231405049,0.0,0.0,2026-01-30,0,54,0,medium,299.0,1,Basic,299.0,low,active
u000892,2026-01-12,7,23.42,2,5,0,0.0,0.0,1.0,0.0,0.0,1,49.627500000000005,2.75,7.0,0.0,1.0,0.0,-0.5280842168538771,-0.27272717355375503,0.0,0.0,2026-01-30,0,92,0,low,998.0,2,Standard,499.0,mid,active
u000758,2026-01-12,7,45.57,4,3,0,0.0,0.0,0.0,0.0,0.0,1,46.09,3.5,6.5,0.0,1.0,0.0,-0.011282273567318932,0.142857102040828,0.0,0.0,2026-01-30,0,174,0,medium,1495.0,5,Basic,299.0,low,active
u000861,2026-01-12,7,158.21,16,16,0,0.0,0.0,0.0,0.0,0.0,1,130.5,11.666666666666666,5.333333333333333,1.0,2.0,1.0,0.21233716312385323,0.3714285395918396,0.499999750000125,0.499999750000125,2026-01-30,0,27,0,high,799.0,1,Premium,799.0,high,active
u001121,2026-01-12,7,144.72,8,18,0,0.0,0.0,0.0,0.0,0.0,1,126.24249999999999,6.5,6.75,0.0,1.0,0.0,0.14636512944242136,0.23076919526627765,0.0,0.0,2026-01-30,0,267,0,high,6392.0,8,Premium,799.0,high,active
u001309,2026-01-12,7,100.56,10,11,0,0.0,0.0,0.0,0.0,0.0,1,92.29249999999999,7.0,7.0,0.0,1.0,0.0,0.08957932562690021,0.4285713673469475,0.0,0.0,2026-01-30,0,166,0,medium,2495.0,5,Standard,499.0,mid,active
u001062,2026-01-12,7,93.88,4,9,0,0.0,0.0,0.0,0.0,0.0,1,94.88,4.75,7.0,0.0,2.0,0.0,-0.010539628893975245,-0.15789470360111502,0.0,0.0,2026-01-30,0,98,0,medium,897.0,3,Basic,299.0,low,active
u000928,2026-01-12,6,51.58,3,5,0,0.0,0.0,1.0,0.0,0.0,1,36.287499999999994,2.25,6.75,0.0,1.0,0.0,0.42142609930620484,0.333333185185251,0.0,0.0,2026-01-30,0,195,0,low,1794.0,6,Basic,299.0,low,active
u000027,2026-01-12,7,0.0,0,0,0,0.0,0.0,0.0,0.0,0.0,0,0.0,0.0,7.0,0.0,0.0,0.0,0.0,0.0,0.0,0.0,2026-01-30,0,169,0,low,897.0,3,Basic,299.0,low,cancelled
u001093,2026-01-12,7,16.13,1,1,0,0.0,0.0,1.0,0.0,0.0,1,72.25154257784828,3.0,7.0,0.0,1.0,0.0,-0.7767521605594414,-0.6666664444445185,0.0,0.0,2026-01-30,0,59,0,low,499.0,1,Standard,499.0,mid,active
u000862,2026-01-12,7,37.650000000000006,3,5,0,0.0,0.0,0.0,0.0,0.0,1,42.79,3.5,6.75,0.0,1.0,0.0,-0.12012152091326181,-0.142857102040828,0.0,0.0,2026-01-30,0,38,0,low,299.0,1,Basic,299.0,low,active
u001371,2026-01-12,7,99.53,3,16,0,0.0,0.0,0.0,0.0,0.0,1,100.53,7.25,7.0,0.0,1.0,0.0,-0.009947279320130516,-0.5862068156956116,0.0,0.0,2026-01-30,0,49,0,medium,499.0,1,Standard,499.0,mid,active
u000790,2026-01-12,7,0.0,0,0,0,0.0,0.0,1.0,1.0,1.0,0,0.0,0.0,7.0,0.0,0.0,0.0,0.0,0.0,0.0,0.0,2026-01-30,0,267,0,low,1495.0,5,Basic,299.0,low,cancelled
u001310,2026-01-12,7,0.0,0,0,0,0.0,0.0,0.0,0.0,0.0,0,23.13,2.0,7.0,0.0,1.0,0.0,-0.9999999567661064,-0.99999950000025,0.0,0.0,2026-01-30,0,56,0,low,299.0,1,Basic,299.0,low,cancelled
u002422,2026-01-12,7,136.68,6,14,0,0.0,0.0,0.0,0.0,0.0,1,101.45750000000001,5.5,7.0,0.0,1.0,0.0,0.3471650656958325,0.09090907438016829,0.0,0.0,2026-01-30,0,80,0,medium,598.0,2,Basic,299.0,low,active
u000672,2026-01-12,7,28.7,2,2,0,0.0,0.0,0.0,0.0,0.0,1,24.449999999999996,1.75,7.0,0.0,1.0,0.0,0.17382412376997466,0.14285706122453645,0.0,0.0,2026-01-30,0,116,0,low,897.0,3,Basic,299.0,low,active
u000936,2026-01-12,7,54.03,7,4,0,0.0,0.0,0.0,0.0,0.0,1,26.802500000000002,3.0,5.75,0.0,1.0,0.0,1.0158566918811045,1.333332888889037,0.0,0.0,2026-01-30,0,34,0,low,299.0,1,Basic,299.0,low,active
u000667,2026-01-12,6,97.1,8,10,0,0.0,0.0,0.0,0.0,0.0,1,77.6925,5.75,6.75,0.0,1.0,0.0,0.24979888342119402,0.39130427977316873,0.0,0.0,2026-01-30,0,144,0,medium,1196.0,4,Basic,299.0,low,active
u000778,2026-01-12,7,78.82,7,7,0,0.0,0.0,1.0,0.0,0.0,1,105.055,7.5,7.0,0.0,1.0,0.0,-0.24972633144803846,-0.06666665777777896,0.0,0.0,2026-01-30,0,241,0,medium,3493.0,7,Standard,499.0,mid,active
u000634,2026-01-12,7,0.0,0,0,0,0.0,0.0,0.0,0.0,0.0,0,0.0,0.0,6.75,0.0,0.0,0.0,0.0,0.0,0.0,0.0,2026-01-30,0,175,0,medium,897.0,3,Basic,299.0,low,expired
u001322,2026-01-12,7,0.0,0,0,0,0.0,0.0,0.0,0.0,0.0,0,0.0,0.0,7.0,0.0,0.0,0.0,0.0,0.0,0.0,0.0,2026-01-30,0,202,0,low,1996.0,4,Standard,499.0,mid,cancelled
u000647,2026-01-12,7,63.77,2,5,0,0.0,0.0,1.0,1.0,0.0,1,57.852500000000006,3.5,7.0,0.0,2.0,0.0,0.10228598414440193,-0.42857130612248395,0.0,0.0,2026-01-30,1,155,0,low,1495.0,5,Basic,299.0,low,cancelled
u000761,2026-01-12,7,74.19,5,5,0,0.0,0.0,0.0,0.0,0.0,1,114.965,7.25,7.0,0.0,1.0,0.0,-0.3546731583118936,-0.3103447847800297,0.0,0.0,2026-01-30,0,226,0,high,2994.0,6,Standard,499.0,mid,active
u000768,2026-01-12,7,98.36,9,7,0,0.0,0.0,0.0,0.0,0.0,1,61.3525,4.25,7.0,0.0,1.0,0.0,0.6031946440129637,1.1176467958478127,0.0,0.0,2026-01-30,0,150,0,medium,1196.0,4,Basic,299.0,low,active
u001106,2026-01-12,6,97.97,7,8,0,0.0,0.0,0.0,0.0,0.0,1,234.80249999999998,14.25,6.75,0.0,1.0,0.0,-0.5827557177510643,-0.5087718941212707,0.0,0.0,2026-01-30,0,225,0,high,5593.0,7,Premium,799.0,high,active
u001081,2026-01-12,7,21.63,1,1,0,0.0,0.0,0.0,0.0,0.0,1,121.0625,7.5,6.75,1.0,1.0,1.0,-0.8213319498496071,-0.8666665511111264,0.9999990000010001,0.9999990000010001,2026-01-30,1,39,0,medium,0.0,0,Standard,499.0,mid,expired
u001359,2026-01-12,7,147.29,7,16,0,0.0,0.0,0.0,0.0,0.0,1,117.4925,5.5,7.0,0.0,2.0,0.0,0.2536119305180165,0.2727272231405049,0.0,0.0,2026-01-30,0,245,0,medium,2392.0,8,Basic,299.0,low,active
u001344,2026-01-12,7,0.0,0,0,0,0.0,0.0,0.0,0.0,0.0,0,0.0,0.0,7.0,0.0,0.0,0.0,0.0,0.0,0.0,0.0,2026-01-30,0,126,0,low,0.0,0,Standard,499.0,mid,expired
u000652,2026-01-12,7,0.0,0,0,0,0.0,0.0,1.0,0.0,0.0,0,0.0,0.0,7.0,0.0,0.0,0.0,0.0,0.0,0.0,0.0,2026-01-30,0,107,0,low,598.0,2,Basic,299.0,low,cancelled
u000873,2026-01-12,7,87.19,7,7,0,0.0,0.0,0.0,0.0,0.0,1,130.3075,8.0,7.0,0.0,2.0,0.0,-0.33089039133671977,-0.12499998437500197,0.0,0.0,2026-01-30,0,242,0,high,3992.0,8,Standard,499.0,mid,active
u000785,2026-01-12,7,96.36,4,8,0,0.0,0.0,0.0,0.0,0.0,1,127.67500000000001,7.0,6.75,0.0,2.0,0.0,-0.2452711944760432,-0.4285713673469475,0.0,0.0,2026-01-30,0,150,0,medium,1495.0,5,Basic,299.0,low,active
u000912,2026-01-12,7,213.79000000000002,14,22,0,0.0,0.0,0.0,0.0,0.0,1,183.78750000000002,8.0,7.0,0.0,1.0,0.0,0.16324559524861265,0.7499999062500118,0.0,0.0,2026-01-30,0,224,0,high,5593.0,7,Premium,799.0,high,active
u000902,2026-01-12,7,157.66,11,18,0,0.0,0.0,1.0,0.0,0.0,1,116.7225,9.0,7.0,0.0,1.0,0.0,0.35072500716892624,0.22222219753086697,0.0,0.0,2026-01-30,0,260,0,high,5593.0,7,Premium,799.0,high,active
u002496,2026-01-12,7,0.0,0,0,0,0.0,0.0,0.0,0.0,0.0,0,0.0,0.0,7.0,0.0,0.0,0.0,0.0,0.0,0.0,0.0,2026-01-30,0,219,0,low,598.0,2,Basic,299.0,low,expired
u001345,2026-01-12,7,306.28,16,34,1,0.0,0.0,1.0,0.0,0.0,1,293.42249999999996,13.75,7.0,0.0,2.0,0.0,0.043819066214012055,0.16363635173553806,0.0,0.0,2026-01-30,0,224,0,high,3493.0,7,Standard,499.0,mid,active
u001099,2026-01-12,6,36.32,2,3,0,0.0,0.0,0.0,0.0,0.0,1,59.77250000000001,4.25,6.5,0.0,1.0,0.0,-0.392362702039187,-0.5294116401384376,0.0,0.0,2026-01-30,0,260,0,medium,2392.0,8,Basic,299.0,low,active
u000769,2026-01-12,7,111.72999999999999,8,6,0,0.0,0.0,0.0,0.0,0.0,1,113.965,7.5,7.0,0.0,1.0,0.0,-0.019611283994109854,0.06666665777777896,0.0,0.0,2026-01-30,0,235,0,medium,2994.0,6,Standard,499.0,mid,active
u000874,2026-01-12,7,67.44,5,5,0,0.0,0.0,0.0,0.0,0.0,1,131.6925,8.5,7.0,0.0,1.0,0.0,-0.48789794036943684,-0.4117646574394521,0.0,0.0,2026-01-30,0,239,0,high,4794.0,6,Premium,799.0,high,active
u001346,2026-01-12,7,47.959999999999994,3,7,0,1.0,1.0,0.0,0.0,0.0,1,41.025,2.5,4.5,1.0,1.0,1.0,0.16904326218054194,0.199999920000032,0.9999990000010001,0.9999990000010001,2026-01-30,1,20,0,medium,0.0,0,Standard,499.0,mid,expired
u000025,2026-01-12,7,263.29,19,25,0,0.0,0.0,1.0,0.0,0.0,1,123.55250000000001,7.75,6.5,0.0,1.0,0.0,1.1309969354647058,1.4516127159209398,0.0,0.0,2026-01-30,0,74,0,high,998.0,2,Standard,499.0,mid,active
u000879,2026-01-12,7,68.57,7,9,0,0.0,0.0,0.0,0.0,0.0,1,59.584999999999994,4.25,7.0,1.0,3.0,1.0,0.15079298228089316,0.6470586712803126,0.33333322222225925,0.33333322222225925,2026-01-30,0,133,0,low,1196.0,4,Basic,299.0,low,active
u000911,2026-01-12,6,94.68,3,7,0,0.0,0.0,0.0,0.0,0.0,1,109.625,5.0,6.75,0.0,1.0,0.0,-0.1363283910027056,-0.399999920000016,0.0,0.0,2026-01-30,0,77,0,high,598.0,2,Basic,299.0,low,active
u001347,2026-01-12,7,0.0,0,0,0,0.0,0.0,0.0,0.0,0.0,0,6.4125,0.25,7.0,0.0,1.0,0.0,-0.9999998440546052,-0.9999960000160001,0.0,0.0,2026-01-30,0,56,0,low,499.0,1,Standard,499.0,mid,cancelled
u000644,2026-01-12,6,145.09,13,13,0,0.0,0.0,0.0,0.0,0.0,1,127.74750000000002,9.5,6.5,0.0,1.0,0.0,0.13575608026962488,0.36842101385041964,0.0,0.0,2026-01-30,0,150,0,high,1996.0,4,Standard,499.0,mid,active
u001105,2026-01-12,7,57.06,4,8,0,0.0,0.0,1.0,0.0,0.0,1,33.82,3.25,6.75,1.0,2.0,1.0,0.6871673362753598,0.23076915976333545,0.499999750000125,0.499999750000125,2026-01-30,0,194,0,low,2495.0,5,Standard,499.0,mid,cancelled
u000050,2026-01-12,7,0.0,0,0,0,0.0,0.0,0.0,0.0,0.0,0,0.0,0.0,6.75,1.0,1.0,1.0,0.0,0.0,0.9999990000010001,0.9999990000010001,2026-01-30,0,75,0,low,0.0,0,Standard,499.0,mid,expired
u000910,2026-01-12,7,47.07,5,7,0,0.0,0.0,0.0,0.0,0.0,1,56.1775,4.25,7.0,0.0,2.0,0.0,-0.16212006297681347,0.17647054671281254,0.0,0.0,2026-01-30,0,247,0,low,2392.0,8,Basic,299.0,low,active
u001343,2026-01-12,7,24.36,2,2,0,0.0,0.0,0.0,0.0,0.0,1,26.570000000000004,2.75,7.0,0.0,1.0,0.0,-0.08317651173592368,-0.27272717355375503,0.0,0.0,2026-01-30,0,241,0,low,2093.0,7,Basic,299.0,low,active
u001075,2026-01-12,7,253.41000000000003,8,27,1,0.0,0.0,1.0,0.0,0.0,1,145.29250000000002,8.25,7.0,2.0,3.0,2.0,0.744136822312667,-0.03030302662993617,0.6666664444445185,0.6666664444445185,2026-01-30,0,153,0,medium,1196.0,4,Basic,299.0,low,active
u000917,2026-01-12,7,185.85999999999999,8,22,0,0.0,0.0,0.0,0.0,0.0,1,107.735,7.25,6.5,0.0,1.0,0.0,0.725158948111951,0.10344826159334322,0.0,0.0,2026-01-30,0,134,0,high,1996.0,4,Standard,499.0,mid,active
u001109,2026-01-12,7,46.5,2,3,0,0.0,0.0,0.0,0.0,0.0,1,42.292500000000004,2.25,5.5,1.0,1.0,1.0,0.09948572206689776,-0.111111061728417,0.9999990000010001,0.9999990000010001,2026-01-30,1,34,0,low,0.0,0,Basic,299.0,low,expired
u000048,2026-01-12,7,18.74,1,3,0,0.0,0.0,1.0,0.0,0.0,1,108.815,6.25,7.0,0.0,1.0,0.0,-0.8277810887489677,-0.8399998656000215,0.0,0.0,2026-01-30,0,46,0,medium,499.0,1,Standard,499.0,mid,cancelled
u001341,2026-01-12,7,19.18,2,2,0,0.0,0.0,1.0,0.0,0.0,1,89.70249999999999,5.0,7.0,1.0,1.0,1.0,-0.7861820931837786,-0.599999880000024,0.9999990000010001,0.9999990000010001,2026-01-30,1,136,0,medium,998.0,2,Standard,499.0,mid,expired
u001082,2026-01-12,7,70.35,5,5,0,1.0,0.0,0.0,0.0,0.0,1,35.175,2.5,5.5,0.0,1.0,0.0,0.9999999715707187,0.99999960000016,0.0,0.0,2026-01-30,0,22,0,low,299.0,1,Basic,299.0,low,active
u000642,2026-01-12,7,87.76,7,6,0,0.0,0.0,1.0,0.0,0.0,1,106.7975,7.0,7.0,0.0,1.0,0.0,-0.17825791635330487,0.0,0.0,0.0,2026-01-30,0,40,0,medium,799.0,1,Premium,799.0,high,active
u000774,2026-01-12,7,251.07,8,28,0,0.0,0.0,0.0,0.0,0.0,1,246.005,13.25,7.0,0.0,1.0,0.0,0.0205890123347533,-0.3962263851904615,0.0,0.0,2026-01-30,0,90,0,high,998.0,2,Standard,499.0,mid,active
u000655,2026-01-12,7,134.44,8,12,0,0.0,0.0,1.0,0.0,0.0,1,125.0325,8.5,6.75,0.0,1.0,0.0,0.07524043688448653,-0.0588235224913503,0.0,0.0,2026-01-30,0,132,0,high,1196.0,4,Basic,299.0,low,active
u000916,2026-01-12,7,163.39000000000001,7,12,0,0.0,0.0,1.0,0.0,0.0,1,151.5825,7.75,7.0,0.0,1.0,0.0,0.07789487521386129,-0.09677418106139599,0.0,0.0,2026-01-30,0,155,0,medium,1497.0,3,Standard,499.0,mid,active
u000880,2026-01-12,7,28.53,2,3,0,0.0,0.0,0.0,0.0,0.0,1,21.6025,1.5,7.0,0.0,1.0,0.0,0.32068046195206756,0.3333331111112593,0.0,0.0,2026-01-30,0,112,0,low,598.0,2,Basic,299.0,low,active
u000913,2026-01-12,7,151.39,8,18,0,0.0,0.0,0.0,0.0,0.0,1,99.23249999999999,5.5,6.75,0.0,1.0,0.0,0.525609044157821,0.4545453719008415,0.0,0.0,2026-01-30,0,176,0,medium,3995.0,5,Premium,799.0,high,active
u001108,2026-01-12,7,154.56,6,20,0,0.0,0.0,0.0,0.0,0.0,1,123.035,7.25,7.0,0.0,1.0,0.0,0.25622790054677214,-0.1724137693222387,0.0,0.0,2026-01-30,0,43,0,high,299.0,1,Basic,299.0,low,active
u000915,2026-01-12,7,70.19,5,11,0,0.0,0.0,0.0,0.0,0.0,1,85.3775,6.25,7.0,0.0,1.0,0.0,-0.17788644340855095,-0.1999999680000051,0.0,0.0,2026-01-30,0,122,0,medium,2397.0,3,Premium,799.0,high,active
u002427,2026-01-12,6,0.0,0,0,0,0.0,0.0,0.0,0.0,0.0,0,0.0,0.0,6.5,0.0,0.0,0.0,0.0,0.0,0.0,0.0,2026-01-30,0,231,0,medium,2495.0,5,Standard,499.0,mid,cancelled
u001342,2026-01-12,7,229.09,9,23,0,0.0,0.0,0.0,0.0,0.0,1,163.62499999999997,9.25,7.0,0.0,1.0,0.0,0.4000916705876753,-0.027027024105186585,0.0,0.0,2026-01-30,0,236,0,high,5593.0,7,Premium,799.0,high,active
u000654,2026-01-12,7,51.25,4,5,0,0.0,0.0,0.0,0.0,0.0,1,98.8475,5.5,7.0,0.0,1.0,0.0,-0.4815245658056646,-0.2727272231405049,0.0,0.0,2026-01-30,0,69,0,medium,998.0,2,Standard,499.0,mid,active
u001107,2026-01-12,7,0.0,0,0,0,0.0,0.0,0.0,0.0,0.0,0,18.97,1.25,7.0,1.0,1.0,1.0,-0.9999999472851898,-0.99999920000064,0.9999990000010001,0.9999990000010001,2026-01-30,0,209,0,medium,1495.0,5,Basic,299.0,low,expired
u000643,2026-01-12,7,167.35,12,13,0,0.0,0.0,0.0,0.0,0.0,1,84.6375,7.5,6.75,0.0,1.0,0.0,0.9772559329226886,0.5999999200000107,0.0,0.0,2026-01-30,0,56,0,medium,499.0,1,Standard,499.0,mid,active
u001074,2026-01-12,6,155.76,8,13,0,0.0,0.0,0.0,0.0,0.0,1,157.49249999999998,10.25,6.75,0.0,1.0,0.0,-0.01100052376462031,-0.2195121737061294,0.0,0.0,2026-01-30,0,139,0,high,1497.0,3,Standard,499.0,mid,active
u000653,2026-01-12,7,0.0,0,0,0,0.0,0.0,0.0,0.0,0.0,0,0.0,0.0,7.0,0.0,0.0,0.0,0.0,0.0,0.0,0.0,2026-01-30,0,220,0,low,499.0,1,Standard,499.0,mid,expired
u000914,2026-01-12,7,56.83,2,4,0,1.0,0.0,0.0,0.0,0.0,1,97.83500000000001,6.0,7.0,0.0,1.0,0.0,-0.4191240310816781,-0.6666665555555741,0.0,0.0,2026-01-30,0,25,0,medium,299.0,1,Basic,299.0,low,active
u001360,2026-01-12,7,170.22,15,14,0,0.0,0.0,0.0,0.0,0.0,1,119.15750000000001,9.5,7.0,0.0,1.0,0.0,0.42852946370535233,0.5789473074792308,0.0,0.0,2026-01-30,0,179,0,medium,2495.0,5,Standard,499.0,mid,active
u000021,2026-01-12,7,264.0,15,28,1,0.0,0.0,0.0,0.0,0.0,1,202.17749999999998,13.0,7.0,0.0,1.0,0.0,0.3057832829776644,0.15384614201183525,0.0,0.0,2026-01-30,0,145,0,high,1996.0,4,Standard,499.0,mid,active
u001340,2026-01-12,7,39.09,5,5,0,0.0,0.0,0.0,0.0,0.0,1,59.620000000000005,5.0,7.0,0.0,1.0,0.0,-0.3443475286087298,0.0,0.0,0.0,2026-01-30,0,168,0,medium,1196.0,4,Basic,299.0,low,active
u000773,2026-01-12,7,43.19,3,3,0,0.0,0.0,0.0,0.0,0.0,1,95.5325,6.5,7.0,0.0,1.0,0.0,-0.5479025405186451,-0.5384614556213145,0.0,0.0,2026-01-30,0,269,0,high,5593.0,7,Premium,799.0,high,active
u001076,2026-01-12,7,71.1,5,8,0,0.0,0.0,0.0,0.0,0.0,1,100.8275,9.0,6.75,0.0,1.0,0.0,-0.2948352354780667,-0.44444439506173394,0.0,0.0,2026-01-30,0,229,0,high,1495.0,5,Basic,299.0,low,active
u001357,2026-01-12,7,0.0,0,0,0,0.0,0.0,0.0,0.0,0.0,0,11.04,1.0,7.0,0.0,1.0,0.0,-0.9999999094202981,-0.9999990000010001,0.0,0.0,2026-01-30,0,184,0,low,1196.0,4,Basic,299.0,low,cancelled
u000908,2026-01-12,7,0.0,0,0,0,0.0,0.0,0.0,0.0,0.0,0,0.0,0.0,7.0,0.0,0.0,0.0,0.0,0.0,0.0,0.0,2026-01-30,0,227,0,low,1495.0,5,Basic,299.0,low,cancelled
u000649,2026-01-12,7,155.95,14,19,0,0.0,0.0,0.0,0.0,0.0,1,75.73333333333333,7.0,6.0,0.0,1.0,0.0,1.0591989296760704,0.9999998571428775,0.0,0.0,2026-01-30,0,29,0,medium,299.0,1,Basic,299.0,low,active
u000905,2026-01-12,7,245.67000000000002,14,32,1,0.0,0.0,1.0,0.0,0.0,1,129.5,8.0,6.75,0.0,2.0,0.0,0.8970656301384895,0.7499999062500118,0.0,0.0,2026-01-30,0,155,0,high,1495.0,5,Basic,299.0,low,active
u000771,2026-01-12,7,86.71000000000001,8,13,0,0.0,0.0,0.0,0.0,0.0,1,74.2125,5.75,7.0,0.0,1.0,0.0,0.16840154733499685,0.39130427977316873,0.0,0.0,2026-01-30,0,107,0,low,598.0,2,Basic,299.0,low,active
u001078,2026-01-12,7,193.64000000000001,10,15,0,0.0,0.0,0.0,0.0,0.0,1,124.19,8.0,7.0,0.0,1.0,0.0,0.5592237655268238,0.24999996875000394,0.0,0.0,2026-01-30,0,229,0,medium,3493.0,7,Standard,499.0,mid,active
u001353,2026-01-12,7,66.4,5,8,0,0.0,0.0,0.0,0.0,0.0,1,49.625,3.0,7.0,1.0,2.0,1.0,0.33803525767183373,0.6666664444445185,0.499999750000125,0.499999750000125,2026-01-30,0,146,0,low,1196.0,4,Basic,299.0,low,active
u000772,2026-01-12,7,179.47,9,18,0,0.0,0.0,0.0,0.0,0.0,1,141.975,6.5,6.0,1.0,1.0,1.0,0.2640957896524333,0.38461532544379606,0.9999990000010001,0.9999990000010001,2026-01-30,1,23,0,medium,0.0,0,Basic,299.0,low,cancelled
u001356,2026-01-12,7,95.46,5,12,0,0.0,0.0,1.0,0.0,0.0,1,91.9425,5.75,6.5,1.0,2.0,1.0,0.038257606240230495,-0.13043475992438958,0.499999750000125,0.499999750000125,2026-01-30,0,146,0,medium,1196.0,4,Basic,299.0,low,active
u001354,2026-01-12,7,195.46,12,16,0,0.0,0.0,0.0,0.0,0.0,1,169.52499999999998,12.0,7.0,1.0,1.0,1.0,0.15298628430623065,0.0,0.9999990000010001,0.9999990000010001,2026-01-30,0,41,0,high,0.0,0,Standard,499.0,mid,active
u001352,2026-01-12,7,54.94,5,6,0,0.0,0.0,0.0,0.0,0.0,1,82.8075,4.75,7.0,0.0,1.0,0.0,-0.3365335224885002,0.05263156786703834,0.0,0.0,2026-01-30,0,172,0,medium,1495.0,5,Basic,299.0,low,active
u000877,2026-01-12,7,38.42,4,4,0,0.0,0.0,0.0,0.0,0.0,1,117.6875,7.5,7.0,0.0,1.0,0.0,-0.673542214138781,-0.46666660444445274,0.0,0.0,2026-01-30,0,135,0,medium,1996.0,4,Standard,499.0,mid,active
u000648,2026-01-12,7,0.0,0,0,0,0.0,0.0,0.0,0.0,0.0,0,0.0,0.0,7.0,0.0,0.0,0.0,0.0,0.0,0.0,0.0,2026-01-30,0,136,0,medium,998.0,2,Standard,499.0,mid,expired
u000907,2026-01-12,7,242.29,23,18,0,0.0,0.0,0.0,0.0,0.0,1,285.65,17.5,7.0,0.0,1.0,0.0,-0.1517941531531799,0.31428569632653164,0.0,0.0,2026-01-30,0,167,0,high,2495.0,5,Standard,499.0,mid,active
u000783,2026-01-12,7,149.64,9,13,0,0.0,0.0,0.0,0.0,0.0,1,165.12,9.25,7.0,0.0,1.0,0.0,-0.09374999943223122,-0.027027024105186585,0.0,0.0,2026-01-30,0,240,0,high,2093.0,7,Basic,299.0,low,active
u001079,2026-01-12,7,128.43,12,9,0,0.0,0.0,1.0,0.0,0.0,1,125.495,8.25,7.0,0.0,1.0,0.0,0.02338738576527046,0.45454539944904254,0.0,0.0,2026-01-30,0,166,0,high,3196.0,4,Premium,799.0,high,active
u001101,2026-01-12,7,0.0,0,0,0,0.0,0.0,0.0,0.0,0.0,0,7.455000000000007,0.5,7.0,0.0,1.0,0.0,-0.9999998658618556,-0.999998000004,0.0,0.0,2026-01-30,0,150,0,low,1196.0,4,Basic,299.0,low,cancelled
u001102,2026-01-12,6,80.22999999999999,4,7,0,0.0,0.0,0.0,0.0,0.0,1,108.13,6.25,6.75,0.0,1.0,0.0,-0.2580227480068183,-0.3599999424000092,0.0,0.0,2026-01-30,0,153,0,medium,2397.0,3,Premium,799.0,high,active
u000906,2026-01-12,7,92.95,2,12,0,0.0,0.0,0.0,0.0,0.0,1,162.8825,7.25,7.0,0.0,1.0,0.0,-0.4293432355879653,-0.7241378311534026,0.0,0.0,2026-01-30,0,92,0,high,998.0,2,Standard,499.0,mid,active
u002467,2026-01-12,7,106.26,9,12,0,0.0,0.0,1.0,0.0,0.0,1,129.665,7.25,6.75,0.0,1.0,0.0,-0.18050360405272345,0.24137927705113418,0.0,0.0,2026-01-30,0,195,0,medium,1794.0,6,Basic,299.0,low,active
u001355,2026-01-12,7,221.35,12,14,0,0.0,0.0,1.0,0.0,0.0,1,155.81,9.25,6.75,1.0,3.0,1.0,0.4206405210150791,0.29729726515705246,0.33333322222225925,0.33333322222225925,2026-01-30,0,215,0,high,2093.0,7,Basic,299.0,low,active
u000878,2026-01-12,7,0.0,0,0,0,0.0,0.0,0.0,0.0,0.0,0,0.0,0.0,7.0,1.0,1.0,1.0,0.0,0.0,0.9999990000010001,0.9999990000010001,2026-01-30,0,83,0,low,299.0,1,Basic,299.0,low,expired
u001103,2026-01-12,7,64.17999999999999,3,6,0,0.0,0.0,1.0,0.0,0.0,1,119.7175,8.0,7.0,0.0,1.0,0.0,-0.46390460489147706,-0.6249999218750099,0.0,0.0,2026-01-30,0,40,0,medium,499.0,1,Standard,499.0,mid,active
u001348,2026-01-12,7,189.8,11,20,0,0.0,0.0,0.0,0.0,0.0,1,154.7825,10.0,6.5,0.0,2.0,0.0,0.22623681471589616,0.09999999000000101,0.0,0.0,2026-01-30,0,95,0,medium,897.0,3,Basic,299.0,low,active
u000876,2026-01-12,7,134.11,19,8,0,0.0,0.0,0.0,0.0,0.0,1,120.635,10.25,7.0,0.0,1.0,0.0,0.11170058348157189,0.8536584533016144,0.0,0.0,2026-01-30,0,144,0,medium,1996.0,4,Standard,499.0,mid,active
u000904,2026-01-12,7,58.06,4,5,0,0.0,0.0,1.0,0.0,0.0,1,38.93,3.25,7.0,0.0,1.0,0.0,0.4913947985770667,0.23076915976333545,0.0,0.0,2026-01-30,0,49,0,low,499.0,1,Standard,499.0,mid,active
u001080,2026-01-12,6,248.0,10,20,1,0.0,0.0,0.0,0.0,0.0,1,236.84250000000003,11.75,6.75,0.0,1.0,0.0,0.047109365729928555,-0.1489361575373483,0.0,0.0,2026-01-30,0,61,0,high,799.0,1,Premium,799.0,high,active
u000645,2026-01-12,7,7.32,3,1,0,0.0,0.0,0.0,0.0,0.0,1,32.00499999999999,4.25,7.0,0.0,1.0,0.0,-0.7712857125047425,-0.29411757785468756,0.0,0.0,2026-01-30,0,77,0,low,598.0,2,Basic,299.0,low,active
u002495,2026-01-12,7,86.19,9,8,0,0.0,0.0,1.0,0.0,0.0,1,31.345,3.0,7.0,0.0,1.0,0.0,1.749720792798826,1.9999993333335555,0.0,0.0,2026-01-30,0,165,0,low,1495.0,5,Basic,299.0,low,active
u001349,2026-01-12,7,0.0,0,0,0,0.0,0.0,0.0,0.0,0.0,0,49.07,4.25,7.0,1.0,2.0,1.0,-0.9999999796209501,-0.9999997647059377,0.499999750000125,0.499999750000125,2026-01-30,0,86,0,medium,598.0,2,Basic,299.0,low,cancelled
u001077,2026-01-12,7,33.17,4,3,0,0.0,0.0,1.0,1.0,1.0,1,62.5725,3.75,6.75,0.0,1.0,0.0,-0.4698949143809994,0.06666664888889362,0.0,0.0,2026-01-30,0,92,0,low,598.0,2,Basic,299.0,low,active
u000049,2026-01-12,7,92.17,7,13,0,0.0,0.0,2.0,1.0,0.0,1,105.275,6.5,7.0,0.0,1.0,0.0,-0.12448349442428411,0.07692306508875922,0.0,0.0,2026-01-30,0,100,0,high,897.0,3,Basic,299.0,low,active
u001358,2026-01-12,7,132.6,8,16,0,0.0,0.0,0.0,0.0,0.0,1,61.7025,4.5,7.0,0.0,1.0,0.0,1.149021495903383,0.7777776049383099,0.0,0.0,2026-01-30,0,237,0,medium,2093.0,7,Basic,299.0,low,active
u001350,2026-01-12,7,177.17000000000002,11,15,0,0.0,0.0,0.0,0.0,0.0,1,236.45000000000002,14.0,7.0,0.0,1.0,0.0,-0.2507083939492138,-0.21428569897959293,0.0,0.0,2026-01-30,0,121,0,high,1497.0,3,Standard,499.0,mid,active
u000903,2026-01-12,7,14.59,1,2,0,0.0,0.0,0.0,0.0,0.0,1,44.1,3.25,7.0,0.0,2.0,0.0,-0.6691609825587079,-0.6923074792900064,0.0,0.0,2026-01-30,0,215,0,low,2093.0,7,Basic,299.0,low,active
u000651,2026-01-12,7,104.66999999999999,6,16,0,0.0,0.0,0.0,0.0,0.0,1,134.90249999999997,6.25,7.0,0.0,1.0,0.0,-0.2241062973324712,-0.039999993600001026,0.0,0.0,2026-01-30,0,148,0,medium,1196.0,4,Basic,299.0,low,active
u002471,2026-01-12,7,147.07,9,19,0,0.0,0.0,0.0,0.0,0.0,1,112.095,7.25,7.0,0.0,1.0,0.0,0.3120121297826653,0.24137927705113418,0.0,0.0,2026-01-30,0,47,0,high,499.0,1,Standard,499.0,mid,active
u000770,2026-01-12,7,26.9,3,3,0,0.0,0.0,0.0,0.0,0.0,1,44.86749999999999,3.5,7.0,0.0,1.0,0.0,-0.4004568919494758,-0.142857102040828,0.0,0.0,2026-01-30,0,176,0,medium,1495.0,5,Basic,299.0,low,active
u000875,2026-01-12,7,79.92999999999999,7,7,0,0.0,0.0,0.0,0.0,0.0,1,83.1275,7.5,6.5,0.0,2.0,0.0,-0.03846500810844783,-0.06666665777777896,0.0,0.0,2026-01-30,0,95,0,medium,897.0,3,Basic,299.0,low,active
u000909,2026-01-12,7,102.51,11,12,0,0.0,0.0,0.0,0.0,0.0,1,72.57249999999999,5.0,7.0,0.0,1.0,0.0,0.4125185102825658,1.199999760000048,0.0,0.0,2026-01-30,0,177,0,high,1495.0,5,Basic,299.0,low,active
u001104,2026-01-12,7,0.0,0,0,0,0.0,0.0,0.0,0.0,0.0,0,0.0,0.0,6.75,0.0,0.0,0.0,0.0,0.0,0.0,0.0,2026-01-30,0,233,0,low,0.0,0,Basic,299.0,low,expired
u001100,2026-01-12,7,176.86,12,12,0,0.0,0.0,0.0,0.0,0.0,1,92.32999999999998,6.75,7.0,0.0,1.0,0.0,0.9155204059837501,0.7777776625514574,0.0,0.0,2026-01-30,0,162,0,medium,1996.0,4,Standard,499.0,mid,active
u001351,2026-01-12,7,89.48,5,12,0,0.0,0.0,1.0,0.0,0.0,1,117.43249999999999,8.5,7.0,0.0,1.0,0.0,-0.2380303558382018,-0.4117646574394521,0.0,0.0,2026-01-30,0,255,0,medium,3992.0,8,Standard,499.0,mid,active
u002426,2026-01-12,7,210.9,11,13,0,0.0,0.0,0.0,0.0,0.0,1,285.97749999999996,16.0,7.0,1.0,2.0,1.0,-0.2625293938770378,-0.3124999804687512,0.499999750000125,0.499999750000125,2026-01-30,0,130,0,high,2397.0,3,Premium,799.0,high,active
u000002,2026-01-12,7,103.32,8,12,0,0.0,0.0,0.0,0.0,0.0,1,81.08500000000001,5.5,6.75,0.0,1.0,0.0,0.274218409394852,0.4545453719008415,0.0,0.0,2026-01-30,0,76,0,medium,598.0,2,Basic,299.0,low,active
u000650,2026-01-12,7,147.07999999999998,15,15,0,0.0,0.0,0.0,0.0,0.0,1,112.54999999999998,7.5,6.75,1.0,1.0,1.0,0.30679697639451825,0.9999998666666844,0.9999990000010001,0.9999990000010001,2026-01-30,0,58,0,high,0.0,0,Standard,499.0,mid,active
u002470,2026-01-12,7,10.3,1,2,0,0.0,0.0,0.0,0.0,0.0,1,118.47,7.25,7.0,0.0,2.0,0.0,-0.9130581504764231,-0.8620688466111935,0.0,0.0,2026-01-30,0,217,0,high,2994.0,6,Standard,499.0,mid,active
u000646,2026-01-12,7,69.53,4,12,0,0.0,0.0,1.0,0.0,0.0,1,90.985,5.0,7.0,0.0,2.0,0.0,-0.2358080976445777,-0.199999960000008,0.0,0.0,2026-01-30,0,188,0,high,2994.0,6,Standard,499.0,mid,active
u000784,2026-01-12,7,0.0,0,0,0,0.0,0.0,0.0,0.0,0.0,0,0.0,0.0,7.0,0.0,0.0,0.0,0.0,0.0,0.0,0.0,2026-01-30,0,240,0,low,897.0,3,Basic,299.0,low,cancelled
u001365,2026-01-12,7,0.0,0,0,0,0.0,0.0,0.0,0.0,0.0,0,0.0,0.0,7.0,0.0,0.0,0.0,0.0,0.0,0.0,0.0,2026-01-30,0,131,0,low,598.0,2,Basic,299.0,low,cancelled
u000901,2026-01-12,7,86.73,4,6,0,0.0,0.0,0.0,0.0,0.0,1,72.33500000000001,3.25,7.0,0.0,1.0,0.0,0.19900462847854242,0.23076915976333545,0.0,0.0,2026-01-30,0,269,0,medium,2392.0,8,Basic,299.0,low,active
u000641,2026-01-12,7,22.5,3,2,0,0.0,0.0,1.0,0.0,0.0,1,37.62499999999999,3.5,6.75,0.0,1.0,0.0,-0.40199334479751897,-0.142857102040828,0.0,0.0,2026-01-30,0,102,0,low,1497.0,3,Standard,499.0,mid,active
u001327,2026-01-12,7,0.0,0,0,0,0.0,0.0,0.0,0.0,0.0,0,0.0,0.0,7.0,1.0,1.0,1.0,0.0,0.0,0.9999990000010001,0.9999990000010001,2026-01-30,0,100,0,medium,299.0,1,Basic,299.0,low,expired
u000660,2026-01-12,7,88.6,5,10,0,0.0,0.0,1.0,0.0,0.0,1,49.989999999999995,3.25,6.75,0.0,1.0,0.0,0.7723544554439998,0.538461372781116,0.0,0.0,2026-01-30,0,198,0,low,1794.0,6,Basic,299.0,low,active
u000788,2026-01-12,7,179.98000000000002,11,22,0,0.0,0.0,1.0,1.0,0.0,1,188.79,11.75,7.0,0.0,2.0,0.0,-0.04666560704133888,-0.0638297818017207,0.0,0.0,2026-01-30,0,98,0,high,1497.0,3,Standard,499.0,mid,active
u001113,2026-01-12,7,0.0,0,0,0,0.0,0.0,0.0,0.0,0.0,0,0.0,0.0,7.0,0.0,0.0,0.0,0.0,0.0,0.0,0.0,2026-01-30,0,222,0,low,1495.0,5,Basic,299.0,low,cancelled
u000869,2026-01-12,7,0.0,0,0,0,0.0,0.0,1.0,0.0,0.0,0,0.0,0.0,7.0,1.0,1.0,1.0,0.0,0.0,0.9999990000010001,0.9999990000010001,2026-01-30,0,158,0,medium,2397.0,3,Premium,799.0,high,expired
u001097,2026-01-12,7,0.0,0,0,0,0.0,0.0,0.0,0.0,0.0,1,19.9475,1.0,7.0,0.0,1.0,0.0,-0.999999949868407,-0.9999990000010001,0.0,0.0,2026-01-30,0,61,0,low,299.0,1,Basic,299.0,low,active
u001328,2026-01-12,7,133.19,8,17,0,0.0,0.0,0.0,0.0,0.0,1,75.14,5.75,7.0,0.0,2.0,0.0,0.772557881653475,0.39130427977316873,0.0,0.0,2026-01-30,0,249,0,low,2392.0,8,Basic,299.0,low,active
u000924,2026-01-12,7,35.28,3,5,0,0.0,0.0,1.0,1.0,0.0,1,53.4525,4.5,7.0,0.0,1.0,0.0,-0.339974737571213,-0.3333332592592757,0.0,0.0,2026-01-30,0,234,0,low,2093.0,7,Basic,299.0,low,active
u000782,2026-01-12,7,0.0,0,0,0,0.0,0.0,1.0,0.0,0.0,0,0.0,0.0,6.75,0.0,0.0,0.0,0.0,0.0,0.0,0.0,2026-01-30,0,111,0,low,998.0,2,Standard,499.0,mid,cancelled
u000026,2026-01-12,7,0.0,0,0,0,0.0,0.0,1.0,0.0,0.0,0,0.0,0.0,7.0,0.0,0.0,0.0,0.0,0.0,0.0,0.0,2026-01-30,0,109,0,medium,1598.0,2,Premium,799.0,high,cancelled
u002498,2026-01-12,7,218.96,12,13,0,0.0,0.0,0.0,0.0,0.0,1,208.4325,12.5,7.0,0.0,1.0,0.0,0.0505079579695683,-0.039999996800000256,0.0,0.0,2026-01-30,0,48,0,high,499.0,1,Standard,499.0,mid,active
u001329,2026-01-12,7,39.35,5,4,0,0.0,0.0,1.0,0.0,0.0,1,65.945,4.5,7.0,0.0,2.0,0.0,-0.4032906148564619,0.11111108641975857,0.0,0.0,2026-01-30,0,101,0,low,897.0,3,Basic,299.0,low,active
u002492,2026-01-12,7,80.91,5,10,0,0.0,0.0,0.0,0.0,0.0,1,94.5875,6.25,7.0,0.0,1.0,0.0,-0.14460155787390988,-0.1999999680000051,0.0,0.0,2026-01-30,0,204,0,medium,1794.0,6,Basic,299.0,low,active
u001070,2026-01-12,7,95.43,5,17,0,0.0,0.0,1.0,0.0,0.0,1,91.8525,5.25,6.75,0.0,1.0,0.0,0.03894831344875411,-0.04761903854875456,0.0,0.0,2026-01-30,0,268,0,medium,6392.0,8,Premium,799.0,high,active
u000899,2026-01-12,7,133.32999999999998,8,8,0,0.0,0.0,1.0,0.0,0.0,1,78.0175,4.75,7.0,0.0,1.0,0.0,0.7089755412699003,0.6842103822714984,0.0,0.0,2026-01-30,0,253,0,medium,2093.0,7,Basic,299.0,low,active
u000638,2026-01-12,6,66.01,7,7,0,0.0,0.0,0.0,0.0,0.0,1,88.89,8.0,6.75,0.0,1.0,0.0,-0.2573967796445406,-0.12499998437500197,0.0,0.0,2026-01-30,0,196,0,medium,2994.0,6,Standard,499.0,mid,active
u001330,2026-01-12,7,38.11,2,5,0,0.0,0.0,1.0,0.0,0.0,1,99.10000000000001,8.0,7.0,0.0,2.0,0.0,-0.615438944344713,-0.7499999062500118,0.0,0.0,2026-01-30,0,185,0,medium,2994.0,6,Standard,499.0,mid,active
u000764,2026-01-12,7,72.13,6,9,0,0.0,0.0,0.0,0.0,0.0,1,36.95,3.5,6.0,0.0,1.0,0.0,0.9520974031908684,0.7142855102041399,0.0,0.0,2026-01-30,0,36,0,low,299.0,1,Basic,299.0,low,active
u001112,2026-01-12,7,152.37,11,15,0,0.0,0.0,0.0,0.0,0.0,1,239.5875,15.75,7.0,0.0,1.0,0.0,-0.36403192836006915,-0.3015872824389027,0.0,0.0,2026-01-30,0,212,0,high,4794.0,6,Premium,799.0,high,active
u001362,2026-01-12,7,0.0,0,0,0,0.0,0.0,0.0,0.0,0.0,0,0.0,0.0,6.75,0.0,0.0,0.0,0.0,0.0,0.0,0.0,2026-01-30,0,254,0,low,3196.0,4,Premium,799.0,high,expired
u002429,2026-01-12,7,38.239999999999995,3,6,0,0.0,0.0,0.0,0.0,0.0,1,52.89,4.0,7.0,0.0,1.0,0.0,-0.27698997396502234,-0.24999993750001562,0.0,0.0,2026-01-30,0,81,0,medium,598.0,2,Basic,299.0,low,active
u001331,2026-01-12,7,145.76,18,18,0,0.0,0.0,1.0,0.0,0.0,1,83.255,8.0,6.75,0.0,2.0,0.0,0.7507657107589248,1.2499998437500197,0.0,0.0,2026-01-30,0,158,0,medium,2495.0,5,Standard,499.0,mid,active
u000659,2026-01-12,7,161.07999999999998,12,13,0,0.0,0.0,0.0,0.0,0.0,1,152.6825,8.0,7.0,0.0,2.0,0.0,0.05499975403206147,0.4999999375000079,0.0,0.0,2026-01-30,0,252,0,high,3992.0,8,Standard,499.0,mid,active
u000870,2026-01-12,7,90.17999999999999,6,13,0,0.0,0.0,0.0,0.0,0.0,1,110.0325,6.75,7.0,0.0,1.0,0.0,-0.1804239640067802,-0.1111110946502082,0.0,0.0,2026-01-30,0,260,0,medium,6392.0,8,Premium,799.0,high,active
u001363,2026-01-12,7,80.19,5,5,0,0.0,0.0,0.0,0.0,0.0,1,100.10249999999999,5.75,6.75,1.0,2.0,1.0,-0.19892110387931264,-0.13043475992438958,0.499999750000125,0.499999750000125,2026-01-30,0,182,0,medium,2495.0,5,Standard,499.0,mid,active
u000637,2026-01-12,7,10.12,1,1,0,0.0,0.0,0.0,0.0,0.0,1,34.7975,3.0,6.75,0.0,1.0,0.0,-0.7091744892830093,-0.6666664444445185,0.0,0.0,2026-01-30,0,211,0,low,1794.0,6,Basic,299.0,low,active
u001085,2026-01-12,7,19.56,2,3,0,0.0,0.0,0.0,0.0,0.0,1,44.875,3.5,7.0,1.0,2.0,1.0,-0.5641225501031187,-0.42857130612248395,0.499999750000125,0.499999750000125,2026-01-30,0,220,0,medium,3493.0,7,Standard,499.0,mid,active
u001068,2026-01-12,7,0.0,0,0,0,0.0,0.0,0.0,0.0,0.0,0,0.0,0.0,7.0,0.0,0.0,0.0,0.0,0.0,0.0,0.0,2026-01-30,0,110,0,low,499.0,1,Standard,499.0,mid,cancelled
u001114,2026-01-12,7,235.56,12,28,1,0.0,0.0,0.0,0.0,0.0,1,140.83249999999998,8.75,7.0,0.0,1.0,0.0,0.6726252770303357,0.3714285289795967,0.0,0.0,2026-01-30,0,197,0,high,2994.0,6,Standard,499.0,mid,active
u000898,2026-01-12,7,141.66,9,14,0,0.0,0.0,0.0,0.0,0.0,1,95.32249999999999,7.25,7.0,0.0,1.0,0.0,0.48611292731398237,0.24137927705113418,0.0,0.0,2026-01-30,0,257,0,medium,3992.0,8,Standard,499.0,mid,active
u000867,2026-01-12,7,119.31,11,17,0,0.0,0.0,0.0,0.0,0.0,1,56.94,5.0,7.0,0.0,2.0,0.0,1.0953635213318667,1.199999760000048,0.0,0.0,2026-01-30,0,65,0,low,598.0,2,Basic,299.0,low,active
u001323,2026-01-12,7,92.0,7,7,0,0.0,0.0,0.0,0.0,0.0,1,116.515,7.0,7.0,1.0,3.0,1.0,-0.21040209234517365,0.0,0.33333322222225925,0.33333322222225925,2026-01-30,0,133,0,high,1996.0,4,Standard,499.0,mid,active
u001364,2026-01-12,7,240.31,17,27,1,0.0,0.0,1.0,1.0,0.0,1,179.0475,11.5,6.5,0.0,2.0,0.0,0.342157805374787,0.47826082797731934,0.0,0.0,2026-01-30,0,220,0,high,5593.0,7,Premium,799.0,high,active
u001324,2026-01-12,7,200.87,13,18,0,0.0,0.0,2.0,0.0,0.0,1,147.92249999999999,11.0,7.0,0.0,1.0,0.0,0.35794081118193116,0.1818181652892577,0.0,0.0,2026-01-30,0,48,0,high,499.0,1,Standard,499.0,mid,active
u000024,2026-01-12,7,209.84,15,15,0,0.0,0.0,1.0,0.0,0.0,1,144.505,10.0,6.75,0.0,1.0,0.0,0.4521296809651592,0.499999950000005,0.0,0.0,2026-01-30,0,38,0,medium,499.0,1,Standard,499.0,mid,active
u000868,2026-01-12,7,40.76,2,8,0,0.0,0.0,0.0,0.0,0.0,1,87.25999999999999,5.75,7.0,0.0,1.0,0.0,-0.532890207049161,-0.6521737996219479,0.0,0.0,2026-01-30,0,60,0,medium,499.0,1,Standard,499.0,mid,active
u000925,2026-01-12,7,46.59,5,8,0,0.0,0.0,0.0,0.0,0.0,1,58.915,3.75,7.0,0.0,1.0,0.0,-0.20919969092421803,0.33333324444446816,0.0,0.0,2026-01-30,0,208,0,high,2994.0,6,Standard,499.0,mid,active
u001325,2026-01-12,6,0.0,0,0,0,0.0,0.0,0.0,0.0,0.0,0,67.7975,2.5,6.75,1.0,1.0,1.0,-0.9999999852501938,-0.99999960000016,0.9999990000010001,0.9999990000010001,2026-01-30,0,53,0,medium,0.0,0,Standard,499.0,mid,expired
u001069,2026-01-12,7,133.79,4,10,1,0.0,0.0,0.0,0.0,0.0,1,145.5875,7.0,6.75,1.0,3.0,1.0,-0.08103374203806145,-0.4285713673469475,0.33333322222225925,0.33333322222225925,2026-01-30,0,187,0,medium,1794.0,6,Basic,299.0,low,active
u000661,2026-01-12,7,36.870000000000005,4,6,0,0.0,0.0,2.0,0.0,0.0,1,65.1375,7.25,7.0,0.0,1.0,0.0,-0.43396660243382684,-0.44827580023782065,0.0,0.0,2026-01-30,0,226,0,low,2093.0,7,Basic,299.0,low,active
u001096,2026-01-12,7,20.16,1,2,0,0.0,0.0,0.0,0.0,0.0,1,53.835,4.0,7.0,0.0,2.0,0.0,-0.6255224180268892,-0.7499998125000469,0.0,0.0,2026-01-30,0,250,0,medium,2093.0,7,Basic,299.0,low,active
u000762,2026-01-12,7,80.81,6,10,0,0.0,0.0,1.0,0.0,0.0,1,162.3,10.0,7.0,1.0,2.0,1.0,-0.502094882919933,-0.39999996000000404,0.499999750000125,0.499999750000125,2026-01-30,0,132,0,high,1497.0,3,Standard,499.0,mid,active
u000926,2026-01-12,7,12.92,1,1,0,0.0,0.0,0.0,0.0,0.0,1,28.6,1.25,5.5,0.0,1.0,0.0,-0.5482517290821074,-0.19999984000012802,0.0,0.0,2026-01-30,0,33,0,low,499.0,1,Standard,499.0,mid,active
u002425,2026-01-12,7,0.0,0,0,0,0.0,0.0,0.0,0.0,0.0,0,0.0,0.0,7.0,0.0,1.0,0.0,0.0,0.0,0.0,0.0,2026-01-30,0,183,0,medium,1495.0,5,Basic,299.0,low,cancelled
u000883,2026-01-12,7,0.0,0,0,0,0.0,0.0,0.0,0.0,0.0,0,0.0,0.0,7.0,0.0,0.0,0.0,0.0,0.0,0.0,0.0,2026-01-30,0,158,0,low,299.0,1,Basic,299.0,low,expired
u001326,2026-01-12,7,27.43,1,6,0,0.0,0.0,0.0,0.0,0.0,1,51.36750000000001,3.5,7.0,0.0,1.0,0.0,-0.46600476048075623,-0.7142855102041399,0.0,0.0,2026-01-30,0,223,0,low,2093.0,7,Basic,299.0,low,active
u000001,2026-01-12,7,0.0,0,0,0,0.0,0.0,0.0,0.0,0.0,0,0.0,0.0,7.0,0.0,0.0,0.0,0.0,0.0,0.0,0.0,2026-01-30,0,248,0,low,1495.0,5,Basic,299.0,low,cancelled
u000763,2026-01-12,6,291.65,17,23,1,0.0,0.0,0.0,0.0,0.0,1,219.7033333333333,14.666666666666666,6.666666666666667,0.0,1.0,0.0,0.3274718924270371,0.15909089824380246,0.0,0.0,2026-01-30,0,32,0,high,799.0,1,Premium,799.0,high,active
u000927,2026-01-12,7,92.67,8,7,0,0.0,0.0,2.0,1.0,0.0,1,88.6875,7.5,7.0,0.0,1.0,0.0,0.04490486207295436,0.06666665777777896,0.0,0.0,2026-01-30,0,135,0,medium,1996.0,4,Standard,499.0,mid,active
u001058,2026-01-12,7,124.18,5,8,0,0.0,0.0,0.0,0.0,0.0,1,140.545,8.25,7.0,0.0,1.0,0.0,-0.11643957368501483,-0.3939393461891702,0.0,0.0,2026-01-30,0,77,0,high,998.0,2,Standard,499.0,mid,active
u002493,2026-01-12,7,51.739999999999995,3,3,0,0.0,0.0,0.0,0.0,0.0,1,44.3375,2.25,6.5,0.0,1.0,0.0,0.166957988904246,0.333333185185251,0.0,0.0,2026-01-30,0,37,0,low,299.0,1,Basic,299.0,low,active
u000923,2026-01-12,7,93.4,10,7,0,0.0,0.0,0.0,0.0,0.0,1,80.765,6.75,7.0,1.0,2.0,1.0,0.15644152595255964,0.4814814101509022,0.499999750000125,0.499999750000125,2026-01-30,1,158,0,medium,1196.0,4,Basic,299.0,low,expired
u001337,2026-01-12,7,38.480000000000004,2,3,0,0.0,0.0,0.0,0.0,0.0,1,80.495,4.5,6.75,0.0,1.0,0.0,-0.5219578790986039,-0.5555554320987929,0.0,0.0,2026-01-30,0,110,0,high,2397.0,3,Premium,799.0,high,active
u000882,2026-01-12,7,145.72,8,13,0,0.0,0.0,0.0,0.0,0.0,1,113.82750000000001,5.75,7.0,0.0,1.0,0.0,0.2801827301822253,0.39130427977316873,0.0,0.0,2026-01-30,0,57,0,high,799.0,1,Premium,799.0,high,active
u000657,2026-01-12,7,0.0,0,0,0,0.0,0.0,0.0,0.0,0.0,0,0.0,0.0,7.0,0.0,0.0,0.0,0.0,0.0,0.0,0.0,2026-01-30,0,78,0,medium,799.0,1,Premium,799.0,high,cancelled
u001083,2026-01-12,7,270.98,16,28,0,0.0,0.0,0.0,0.0,0.0,1,150.00666666666666,8.333333333333334,6.333333333333333,0.0,1.0,0.0,0.8064530411551508,0.9199998896000132,0.0,0.0,2026-01-30,0,30,0,high,499.0,1,Standard,499.0,mid,active
u002424,2026-01-12,7,128.57,7,12,0,0.0,0.0,0.0,0.0,0.0,1,123.0375,7.75,7.0,0.0,2.0,0.0,0.044965965295410214,-0.09677418106139599,0.0,0.0,2026-01-30,0,63,0,medium,598.0,2,Basic,299.0,low,active
u001110,2026-01-12,7,31.009999999999998,3,5,0,0.0,0.0,0.0,0.0,0.0,1,30.097500000000004,2.0,6.75,1.0,1.0,1.0,0.030318131727946257,0.499999750000125,0.9999990000010001,0.9999990000010001,2026-01-30,0,259,0,low,2093.0,7,Basic,299.0,low,active
u000881,2026-01-12,7,10.17,1,1,0,0.0,0.0,0.0,0.0,0.0,1,48.57,3.75,6.75,1.0,3.0,1.0,-0.7906114722954196,-0.7333331377778299,0.33333322222225925,0.33333322222225925,2026-01-30,0,249,0,low,3992.0,8,Standard,499.0,mid,active
u000919,2026-01-12,7,297.53000000000003,15,28,1,0.0,0.0,0.0,0.0,0.0,1,258.73,13.25,7.0,1.0,2.0,1.0,0.1499632816064497,0.13207546173015383,0.499999750000125,0.499999750000125,2026-01-30,0,207,0,high,4794.0,6,Premium,799.0,high,active
u000775,2026-01-12,7,60.06,2,5,0,0.0,0.0,0.0,0.0,0.0,1,82.5625,4.0,7.0,0.0,1.0,0.0,-0.2725510943521442,-0.49999987500003124,0.0,0.0,2026-01-30,0,58,0,medium,499.0,1,Standard,499.0,mid,active
u001338,2026-01-12,7,0.0,0,0,0,0.0,0.0,0.0,0.0,0.0,0,0.0,0.0,7.0,0.0,0.0,0.0,0.0,0.0,0.0,0.0,2026-01-30,0,196,0,low,598.0,2,Basic,299.0,low,cancelled
u000920,2026-01-12,7,66.71,5,8,0,0.0,0.0,0.0,0.0,0.0,1,39.67999999999999,3.0,7.0,0.0,1.0,0.0,0.6811995796068656,0.6666664444445185,0.0,0.0,2026-01-30,0,111,0,medium,897.0,3,Basic,299.0,low,active
u001073,2026-01-12,7,89.25,4,9,0,0.0,0.0,0.0,0.0,0.0,1,82.5725,4.5,7.0,0.0,1.0,0.0,0.0808683268537548,-0.11111108641975857,0.0,0.0,2026-01-30,0,81,0,medium,598.0,2,Basic,299.0,low,active
u000767,2026-01-12,7,0.0,0,0,0,0.0,0.0,0.0,0.0,0.0,0,0.0,0.0,6.75,0.0,0.0,0.0,0.0,0.0,0.0,0.0,2026-01-30,0,117,0,medium,998.0,2,Standard,499.0,mid,cancelled
u002468,2026-01-12,7,133.56,10,17,0,0.0,0.0,1.0,1.0,0.0,1,108.62,7.0,7.0,1.0,2.0,1.0,0.22960780491983238,0.4285713673469475,0.499999750000125,0.499999750000125,2026-01-30,0,100,0,high,598.0,2,Basic,299.0,low,active
u000786,2026-01-12,7,0.0,0,0,0,0.0,0.0,0.0,0.0,0.0,1,29.8375,1.75,7.0,0.0,2.0,0.0,-0.9999999664851289,-0.9999994285717552,0.0,0.0,2026-01-30,0,123,0,low,1196.0,4,Basic,299.0,low,active
u001339,2026-01-12,7,88.05,5,13,0,0.0,0.0,0.0,0.0,0.0,0,104.77250000000001,6.0,7.0,1.0,1.0,1.0,-0.1596077199684296,-0.16666663888889352,0.9999990000010001,0.9999990000010001,2026-01-30,0,76,0,high,499.0,1,Standard,499.0,mid,expired
u000872,2026-01-12,7,336.51,15,32,1,0.0,0.0,0.0,0.0,0.0,1,311.4525,17.75,7.0,0.0,2.0,0.0,0.08045368047951558,-0.15492956873636232,0.0,0.0,2026-01-30,0,220,0,high,4794.0,6,Premium,799.0,high,active
u000656,2026-01-12,7,165.8,7,14,0,0.0,0.0,0.0,0.0,0.0,1,153.82750000000001,8.25,7.0,0.0,1.0,0.0,0.07783068646483438,-0.15151513314968085,0.0,0.0,2026-01-30,0,137,0,high,1196.0,4,Basic,299.0,low,active
u000047,2026-01-12,7,21.25,2,3,0,0.0,0.0,0.0,0.0,0.0,1,264.84631287416397,5.25,7.0,1.0,3.0,1.0,-0.9197647847570328,-0.6190475011338092,0.33333322222225925,0.33333322222225925,2026-01-30,0,159,0,high,2495.0,5,Standard,499.0,mid,active
u002494,2026-01-12,7,54.959999999999994,3,6,0,0.0,0.0,0.0,0.0,0.0,1,100.7375,6.5,7.0,0.0,1.0,0.0,-0.4544236212490521,-0.5384614556213145,0.0,0.0,2026-01-30,0,117,0,high,1497.0,3,Standard,499.0,mid,active
u000918,2026-01-12,7,49.23,3,2,0,0.0,0.0,0.0,0.0,0.0,1,51.932500000000005,2.0,6.75,0.0,2.0,0.0,-0.05203870308499118,0.499999750000125,0.0,0.0,2026-01-30,0,74,0,low,598.0,2,Basic,299.0,low,active
u002466,2026-01-12,7,0.0,0,0,0,0.0,0.0,1.0,0.0,0.0,0,4.217499999999997,0.75,7.0,0.0,1.0,0.0,-0.9999997628927652,-0.9999986666684444,0.0,0.0,2026-01-30,0,221,0,low,1794.0,6,Basic,299.0,low,cancelled
u000051,2026-01-12,7,50.129999999999995,4,6,0,0.0,0.0,0.0,0.0,0.0,1,65.0175,3.25,6.75,0.0,1.0,0.0,-0.22897681041293796,0.23076915976333545,0.0,0.0,2026-01-30,0,80,0,medium,598.0,2,Basic,299.0,low,active
u002423,2026-01-12,7,172.03,16,19,0,0.0,0.0,0.0,0.0,0.0,1,153.78007680891903,7.0,7.0,0.0,1.0,0.0,0.11867547117356508,1.2857141020408425,0.0,0.0,2026-01-30,0,244,0,medium,2093.0,7,Basic,299.0,low,active
u001072,2026-01-12,7,37.06,6,2,0,0.0,0.0,0.0,0.0,0.0,1,34.477500000000006,3.75,7.0,0.0,2.0,0.0,0.07490392067568923,0.5999998400000427,0.0,0.0,2026-01-30,0,218,0,medium,2093.0,7,Basic,299.0,low,active
u001336,2026-01-12,7,99.81,5,13,0,1.0,0.0,0.0,0.0,0.0,1,70.96000000000001,3.5,4.5,0.0,1.0,0.0,0.406567074315571,0.42857130612248395,0.0,0.0,2026-01-30,0,20,0,high,299.0,1,Basic,299.0,low,active
u001332,2026-01-12,7,43.65,6,6,0,0.0,0.0,0.0,0.0,0.0,1,119.17500000000001,9.0,7.0,0.0,1.0,0.0,-0.6337319015420021,-0.33333329629630043,0.0,0.0,2026-01-30,0,90,0,high,998.0,2,Standard,499.0,mid,active
u000658,2026-01-12,7,17.04,2,1,0,0.0,0.0,0.0,0.0,0.0,1,45.5325,4.5,7.0,0.0,1.0,0.0,-0.6257618047381145,-0.5555554320987929,0.0,0.0,2026-01-30,0,112,0,low,897.0,3,Basic,299.0,low,active
u000003,2026-01-12,7,0.0,0,0,0,0.0,0.0,1.0,1.0,0.0,0,94.56500000000001,6.0,7.0,1.0,1.0,1.0,-0.9999999894252631,-0.9999998333333611,0.9999990000010001,0.9999990000010001,2026-01-30,0,106,0,medium,998.0,2,Standard,499.0,mid,cancelled
u001071,2026-01-12,7,0.0,0,0,0,0.0,0.0,0.0,0.0,0.0,0,0.0,0.0,7.0,0.0,0.0,0.0,0.0,0.0,0.0,0.0,2026-01-30,0,101,0,low,299.0,1,Basic,299.0,low,cancelled
u001084,2026-01-12,7,70.57,3,4,0,0.0,0.0,0.0,0.0,0.0,1,128.02499999999998,7.5,7.0,0.0,2.0,0.0,-0.4487795317416166,-0.5999999200000107,0.0,0.0,2026-01-30,0,131,0,medium,1196.0,4,Basic,299.0,low,active
u001098,2026-01-12,7,0.0,0,0,0,0.0,0.0,0.0,0.0,0.0,0,0.0,0.0,7.0,0.0,0.0,0.0,0.0,0.0,0.0,0.0,2026-01-30,0,81,0,low,299.0,1,Basic,299.0,low,cancelled
u000776,2026-01-12,6,150.73000000000002,9,13,0,0.0,0.0,0.0,0.0,0.0,1,142.25,8.333333333333334,6.666666666666667,1.0,1.0,1.0,0.05961335634718216,0.07999999040000108,0.9999990000010001,0.9999990000010001,2026-01-30,1,32,0,high,0.0,0,Premium,799.0,high,expired
u000787,2026-01-12,6,104.79,8,14,0,0.0,0.0,0.0,0.0,0.0,1,98.50999999999999,7.0,6.75,0.0,1.0,0.0,0.06374987246218804,0.1428571224489825,0.0,0.0,2026-01-30,0,262,0,medium,2392.0,8,Basic,299.0,low,active
u000900,2026-01-12,7,72.35,5,9,0,0.0,0.0,0.0,0.0,0.0,1,119.20750000000001,7.75,7.0,0.0,1.0,0.0,-0.393075096843109,-0.3548386638917853,0.0,0.0,2026-01-30,0,116,0,high,897.0,3,Basic,299.0,low,active
u001333,2026-01-12,7,74.55,2,5,0,0.0,0.0,0.0,0.0,0.0,1,93.13499999999999,6.5,6.75,0.0,1.0,0.0,-0.19954903957106304,-0.6923075857988329,0.0,0.0,2026-01-30,0,164,0,medium,1495.0,5,Basic,299.0,low,active
u001361,2026-01-12,7,0.0,0,0,0,0.0,0.0,0.0,0.0,0.0,0,0.0,0.0,7.0,0.0,0.0,0.0,0.0,0.0,0.0,0.0,2026-01-30,0,250,0,low,598.0,2,Basic,299.0,low,cancelled
u000922,2026-01-12,7,0.0,0,0,0,0.0,0.0,0.0,0.0,0.0,1,43.42,3.75,7.0,1.0,3.0,1.0,-0.9999999769691392,-0.9999997333334044,0.33333322222225925,0.33333322222225925,2026-01-30,1,127,0,low,1196.0,4,Basic,299.0,low,cancelled
u000765,2026-01-12,7,20.05,1,5,0,0.0,0.0,0.0,0.0,0.0,1,32.2475,2.5,7.0,0.0,1.0,0.0,-0.3782463639585592,-0.5999997600000959,0.0,0.0,2026-01-30,0,180,0,low,1495.0,5,Basic,299.0,low,active
u001334,2026-01-12,7,72.34,8,9,0,0.0,0.0,0.0,0.0,0.0,1,71.1725,6.75,7.0,0.0,2.0,0.0,0.016403807419947264,0.185185157750347,0.0,0.0,2026-01-30,1,68,0,low,598.0,2,Basic,299.0,low,cancelled
u002428,2026-01-12,7,0.0,0,0,0,0.0,0.0,0.0,0.0,0.0,0,0.0,0.0,7.0,0.0,0.0,0.0,0.0,0.0,0.0,0.0,2026-01-30,0,174,0,low,1497.0,3,Standard,499.0,mid,expired
u002497,2026-01-12,7,229.99,15,29,1,0.0,0.0,0.0,0.0,0.0,1,190.65750000000003,10.5,6.75,0.0,2.0,0.0,0.2062992528156549,0.42857138775510595,0.0,0.0,2026-01-30,0,69,0,high,1598.0,2,Premium,799.0,high,active
u000871,2026-01-12,7,89.83,6,9,0,0.0,0.0,0.0,0.0,0.0,1,86.85,4.25,7.0,0.0,1.0,0.0,0.034312031844421095,0.4117646089965626,0.0,0.0,2026-01-30,0,156,0,medium,1196.0,4,Basic,299.0,low,active
u000766,2026-01-12,7,134.41,13,16,0,0.0,0.0,0.0,0.0,0.0,1,85.46000000000001,7.25,7.0,0.0,1.0,0.0,0.5727825816430775,0.7931033388822981,0.0,0.0,2026-01-30,0,75,0,medium,598.0,2,Basic,299.0,low,active
u000640,2026-01-12,7,123.96000000000001,12,19,0,0.0,0.0,0.0,0.0,0.0,1,140.61,10.666666666666666,7.0,0.0,1.0,0.0,-0.11841262983847077,0.12499998828125117,0.0,0.0,2026-01-30,0,32,0,high,499.0,1,Standard,499.0,mid,active
u001335,2026-01-12,6,40.5,2,4,0,0.0,0.0,0.0,0.0,0.0,1,200.48000000000002,14.25,6.75,0.0,1.0,0.0,-0.7979848324122863,-0.8596490624807676,0.0,0.0,2026-01-30,0,137,0,high,3196.0,4,Premium,799.0,high,active
u000921,2026-01-12,7,46.91,5,7,0,0.0,0.0,0.0,0.0,0.0,1,55.9075,4.25,7.0,0.0,1.0,0.0,-0.16093547089504148,0.17647054671281254,0.0,0.0,2026-01-30,0,51,0,medium,299.0,1,Basic,299.0,low,active
u001111,2026-01-12,7,138.88,7,15,0,0.0,0.0,1.0,0.0,0.0,1,139.65,8.5,7.0,0.0,1.0,0.0,-0.005513784421670074,-0.1764705674740509,0.0,0.0,2026-01-30,0,112,0,high,1497.0,3,Standard,499.0,mid,active
u000639,2026-01-12,7,137.96,6,22,0,0.0,0.0,0.0,0.0,0.0,1,239.3971359520111,6.75,7.0,0.0,1.0,0.0,-0.42371908554756404,-0.1111110946502082,0.0,0.0,2026-01-30,0,72,0,medium,998.0,2,Standard,499.0,mid,cancelled
u002472,2026-01-12,7,23.19,1,1,0,0.0,0.0,0.0,0.0,0.0,1,33.84,3.0,7.0,0.0,2.0,0.0,-0.3147163027566105,-0.6666664444445185,0.0,0.0,2026-01-30,0,246,0,medium,3992.0,8,Standard,499.0,mid,active
u000041,2026-01-12,7,163.35,11,14,0,0.0,0.0,0.0,0.0,0.0,1,61.2875,4.75,7.0,0.0,1.0,0.0,1.6653069277535073,1.3157891966759585,0.0,0.0,2026-01-30,0,229,0,low,2093.0,7,Basic,299.0,low,active
u001296,2026-01-12,7,40.96,1,5,0,0.0,0.0,0.0,0.0,0.0,1,138.41000000000003,8.25,7.0,0.0,1.0,0.0,-0.7040676200847654,-0.8787877722681489,0.0,0.0,2026-01-30,0,141,0,high,2397.0,3,Premium,799.0,high,active
u001221,2026-01-12,7,120.98,5,9,0,0.0,0.0,0.0,0.0,0.0,1,105.14750000000001,6.5,7.0,0.0,1.0,0.0,0.15057419196296443,-0.23076919526627765,0.0,0.0,2026-01-30,0,107,0,high,1497.0,3,Standard,499.0,mid,active
u000713,2026-01-12,7,0.0,0,0,0,0.0,0.0,0.0,0.0,0.0,1,62.17,5.5,7.0,0.0,1.0,0.0,-0.9999999839150718,-0.9999998181818512,0.0,0.0,2026-01-30,0,88,0,medium,598.0,2,Basic,299.0,low,active
u000995,2026-01-12,7,0.0,0,0,0,0.0,0.0,0.0,0.0,0.0,0,0.0,0.0,7.0,0.0,0.0,0.0,0.0,0.0,0.0,0.0,2026-01-30,0,138,0,low,598.0,2,Basic,299.0,low,cancelled
u000011,2026-01-12,7,143.88,10,16,0,0.0,0.0,1.0,0.0,0.0,1,204.725,12.25,7.0,0.0,1.0,0.0,-0.297203564307224,-0.18367345439400373,0.0,0.0,2026-01-30,0,138,0,high,3196.0,4,Premium,799.0,high,active
u001031,2026-01-12,7,38.99,4,3,0,0.0,0.0,0.0,0.0,0.0,1,62.7425,4.0,7.0,0.0,1.0,0.0,-0.3785711379277023,0.0,0.0,0.0,2026-01-30,0,148,0,medium,1196.0,4,Basic,299.0,low,active
u001222,2026-01-12,6,60.78,5,3,0,0.0,0.0,0.0,0.0,0.0,1,59.1875,5.75,6.75,0.0,2.0,0.0,0.026906018552802242,-0.13043475992438958,0.0,0.0,2026-01-30,0,132,0,medium,897.0,3,Basic,299.0,low,active
u002458,2026-01-12,7,0.0,0,0,0,0.0,0.0,0.0,0.0,0.0,1,30.747500000000002,1.75,6.25,0.0,1.0,0.0,-0.9999999674770317,-0.9999994285717552,0.0,0.0,2026-01-30,1,36,0,low,299.0,1,Basic,299.0,low,cancelled
u000806,2026-01-12,7,96.41,5,5,0,0.0,0.0,0.0,0.0,0.0,1,145.73,7.25,7.0,1.0,1.0,1.0,-0.3384340881188905,-0.3103447847800297,0.9999990000010001,0.9999990000010001,2026-01-30,1,74,0,medium,299.0,1,Basic,299.0,low,expired
u001223,2026-01-12,7,216.78,15,22,1,0.0,0.0,0.0,0.0,0.0,1,98.82333333333334,6.666666666666667,5.666666666666667,0.0,1.0,0.0,1.1936114831826679,1.2499998125000278,0.0,0.0,2026-01-30,0,29,0,medium,299.0,1,Basic,299.0,low,active
u000738,2026-01-12,6,0.0,0,0,0,0.0,0.0,0.0,0.0,0.0,0,0.0,0.0,6.75,0.0,0.0,0.0,0.0,0.0,0.0,0.0,2026-01-30,0,187,0,low,897.0,3,Basic,299.0,low,cancelled
u000826,2026-01-12,7,54.13,4,6,0,0.0,0.0,1.0,0.0,0.0,1,105.1975,7.5,7.0,1.0,3.0,1.0,-0.4854440411089233,-0.46666660444445274,0.33333322222225925,0.33333322222225925,2026-01-30,0,248,0,medium,2093.0,7,Basic,299.0,low,active
u000994,2026-01-12,7,0.0,0,0,0,0.0,0.0,0.0,0.0,0.0,0,0.0,0.0,7.0,0.0,0.0,0.0,0.0,0.0,0.0,0.0,2026-01-30,0,162,0,low,299.0,1,Basic,299.0,low,cancelled
u001224,2026-01-12,7,234.52,10,31,1,0.0,0.0,1.0,0.0,0.0,1,299.21000000000004,17.75,7.0,1.0,2.0,1.0,-0.2162026663005827,-0.4366196937115665,0.499999750000125,0.499999750000125,2026-01-30,0,106,0,high,2397.0,3,Premium,799.0,high,active
u001167,2026-01-12,7,98.27000000000001,5,17,0,0.0,0.0,0.0,0.0,0.0,1,144.38,6.75,6.5,0.0,1.0,0.0,-0.3193655608854026,-0.2592592208504858,0.0,0.0,2026-01-30,0,265,0,high,3995.0,5,Premium,799.0,high,active
u000712,2026-01-12,7,31.48,2,2,0,0.0,0.0,0.0,0.0,0.0,1,116.41499999999999,7.0,7.0,0.0,1.0,0.0,-0.7295881052305278,-0.7142856122449125,0.0,0.0,2026-01-30,0,139,0,high,3196.0,4,Premium,799.0,high,active
u000993,2026-01-12,7,127.92,6,9,0,0.0,0.0,1.0,0.0,0.0,1,156.895,9.0,6.75,0.0,2.0,0.0,-0.18467764948100548,-0.33333329629630043,0.0,0.0,2026-01-30,0,221,0,high,5593.0,7,Premium,799.0,high,active
u000035,2026-01-12,7,92.16,10,10,0,0.0,0.0,0.0,0.0,0.0,1,119.17999999999999,8.75,7.0,0.0,1.0,0.0,-0.22671589002587772,0.1428571265306141,0.0,0.0,2026-01-30,0,48,0,medium,499.0,1,Standard,499.0,mid,active
u001032,2026-01-12,7,149.49,10,13,0,0.0,0.0,0.0,0.0,0.0,1,237.32500000000005,12.75,6.75,0.0,1.0,0.0,-0.370104285810158,-0.2156862575932347,0.0,0.0,2026-01-30,0,227,0,high,5593.0,7,Premium,799.0,high,active
u002444,2026-01-12,7,79.42,6,6,0,0.0,0.0,0.0,0.0,0.0,1,124.40249999999997,7.75,7.0,0.0,2.0,0.0,-0.36158838960962675,-0.22580642247659063,0.0,0.0,2026-01-30,0,217,0,high,2093.0,7,Basic,299.0,low,active
u000739,2026-01-12,7,14.98,2,2,0,0.0,0.0,0.0,0.0,0.0,1,44.79749999999999,3.5,6.75,0.0,1.0,0.0,-0.6656063247813756,-0.42857130612248395,0.0,0.0,2026-01-30,0,85,0,low,598.0,2,Basic,299.0,low,active
u001225,2026-01-12,7,0.0,0,0,0,0.0,0.0,0.0,0.0,0.0,0,0.0,0.0,7.0,0.0,0.0,0.0,0.0,0.0,0.0,0.0,2026-01-30,0,166,0,low,499.0,1,Standard,499.0,mid,cancelled
u000827,2026-01-12,7,117.5,9,17,0,0.0,0.0,1.0,0.0,0.0,1,110.42,7.75,7.0,0.0,1.0,0.0,0.0641188184738379,0.1612903017689933,0.0,0.0,2026-01-30,0,100,0,medium,1497.0,3,Standard,499.0,mid,active
u001226,2026-01-12,7,74.9,9,8,0,0.0,0.0,0.0,0.0,0.0,1,56.669999999999995,4.0,5.333333333333333,0.0,1.0,0.0,0.3216869539141179,1.249999687500078,0.0,0.0,2026-01-30,0,27,0,medium,499.0,1,Standard,499.0,mid,active
u000711,2026-01-12,7,172.21,4,11,0,0.0,0.0,1.0,1.0,0.0,1,116.92000000000002,4.5,7.0,0.0,2.0,0.0,0.4728874403618931,-0.11111108641975857,0.0,0.0,2026-01-30,0,100,0,high,1497.0,3,Standard,499.0,mid,active
u000740,2026-01-12,7,125.37,7,20,0,0.0,0.0,1.0,0.0,0.0,1,142.495,7.75,7.0,0.0,1.0,0.0,-0.1201796545831106,-0.09677418106139599,0.0,0.0,2026-01-30,0,45,0,high,299.0,1,Basic,299.0,low,active
u001033,2026-01-12,7,220.15,11,16,0,0.0,0.0,0.0,0.0,0.0,1,214.22,12.75,7.0,0.0,1.0,0.0,0.0276818222963224,-0.1372548911956948,0.0,0.0,2026-01-30,0,87,0,high,1598.0,2,Premium,799.0,high,active
u000828,2026-01-12,7,43.65,4,6,0,0.0,0.0,0.0,0.0,0.0,1,42.985,3.0,6.75,0.0,1.0,0.0,0.015470512609735643,0.33333322222225925,0.0,0.0,2026-01-30,0,45,0,low,299.0,1,Basic,299.0,low,active
u002477,2026-01-12,7,113.53,8,19,0,0.0,0.0,0.0,0.0,0.0,1,118.135,9.25,7.0,0.0,1.0,0.0,-0.03898082668996637,-0.13513512052593293,0.0,0.0,2026-01-30,0,140,0,medium,1196.0,4,Basic,299.0,low,active
u001166,2026-01-12,7,147.55,4,13,0,0.0,0.0,0.0,0.0,0.0,1,116.31,6.25,7.0,0.0,1.0,0.0,0.26859255207125315,-0.3599999424000092,0.0,0.0,2026-01-30,0,244,0,high,3493.0,7,Standard,499.0,mid,active
u000012,2026-01-12,7,17.89,1,1,0,0.0,0.0,0.0,0.0,0.0,1,26.040000000000003,2.3333333333333335,5.0,0.0,1.0,0.0,-0.3129800187027643,-0.5714283265307172,0.0,0.0,2026-01-30,1,26,0,low,299.0,1,Basic,299.0,low,cancelled
u001220,2026-01-12,7,107.19,6,15,0,0.0,0.0,0.0,0.0,0.0,1,118.90249999999999,7.75,6.5,0.0,2.0,0.0,-0.09850507686125116,-0.22580642247659063,0.0,0.0,2026-01-30,0,160,0,high,2495.0,5,Standard,499.0,mid,active
u001215,2026-01-12,7,0.0,0,0,0,0.0,0.0,0.0,0.0,0.0,0,0.0,0.0,7.0,0.0,0.0,0.0,0.0,0.0,0.0,0.0,2026-01-30,0,252,0,low,499.0,1,Standard,499.0,mid,cancelled
u001001,2026-01-12,7,32.97,2,3,0,0.0,0.0,0.0,0.0,0.0,1,49.515,4.75,7.0,0.0,2.0,0.0,-0.3341411625943419,-0.5789472465374218,0.0,0.0,2026-01-30,0,68,0,medium,998.0,2,Standard,499.0,mid,active
u000716,2026-01-12,7,0.0,0,0,0,0.0,0.0,0.0,0.0,0.0,0,28.340000000000003,3.0,7.0,0.0,1.0,0.0,-0.9999999647141861,-0.9999996666667778,0.0,0.0,2026-01-30,0,70,0,low,299.0,1,Basic,299.0,low,cancelled
u001029,2026-01-12,7,23.84,3,4,0,0.0,0.0,1.0,0.0,0.0,1,41.29000000000001,3.5,7.0,0.0,2.0,0.0,-0.4226204789871526,-0.142857102040828,0.0,0.0,2026-01-30,0,129,0,low,1196.0,4,Basic,299.0,low,active
u001000,2026-01-12,6,0.0,0,0,0,0.0,0.0,0.0,0.0,0.0,0,0.0,0.0,6.75,0.0,0.0,0.0,0.0,0.0,0.0,0.0,2026-01-30,0,142,0,low,299.0,1,Basic,299.0,low,cancelled
u002456,2026-01-12,7,145.81,7,22,0,0.0,0.0,0.0,0.0,0.0,1,97.185,5.25,7.0,0.0,2.0,0.0,0.5003344085987096,0.3333332698412819,0.0,0.0,2026-01-30,0,151,0,high,1495.0,5,Basic,299.0,low,active
u002447,2026-01-12,7,142.74,11,17,0,0.0,0.0,0.0,0.0,0.0,1,110.245,8.25,7.0,0.0,1.0,0.0,0.2947525938160226,0.33333329292929786,0.0,0.0,2026-01-30,0,76,0,medium,998.0,2,Standard,499.0,mid,active
u000715,2026-01-12,7,24.77,3,3,0,0.0,0.0,1.0,0.0,0.0,1,39.74,2.25,7.0,0.0,1.0,0.0,-0.3766985310342595,0.333333185185251,0.0,0.0,2026-01-30,0,40,0,low,299.0,1,Basic,299.0,low,active
u001171,2026-01-12,7,279.0,19,30,0,0.0,0.0,0.0,0.0,0.0,1,193.435,12.5,7.0,1.0,2.0,1.0,0.4423449714770079,0.5199999584000033,0.499999750000125,0.499999750000125,2026-01-30,0,113,0,high,1497.0,3,Standard,499.0,mid,active
u000807,2026-01-12,7,126.03999999999999,7,14,0,0.0,0.0,0.0,0.0,0.0,1,168.88000000000002,9.0,6.75,0.0,1.0,0.0,-0.2536712443529653,-0.22222219753086697,0.0,0.0,2026-01-30,0,134,0,medium,1497.0,3,Standard,499.0,mid,active
u002482,2026-01-12,7,88.48,4,10,0,0.0,0.0,0.0,0.0,0.0,1,113.875,7.25,7.0,0.0,1.0,0.0,-0.22300768190553075,-0.44827580023782065,0.0,0.0,2026-01-30,0,55,0,medium,499.0,1,Standard,499.0,mid,active
u000999,2026-01-12,7,128.67,10,12,0,0.0,0.0,0.0,0.0,0.0,1,150.01333333333332,9.0,6.0,0.0,1.0,0.0,-0.14227624116338833,0.11111109876543349,0.0,0.0,2026-01-30,0,29,0,high,799.0,1,Premium,799.0,high,active
u001216,2026-01-12,7,39.57,3,5,0,0.0,0.0,0.0,0.0,0.0,1,51.28,4.25,7.0,0.0,1.0,0.0,-0.22835412971228297,-0.29411757785468756,0.0,0.0,2026-01-30,0,242,0,low,2093.0,7,Basic,299.0,low,active
u000714,2026-01-12,7,153.9,7,15,0,0.0,0.0,1.0,0.0,0.0,1,199.40250000000003,9.25,7.0,0.0,1.0,0.0,-0.22819422911852053,-0.24324321694667927,0.0,0.0,2026-01-30,0,79,0,high,799.0,1,Premium,799.0,high,active
u000998,2026-01-12,7,0.0,0,0,0,0.0,0.0,0.0,0.0,0.0,0,20.7575,2.5,7.0,0.0,1.0,0.0,-0.999999951824644,-0.99999960000016,0.0,0.0,2026-01-30,0,180,0,medium,3995.0,5,Premium,799.0,high,cancelled
u001170,2026-01-12,7,128.1,5,16,0,0.0,0.0,0.0,0.0,0.0,1,83.475,4.25,7.0,0.0,1.0,0.0,0.5345911885643464,0.17647054671281254,0.0,0.0,2026-01-30,1,40,0,medium,799.0,1,Premium,799.0,high,cancelled
u001217,2026-01-12,6,54.83,5,3,0,0.0,0.0,0.0,0.0,0.0,1,38.0175,3.5,6.75,0.0,1.0,0.0,0.44223054008731405,0.42857130612248395,0.0,0.0,2026-01-30,0,143,0,low,1196.0,4,Basic,299.0,low,active
u001030,2026-01-12,7,124.18,9,12,0,0.0,0.0,0.0,0.0,0.0,1,130.3825,9.0,7.0,1.0,2.0,1.0,-0.04757156790541997,0.0,0.499999750000125,0.499999750000125,2026-01-30,1,187,0,high,3995.0,5,Premium,799.0,high,expired
u001169,2026-01-12,7,196.04000000000002,8,19,0,1.0,0.0,0.0,0.0,0.0,1,115.83500000000001,5.0,4.0,0.0,1.0,0.0,0.6924072975145052,0.599999880000024,0.0,0.0,2026-01-30,0,20,0,high,799.0,1,Premium,799.0,high,active
u002446,2026-01-12,7,116.78,5,11,0,0.0,0.0,0.0,0.0,0.0,1,109.0975,6.5,7.0,0.0,1.0,0.0,0.07041866156035971,-0.23076919526627765,0.0,0.0,2026-01-30,0,46,0,medium,299.0,1,Basic,299.0,low,active
u000825,2026-01-12,7,121.6,8,11,1,0.0,0.0,0.0,0.0,0.0,1,113.3475,9.0,7.0,1.0,2.0,1.0,0.07280707494380488,-0.11111109876543349,0.499999750000125,0.499999750000125,2026-01-30,0,114,0,high,998.0,2,Standard,499.0,mid,active
u001218,2026-01-12,7,84.19,5,12,0,0.0,0.0,0.0,0.0,0.0,1,87.155,8.0,7.0,0.0,1.0,0.0,-0.03401984930273827,-0.3749999531250059,0.0,0.0,2026-01-30,0,87,0,medium,598.0,2,Basic,299.0,low,active
u000997,2026-01-12,7,0.0,0,0,0,0.0,0.0,0.0,0.0,0.0,0,52.61500000000001,1.75,7.0,0.0,1.0,0.0,-0.9999999809940135,-0.9999994285717552,0.0,0.0,2026-01-30,0,138,0,medium,1996.0,4,Standard,499.0,mid,cancelled
u002457,2026-01-12,7,0.0,0,0,0,0.0,0.0,1.0,0.0,0.0,0,74.1525,5.5,7.0,0.0,1.0,0.0,-0.9999999865142782,-0.9999998181818512,0.0,0.0,2026-01-30,0,60,0,medium,299.0,1,Basic,299.0,low,cancelled
u001219,2026-01-12,7,13.26,1,1,0,0.0,0.0,0.0,0.0,0.0,1,40.2575,3.25,6.75,0.0,2.0,0.0,-0.6706203646371394,-0.6923074792900064,0.0,0.0,2026-01-30,0,67,0,medium,598.0,2,Basic,299.0,low,active
u002445,2026-01-12,6,38.66,4,5,0,0.0,0.0,0.0,0.0,0.0,1,64.6775,7.0,6.75,1.0,1.0,1.0,-0.40226507823794866,-0.4285713673469475,0.9999990000010001,0.9999990000010001,2026-01-30,0,120,0,medium,598.0,2,Basic,299.0,low,active
u001168,2026-01-12,7,83.36,3,9,0,0.0,0.0,0.0,0.0,0.0,1,104.8575,5.5,7.0,0.0,1.0,0.0,-0.20501632973305364,-0.4545453719008415,0.0,0.0,2026-01-30,0,170,0,medium,2495.0,5,Standard,499.0,mid,active
u000996,2026-01-12,6,0.0,0,0,0,0.0,0.0,0.0,0.0,0.0,1,29.2025,2.5,6.75,0.0,1.0,0.0,-0.9999999657563576,-0.99999960000016,0.0,0.0,2026-01-30,0,113,0,low,897.0,3,Basic,299.0,low,active
u001227,2026-01-12,7,128.09,11,9,0,0.0,0.0,0.0,0.0,0.0,1,119.73,6.25,7.0,0.0,1.0,0.0,0.06982376956632615,0.7599998784000195,0.0,0.0,2026-01-30,0,244,0,high,3493.0,7,Standard,499.0,mid,active
u000805,2026-01-12,7,0.0,0,0,0,0.0,0.0,0.0,0.0,0.0,1,8.6725,0.5,6.75,0.0,1.0,0.0,-0.9999998846930085,-0.999998000004,0.0,0.0,2026-01-30,0,85,0,low,598.0,2,Basic,299.0,low,active
u000992,2026-01-12,7,69.61,6,6,0,0.0,0.0,1.0,0.0,0.0,1,51.3925,4.5,7.0,0.0,1.0,0.0,0.3544777865548906,0.3333332592592757,0.0,0.0,2026-01-30,0,133,0,low,1196.0,4,Basic,299.0,low,cancelled
u000708,2026-01-12,7,225.82,13,24,0,0.0,0.0,0.0,0.0,0.0,1,146.805,7.0,7.0,1.0,2.0,1.0,0.538230983016716,0.857142734693895,0.499999750000125,0.499999750000125,2026-01-30,0,127,0,high,2397.0,3,Premium,799.0,high,active
u000986,2026-01-12,6,0.0,0,0,0,0.0,0.0,0.0,0.0,0.0,0,0.0,0.0,6.5,0.0,0.0,0.0,0.0,0.0,0.0,0.0,2026-01-30,0,107,0,medium,499.0,1,Standard,499.0,mid,cancelled
u001162,2026-01-12,7,72.33,6,4,0,0.0,0.0,0.0,0.0,0.0,1,96.39750000000001,8.25,7.0,0.0,1.0,0.0,-0.2496693353077691,-0.2727272396694255,0.0,0.0,2026-01-30,0,145,0,high,1996.0,4,Standard,499.0,mid,active
u000031,2026-01-12,7,45.45,3,7,0,0.0,0.0,0.0,0.0,0.0,1,61.447500000000005,3.75,7.0,0.0,2.0,0.0,-0.26034419202824866,-0.1999999466666809,0.0,0.0,2026-01-30,0,157,0,low,1495.0,5,Basic,299.0,low,active
u001237,2026-01-12,7,0.0,0,0,0,0.0,0.0,1.0,1.0,0.0,0,0.0,0.0,7.0,0.0,0.0,0.0,0.0,0.0,0.0,0.0,2026-01-30,0,269,0,low,598.0,2,Basic,299.0,low,cancelled
u000985,2026-01-12,7,181.54000000000002,14,15,1,0.0,0.0,1.0,0.0,0.0,1,184.8825,10.25,7.0,0.0,1.0,0.0,-0.018079050109777416,0.365853622843549,0.0,0.0,2026-01-30,0,123,0,high,1497.0,3,Standard,499.0,mid,active
u000707,2026-01-12,7,0.0,0,0,0,0.0,0.0,0.0,0.0,0.0,0,0.0,0.0,7.0,0.0,0.0,0.0,0.0,0.0,0.0,0.0,2026-01-30,0,269,0,low,1794.0,6,Basic,299.0,low,cancelled
u001035,2026-01-12,7,214.12,18,20,1,0.0,0.0,0.0,0.0,0.0,1,211.085,14.25,7.0,0.0,2.0,0.0,0.014378094064580156,0.2631578762696227,0.0,0.0,2026-01-30,0,254,0,high,3992.0,8,Standard,499.0,mid,active
u001161,2026-01-12,7,76.28,8,7,0,0.0,0.0,1.0,1.0,0.0,1,45.7675,4.5,7.0,0.0,2.0,0.0,0.666684860071342,0.7777776049383099,0.0,0.0,2026-01-30,0,124,0,low,1196.0,4,Basic,299.0,low,active
u002476,2026-01-12,7,45.52,3,4,0,0.0,0.0,0.0,0.0,0.0,1,56.675000000000004,3.5,7.0,0.0,1.0,0.0,-0.19682399299825334,-0.142857102040828,0.0,0.0,2026-01-30,0,164,0,low,1996.0,4,Standard,499.0,mid,active
u001238,2026-01-12,7,32.42,2,3,0,0.0,0.0,0.0,0.0,0.0,1,39.41499999999999,3.0,6.75,1.0,1.0,1.0,-0.17747050164986655,-0.33333322222225925,0.9999990000010001,0.9999990000010001,2026-01-30,0,239,0,medium,1495.0,5,Basic,299.0,low,active
u000984,2026-01-12,7,82.91999999999999,6,10,0,0.0,0.0,1.0,0.0,0.0,1,77.7225,6.25,7.0,0.0,1.0,0.0,0.06687252640004458,-0.039999993600001026,0.0,0.0,2026-01-30,0,108,0,medium,897.0,3,Basic,299.0,low,active
u000706,2026-01-12,7,0.0,0,0,0,0.0,0.0,1.0,0.0,0.0,0,0.0,0.0,7.0,0.0,0.0,0.0,0.0,0.0,0.0,0.0,2026-01-30,0,129,0,low,0.0,0,Basic,299.0,low,expired
u001239,2026-01-12,7,310.55,13,30,0,0.0,0.0,1.0,0.0,0.0,1,168.34750000000003,7.25,6.75,0.0,1.0,0.0,0.8446962334178039,0.7931033388822981,0.0,0.0,2026-01-30,0,196,0,high,4794.0,6,Premium,799.0,high,active
u000983,2026-01-12,7,76.53,6,9,0,0.0,0.0,0.0,0.0,0.0,1,41.655,3.5,7.0,0.0,2.0,0.0,0.8372344055399255,0.7142855102041399,0.0,0.0,2026-01-30,0,133,0,low,1196.0,4,Basic,299.0,low,active
u000705,2026-01-12,7,0.0,0,0,0,0.0,0.0,0.0,0.0,0.0,0,0.0,0.0,7.0,0.0,0.0,0.0,0.0,0.0,0.0,0.0,2026-01-30,0,238,0,low,499.0,1,Standard,499.0,mid,cancelled
u000743,2026-01-12,7,0.0,0,0,0,0.0,0.0,0.0,0.0,0.0,0,0.0,0.0,7.0,0.0,0.0,0.0,0.0,0.0,0.0,0.0,2026-01-30,0,111,0,low,499.0,1,Standard,499.0,mid,cancelled
u001160,2026-01-12,7,0.0,0,0,0,0.0,0.0,0.0,0.0,0.0,0,0.0,0.0,7.0,0.0,0.0,0.0,0.0,0.0,0.0,0.0,2026-01-30,0,185,0,low,299.0,1,Basic,299.0,low,expired
u000832,2026-01-12,7,201.66,12,19,0,0.0,0.0,0.0,0.0,0.0,1,125.89000000000001,7.25,7.0,1.0,2.0,1.0,0.6018746476934255,0.6551723234245072,0.499999750000125,0.499999750000125,2026-01-30,0,210,0,high,2994.0,6,Standard,499.0,mid,active
u001036,2026-01-12,7,166.48000000000002,16,12,0,0.0,0.0,1.0,1.0,0.0,1,202.92000000000002,12.75,7.0,0.0,1.0,0.0,-0.17957815799537669,0.2549019407920047,0.0,0.0,2026-01-30,0,84,0,high,1598.0,2,Premium,799.0,high,active
u000982,2026-01-12,7,247.07,24,28,1,0.0,0.0,0.0,0.0,0.0,1,152.8625,10.75,7.0,0.0,1.0,0.0,0.61628914471313,1.2325580248783234,0.0,0.0,2026-01-30,0,94,0,high,1598.0,2,Premium,799.0,high,active
u001240,2026-01-12,7,41.92,3,3,0,0.0,0.0,0.0,0.0,0.0,1,59.97500000000001,5.25,7.0,1.0,2.0,1.0,-0.30104209585590513,-0.42857134693879106,0.499999750000125,0.499999750000125,2026-01-30,0,260,0,low,3992.0,8,Standard,499.0,mid,active
u000037,2026-01-12,7,189.83,12,24,0,0.0,0.0,0.0,0.0,0.0,1,214.6175,18.5,6.75,0.0,1.0,0.0,-0.11549617288666497,-0.3513513323593874,0.0,0.0,2026-01-30,0,55,0,high,499.0,1,Standard,499.0,mid,active
u000704,2026-01-12,7,0.0,0,0,0,0.0,0.0,0.0,0.0,0.0,0,0.0,0.0,7.0,0.0,0.0,0.0,0.0,0.0,0.0,0.0,2026-01-30,0,228,0,low,998.0,2,Standard,499.0,mid,cancelled
u002484,2026-01-12,7,0.0,0,0,0,0.0,0.0,0.0,0.0,0.0,1,67.295,4.75,7.0,0.0,2.0,0.0,-0.9999999851400553,-0.9999997894737285,0.0,0.0,2026-01-30,0,190,0,medium,1794.0,6,Basic,299.0,low,active
u000010,2026-01-12,7,0.0,0,0,0,0.0,0.0,0.0,0.0,0.0,1,38.495,2.25,7.0,1.0,2.0,1.0,-0.9999999740226011,-0.999999555555753,0.499999750000125,0.499999750000125,2026-01-30,0,247,0,low,3493.0,7,Standard,499.0,mid,active
u001159,2026-01-12,7,0.0,0,0,0,0.0,0.0,0.0,0.0,0.0,0,0.0,0.0,7.0,0.0,0.0,0.0,0.0,0.0,0.0,0.0,2026-01-30,0,174,0,medium,1996.0,4,Standard,499.0,mid,cancelled
u001236,2026-01-12,7,0.0,0,0,0,0.0,0.0,1.0,0.0,0.0,0,0.0,0.0,7.0,0.0,0.0,0.0,0.0,0.0,0.0,0.0,2026-01-30,0,184,0,low,0.0,0,Basic,299.0,low,expired
u000987,2026-01-12,7,188.99,11,23,0,0.0,0.0,0.0,0.0,0.0,1,129.14249999999998,10.0,7.0,0.0,1.0,0.0,0.4634221850791014,0.09999999000000101,0.0,0.0,2026-01-30,0,116,0,high,897.0,3,Basic,299.0,low,active
u000017,2026-01-12,7,186.27,8,14,1,0.0,0.0,0.0,0.0,0.0,1,112.4575,6.0,7.0,1.0,1.0,1.0,0.6563590631451077,0.33333327777778704,0.9999990000010001,0.9999990000010001,2026-01-30,0,142,0,high,897.0,3,Basic,299.0,low,active
u000831,2026-01-12,7,193.48000000000002,13,16,0,0.0,0.0,0.0,0.0,0.0,1,144.7475,11.25,7.0,0.0,1.0,0.0,0.3366724790640774,0.1555555417283963,0.0,0.0,2026-01-30,0,209,0,medium,2495.0,5,Standard,499.0,mid,active
u001228,2026-01-12,6,37.43,1,1,0,1.0,1.0,0.0,0.0,0.0,1,25.415,1.0,5.5,1.0,1.0,1.0,0.472752293025682,0.0,0.9999990000010001,0.9999990000010001,2026-01-30,1,23,0,low,0.0,0,Basic,299.0,low,expired
u000710,2026-01-12,7,115.91,8,13,0,0.0,0.0,0.0,0.0,0.0,1,97.5575,5.5,7.0,0.0,2.0,0.0,0.18811982484053166,0.4545453719008415,0.0,0.0,2026-01-30,0,154,0,medium,2495.0,5,Standard,499.0,mid,active
u000829,2026-01-12,6,95.32,6,13,0,0.0,0.0,0.0,0.0,0.0,1,91.69500000000001,6.0,6.75,0.0,1.0,0.0,0.03953323475071433,0.0,0.0,0.0,2026-01-30,0,54,0,medium,799.0,1,Premium,799.0,high,active
u002483,2026-01-12,7,32.56,1,3,0,0.0,0.0,1.0,0.0,0.0,1,99.66,6.5,7.0,0.0,1.0,0.0,-0.6732891764670963,-0.8461537159763514,0.0,0.0,2026-01-30,0,225,0,medium,5593.0,7,Premium,799.0,high,active
u000991,2026-01-12,7,60.49,2,7,0,0.0,0.0,0.0,0.0,0.0,1,45.2025,1.5,7.0,0.0,1.0,0.0,0.33820031329682404,0.3333331111112593,0.0,0.0,2026-01-30,0,184,0,low,1495.0,5,Basic,299.0,low,active
u001229,2026-01-12,7,103.7,10,14,0,0.0,0.0,0.0,0.0,0.0,1,87.41750000000002,6.5,7.0,0.0,1.0,0.0,0.18626132998242517,0.5384614556213145,0.0,0.0,2026-01-30,0,232,0,high,2093.0,7,Basic,299.0,low,active
u000709,2026-01-12,7,18.7,4,2,0,0.0,0.0,0.0,0.0,0.0,1,28.52,2.75,7.0,0.0,1.0,0.0,-0.34431976352314997,0.4545452892562584,0.0,0.0,2026-01-30,0,151,0,low,1196.0,4,Basic,299.0,low,active
u000741,2026-01-12,7,141.0,7,15,0,0.0,0.0,0.0,0.0,0.0,1,103.85749999999999,6.0,7.0,0.0,1.0,0.0,0.35762944074689434,0.16666663888889352,0.0,0.0,2026-01-30,0,65,0,high,499.0,1,Standard,499.0,mid,active
u001165,2026-01-12,7,106.95,7,14,0,0.0,0.0,0.0,0.0,0.0,1,73.15,5.0,7.0,1.0,1.0,1.0,0.46206424522126793,0.399999920000016,0.9999990000010001,0.9999990000010001,2026-01-30,0,141,0,medium,1497.0,3,Standard,499.0,mid,active
u000804,2026-01-12,6,83.66999999999999,6,8,0,0.0,0.0,0.0,0.0,0.0,1,173.4275,10.0,6.5,0.0,1.0,0.0,-0.5175505584895674,-0.39999996000000404,0.0,0.0,2026-01-30,0,40,0,high,299.0,1,Basic,299.0,low,active
u000990,2026-01-12,7,25.59,2,2,0,0.0,0.0,0.0,0.0,0.0,1,89.26,4.5,7.0,0.0,2.0,0.0,-0.7133094251253705,-0.5555554320987929,0.0,0.0,2026-01-30,0,73,0,medium,998.0,2,Standard,499.0,mid,cancelled
u001230,2026-01-12,7,266.08,13,24,0,0.0,0.0,1.0,0.0,0.0,1,236.51999999999998,12.25,7.0,0.0,1.0,0.0,0.12497885961027036,0.061224484798001244,0.0,0.0,2026-01-30,0,198,0,high,2994.0,6,Standard,499.0,mid,active
u001034,2026-01-12,7,0.0,0,0,0,0.0,0.0,0.0,0.0,0.0,0,0.0,0.0,7.0,0.0,0.0,0.0,0.0,0.0,0.0,0.0,2026-01-30,0,192,0,low,598.0,2,Basic,299.0,low,cancelled
u001172,2026-01-12,7,56.529999999999994,2,3,0,0.0,0.0,0.0,0.0,0.0,1,51.185,3.75,7.0,0.0,1.0,0.0,0.10442512250805645,-0.4666665422222554,0.0,0.0,2026-01-30,0,112,0,medium,299.0,1,Basic,299.0,low,active
u000742,2026-01-12,6,100.0,8,9,0,0.0,0.0,0.0,0.0,0.0,1,151.345,7.25,6.75,1.0,1.0,1.0,-0.3392579844774655,0.10344826159334322,0.9999990000010001,0.9999990000010001,2026-01-30,0,79,0,high,799.0,1,Premium,799.0,high,active
u000989,2026-01-12,7,50.45,4,2,0,0.0,0.0,0.0,0.0,0.0,1,47.887499999999996,4.5,7.0,0.0,1.0,0.0,0.053510831563334395,-0.11111108641975857,0.0,0.0,2026-01-30,0,209,0,low,2994.0,6,Standard,499.0,mid,active
u001232,2026-01-12,7,38.980000000000004,4,9,0,0.0,0.0,0.0,0.0,0.0,1,74.6875,5.0,7.0,0.0,1.0,0.0,-0.4780920438079726,-0.199999960000008,0.0,0.0,2026-01-30,0,86,0,medium,598.0,2,Basic,299.0,low,active
u001164,2026-01-12,7,459.54,25,43,1,0.0,0.0,0.0,0.0,0.0,1,270.615,13.75,7.0,0.0,1.0,0.0,0.6981320300126304,0.8181817586776903,0.0,0.0,2026-01-30,0,137,0,high,3196.0,4,Premium,799.0,high,active
u000803,2026-01-12,7,0.0,0,0,0,0.0,0.0,0.0,0.0,0.0,0,13.9675,2.0,6.75,0.0,1.0,0.0,-0.9999999284052316,-0.99999950000025,0.0,0.0,2026-01-30,0,141,0,low,1196.0,4,Basic,299.0,low,cancelled
u001233,2026-01-12,7,53.42,4,6,0,0.0,0.0,0.0,0.0,0.0,1,50.27,4.666666666666667,5.333333333333333,0.0,1.0,0.0,0.06266162596654809,-0.14285711224490458,0.0,0.0,2026-01-30,1,27,0,low,299.0,1,Basic,299.0,low,cancelled
u000830,2026-01-12,7,35.37,2,1,0,0.0,0.0,0.0,0.0,0.0,1,66.52,4.0,7.0,0.0,1.0,0.0,-0.4682802094365573,-0.49999987500003124,0.0,0.0,2026-01-30,0,263,0,medium,2392.0,8,Basic,299.0,low,active
u001163,2026-01-12,7,73.16999999999999,4,9,0,0.0,0.0,0.0,0.0,0.0,1,133.83,7.75,7.0,0.0,1.0,0.0,-0.45326159715115016,-0.48387090530697996,0.0,0.0,2026-01-30,0,58,0,medium,499.0,1,Standard,499.0,mid,active
u001234,2026-01-12,7,9.06,2,1,0,0.0,0.0,0.0,0.0,0.0,1,38.0875,4.25,7.0,0.0,1.0,0.0,-0.7621266619723882,-0.5294116401384376,0.0,0.0,2026-01-30,0,82,0,low,598.0,2,Basic,299.0,low,active
u000988,2026-01-12,7,0.0,0,0,0,0.0,0.0,0.0,0.0,0.0,0,8.17,0.75,7.0,0.0,1.0,0.0,-0.9999998776009943,-0.9999986666684444,0.0,0.0,2026-01-30,0,191,0,low,1495.0,5,Basic,299.0,low,cancelled
u000036,2026-01-12,6,0.0,0,0,0,0.0,0.0,0.0,0.0,0.0,0,0.0,0.0,6.75,0.0,0.0,0.0,0.0,0.0,0.0,0.0,2026-01-30,0,254,0,low,998.0,2,Standard,499.0,mid,expired
u002459,2026-01-12,7,0.0,0,0,0,0.0,0.0,0.0,0.0,0.0,0,10.375,0.75,7.0,1.0,2.0,1.0,-0.9999999036144672,-0.9999986666684444,0.499999750000125,0.499999750000125,2026-01-30,0,151,0,low,1196.0,4,Basic,299.0,low,cancelled
u001235,2026-01-12,7,0.0,0,0,0,0.0,0.0,0.0,0.0,0.0,0,0.0,0.0,6.75,0.0,0.0,0.0,0.0,0.0,0.0,0.0,2026-01-30,0,111,0,low,299.0,1,Basic,299.0,low,expired
u002443,2026-01-12,7,64.52,4,8,0,0.0,0.0,0.0,0.0,0.0,1,65.7325,5.0,7.0,0.0,1.0,0.0,-0.018445973933047304,-0.199999960000008,0.0,0.0,2026-01-30,0,268,0,medium,3992.0,8,Standard,499.0,mid,active
u001231,2026-01-12,7,197.22,9,21,0,0.0,0.0,0.0,0.0,0.0,1,196.03,10.25,7.0,0.0,1.0,0.0,0.006070499382387891,-0.12195120761451633,0.0,0.0,2026-01-30,0,64,0,high,799.0,1,Premium,799.0,high,active
u001002,2026-01-12,7,158.48000000000002,7,11,0,0.0,0.0,0.0,0.0,0.0,1,162.79250000000002,8.5,7.0,0.0,1.0,0.0,-0.02649077797508621,-0.1764705674740509,0.0,0.0,2026-01-30,0,86,0,medium,998.0,2,Standard,499.0,mid,active
u000717,2026-01-12,7,77.87,6,8,0,0.0,0.0,0.0,0.0,0.0,1,73.9325,4.25,6.75,0.0,1.0,0.0,0.05325803870749618,0.4117646089965626,0.0,0.0,2026-01-30,0,141,0,medium,1497.0,3,Standard,499.0,mid,active
u001028,2026-01-12,7,21.98,2,2,0,0.0,0.0,0.0,0.0,0.0,1,51.662499999999994,3.0,7.0,0.0,1.0,0.0,-0.5745463232606567,-0.33333322222225925,0.0,0.0,2026-01-30,0,200,0,low,1794.0,6,Basic,299.0,low,active
u001016,2026-01-12,7,0.0,0,0,0,0.0,0.0,0.0,0.0,0.0,0,9.215,0.75,7.0,1.0,1.0,1.0,-0.9999998914812924,-0.9999986666684444,0.9999990000010001,0.9999990000010001,2026-01-30,0,60,0,low,0.0,0,Basic,299.0,low,expired
u001191,2026-01-12,7,184.07,8,23,0,0.0,0.0,0.0,0.0,0.0,1,239.15499999999997,13.75,6.75,0.0,1.0,0.0,-0.2303317922254111,-0.41818178776859727,0.0,0.0,2026-01-30,0,166,0,high,3995.0,5,Premium,799.0,high,active
u001179,2026-01-12,7,297.38,21,36,0,0.0,0.0,0.0,0.0,0.0,1,178.635,11.5,7.0,0.0,1.0,0.0,0.6647353504927067,0.826086884688097,0.0,0.0,2026-01-30,0,205,0,high,1794.0,6,Basic,299.0,low,active
u001023,2026-01-12,7,33.29,1,1,0,0.0,0.0,0.0,0.0,0.0,1,24.8925,1.75,7.0,0.0,1.0,0.0,0.33735059406043616,-0.42857118367360936,0.0,0.0,2026-01-30,0,53,0,low,299.0,1,Basic,299.0,low,active
u000723,2026-01-12,7,52.33,10,5,0,0.0,0.0,0.0,0.0,0.0,1,98.9425,8.75,7.0,0.0,1.0,0.0,-0.47110695129891655,0.1428571265306141,0.0,0.0,2026-01-30,0,58,0,medium,499.0,1,Standard,499.0,mid,active
u002479,2026-01-12,7,131.0,9,9,0,0.0,0.0,0.0,0.0,0.0,1,96.2025,6.25,7.0,1.0,3.0,1.0,0.3617109704871394,0.4399999296000113,0.33333322222225925,0.33333322222225925,2026-01-30,0,251,0,medium,2994.0,6,Standard,499.0,mid,active
u000722,2026-01-12,7,110.47,8,10,0,0.0,0.0,0.0,0.0,0.0,1,60.8725,4.5,6.5,1.0,1.0,1.0,0.8147767741627701,0.7777776049383099,0.9999990000010001,0.9999990000010001,2026-01-30,1,37,0,low,0.0,0,Basic,299.0,low,expired
u002478,2026-01-12,7,0.0,0,0,0,0.0,0.0,0.0,0.0,0.0,0,0.0,0.0,7.0,0.0,0.0,0.0,0.0,0.0,0.0,0.0,2026-01-30,0,226,0,low,998.0,2,Standard,499.0,mid,cancelled
u001015,2026-01-12,7,135.17000000000002,7,18,0,0.0,0.0,0.0,0.0,0.0,1,89.9675,5.5,7.0,1.0,2.0,1.0,0.5024314279886468,0.2727272231405049,0.499999750000125,0.499999750000125,2026-01-30,0,140,0,high,3196.0,4,Premium,799.0,high,active
u002452,2026-01-12,7,109.28999999999999,5,6,0,0.0,0.0,0.0,0.0,0.0,1,106.6075,6.0,7.0,0.0,1.0,0.0,0.025162394529818218,-0.16666663888889352,0.0,0.0,2026-01-30,0,47,0,medium,299.0,1,Basic,299.0,low,active
u000721,2026-01-12,7,339.53,21,24,1,0.0,0.0,0.0,0.0,0.0,1,244.73250000000002,14.25,7.0,0.0,1.0,0.0,0.38735149443841116,0.4736841772853209,0.0,0.0,2026-01-30,0,236,0,high,5593.0,7,Premium,799.0,high,active
u000730,2026-01-12,6,391.77,22,42,1,0.0,0.0,1.0,0.0,0.0,1,244.4125,13.25,6.75,0.0,1.0,0.0,0.6029049226086843,0.6603773086507692,0.0,0.0,2026-01-30,0,105,0,high,2397.0,3,Premium,799.0,high,active
u000014,2026-01-12,7,0.0,0,0,0,0.0,0.0,0.0,0.0,0.0,0,49.3475,3.5,7.0,0.0,1.0,0.0,-0.9999999797355493,-0.9999997142857959,0.0,0.0,2026-01-30,0,79,0,low,598.0,2,Basic,299.0,low,cancelled
u001014,2026-01-12,7,154.16,7,15,0,0.0,0.0,0.0,0.0,0.0,1,142.865,9.5,7.0,1.0,2.0,1.0,0.07906065111076425,-0.263157867036014,0.499999750000125,0.499999750000125,2026-01-30,0,192,0,high,4794.0,6,Premium,799.0,high,active
u001024,2026-01-12,6,0.0,0,0,0,0.0,0.0,0.0,0.0,0.0,0,39.572500000000005,3.0,6.75,0.0,1.0,0.0,-0.9999999747299267,-0.9999996666667778,0.0,0.0,2026-01-30,0,59,0,low,299.0,1,Basic,299.0,low,cancelled
u001178,2026-01-12,5,98.21000000000001,5,12,0,0.0,0.0,1.0,0.0,0.0,1,129.54500000000002,8.0,6.5,0.0,1.0,0.0,-0.2418850573786325,-0.3749999531250059,0.0,0.0,2026-01-30,0,222,0,high,3493.0,7,Standard,499.0,mid,active
u001192,2026-01-12,7,129.37,7,11,0,0.0,0.0,1.0,0.0,0.0,1,102.13749999999999,6.25,7.0,0.0,1.0,0.0,0.26662586937583305,0.11999998080000307,0.0,0.0,2026-01-30,0,201,0,medium,1495.0,5,Basic,299.0,low,active
u000720,2026-01-12,7,49.129999999999995,4,6,0,0.0,0.0,1.0,0.0,0.0,1,62.36749999999999,5.5,7.0,0.0,1.0,0.0,-0.2122499665330506,-0.2727272231405049,0.0,0.0,2026-01-30,0,120,0,medium,897.0,3,Basic,299.0,low,active
u002451,2026-01-12,7,90.21000000000001,7,8,0,0.0,0.0,0.0,0.0,0.0,1,86.4025,6.25,7.0,0.0,1.0,0.0,0.04406701143986566,0.11999998080000307,0.0,0.0,2026-01-30,0,60,0,medium,499.0,1,Standard,499.0,mid,active
u000819,2026-01-12,7,96.44,5,12,0,0.0,0.0,0.0,0.0,0.0,1,89.61500000000001,4.75,7.0,0.0,2.0,0.0,0.07615912429661177,0.05263156786703834,0.0,0.0,2026-01-30,0,103,0,high,2397.0,3,Premium,799.0,high,active
u002454,2026-01-12,7,80.03,10,5,0,0.0,0.0,0.0,0.0,0.0,1,51.065,4.75,6.75,0.0,1.0,0.0,0.5672182401406397,1.1052629252078052,0.0,0.0,2026-01-30,0,153,0,medium,1196.0,4,Basic,299.0,low,active
u001025,2026-01-12,7,52.71,6,8,0,0.0,0.0,0.0,0.0,0.0,1,36.3025,3.0,6.75,0.0,2.0,0.0,0.45196610558594846,0.9999996666667778,0.0,0.0,2026-01-30,0,64,0,low,598.0,2,Basic,299.0,low,active
u001193,2026-01-12,7,135.86,3,10,1,0.0,0.0,1.0,1.0,0.0,1,114.46000000000001,5.25,6.5,0.0,1.0,0.0,0.18696487692674407,-0.42857134693879106,0.0,0.0,2026-01-30,0,228,0,medium,3493.0,7,Standard,499.0,mid,active
u000820,2026-01-12,7,70.15,4,4,0,1.0,0.0,0.0,0.0,0.0,1,41.265,2.5,4.5,0.0,1.0,0.0,0.6999878662307558,0.5999997600000959,0.0,0.0,2026-01-30,0,20,0,medium,499.0,1,Standard,499.0,mid,active
u001013,2026-01-12,7,284.53000000000003,18,24,1,0.0,0.0,0.0,0.0,0.0,1,230.57999999999998,15.25,7.0,0.0,1.0,0.0,0.2339751919768621,0.1803278570276815,0.0,0.0,2026-01-30,0,209,0,high,4794.0,6,Premium,799.0,high,active
u001194,2026-01-12,7,212.79,13,21,0,0.0,0.0,0.0,0.0,0.0,1,201.4625,11.75,7.0,1.0,1.0,1.0,0.05622634457416959,0.1063829696695345,0.9999990000010001,0.9999990000010001,2026-01-30,0,94,0,high,499.0,1,Standard,499.0,mid,active
u000731,2026-01-12,7,0.0,0,0,0,0.0,0.0,0.0,0.0,0.0,0,35.855,2.75,7.0,0.0,1.0,0.0,-0.9999999721098879,-0.9999996363637685,0.0,0.0,2026-01-30,0,88,0,medium,598.0,2,Basic,299.0,low,cancelled
u000033,2026-01-12,7,0.0,0,0,0,0.0,0.0,0.0,0.0,0.0,0,0.0,0.0,7.0,0.0,0.0,0.0,0.0,0.0,0.0,0.0,2026-01-30,0,247,0,low,0.0,0,Premium,799.0,high,expired
u000818,2026-01-12,7,90.62,11,5,0,0.0,0.0,0.0,0.0,0.0,1,74.62,7.25,7.0,0.0,1.0,0.0,0.2144197237413599,0.5172413079667161,0.0,0.0,2026-01-30,0,244,0,medium,1794.0,6,Basic,299.0,low,active
u000729,2026-01-12,7,189.02,11,19,0,0.0,0.0,0.0,0.0,0.0,1,175.3160655427218,7.0,7.0,0.0,1.0,0.0,0.07816701987172857,0.57142848979593,0.0,0.0,2026-01-30,0,148,0,high,1497.0,3,Standard,499.0,mid,active
u001190,2026-01-12,7,62.03999999999999,4,4,0,0.0,0.0,0.0,0.0,0.0,1,46.94749999999999,3.25,7.0,0.0,1.0,0.0,0.3214761100915681,0.23076915976333545,0.0,0.0,2026-01-30,0,269,0,low,3992.0,8,Standard,499.0,mid,active
u002453,2026-01-12,7,270.82,16,24,0,0.0,0.0,0.0,0.0,0.0,1,146.6675,10.25,6.75,0.0,2.0,0.0,0.8464895028108511,0.5609755550267752,0.0,0.0,2026-01-30,0,247,0,high,2093.0,7,Basic,299.0,low,active
u000814,2026-01-12,7,69.77000000000001,3,10,0,0.0,0.0,1.0,0.0,0.0,1,101.04749999999999,5.25,7.0,0.0,1.0,0.0,-0.3095326424747504,-0.42857134693879106,0.0,0.0,2026-01-30,0,199,0,high,2994.0,6,Standard,499.0,mid,active
u000728,2026-01-12,7,0.0,0,0,0,0.0,0.0,0.0,0.0,0.0,0,0.0,0.0,7.0,0.0,0.0,0.0,0.0,0.0,0.0,0.0,2026-01-30,0,248,0,low,1794.0,6,Basic,299.0,low,cancelled
u001020,2026-01-12,7,69.16,2,12,0,0.0,0.0,0.0,0.0,0.0,1,117.69250000000001,5.75,7.0,0.0,1.0,0.0,-0.41236696975281384,-0.6521737996219479,0.0,0.0,2026-01-30,0,241,0,medium,3493.0,7,Standard,499.0,mid,active
u001185,2026-01-12,7,130.1,7,16,0,0.0,0.0,0.0,0.0,0.0,1,177.62,10.5,7.0,0.0,1.0,0.0,-0.2675374379713015,-0.3333333015873046,0.0,0.0,2026-01-30,0,165,0,high,2495.0,5,Standard,499.0,mid,active
u001183,2026-01-12,7,15.87,2,1,0,0.0,0.0,0.0,0.0,0.0,1,103.45750000000001,6.25,7.0,0.0,2.0,0.0,-0.8466036696556202,-0.6799998912000174,0.0,0.0,2026-01-30,0,97,0,high,1497.0,3,Standard,499.0,mid,active
u000727,2026-01-12,7,146.26,7,14,0,0.0,0.0,0.0,0.0,0.0,1,106.71,5.75,6.5,0.0,1.0,0.0,0.3706306778124761,0.2173912665406493,0.0,0.0,2026-01-30,0,89,0,medium,598.0,2,Basic,299.0,low,active
u001021,2026-01-12,7,0.0,0,0,0,0.0,0.0,0.0,0.0,0.0,1,139.5775,7.5,7.0,0.0,1.0,0.0,-0.9999999928355215,-0.9999998666666844,0.0,0.0,2026-01-30,0,256,0,high,2392.0,8,Basic,299.0,low,active
u000815,2026-01-12,7,24.73,5,3,0,0.0,0.0,0.0,0.0,0.0,1,29.6975,3.5,6.75,0.0,2.0,0.0,-0.16726996658742432,0.42857130612248395,0.0,0.0,2026-01-30,0,75,0,medium,998.0,2,Standard,499.0,mid,active
u000032,2026-01-12,7,0.0,0,0,0,0.0,0.0,0.0,0.0,0.0,0,0.0,0.0,7.0,0.0,0.0,0.0,0.0,0.0,0.0,0.0,2026-01-30,0,213,0,medium,2495.0,5,Standard,499.0,mid,cancelled
u000816,2026-01-12,7,151.88,8,19,0,0.0,0.0,0.0,0.0,0.0,1,156.42499999999998,11.0,7.0,0.0,1.0,0.0,-0.029055457701419405,-0.2727272479338866,0.0,0.0,2026-01-30,0,60,0,medium,499.0,1,Standard,499.0,mid,active
u001186,2026-01-12,7,0.0,0,0,0,0.0,0.0,1.0,1.0,0.0,0,0.0,0.0,7.0,0.0,0.0,0.0,0.0,0.0,0.0,0.0,2026-01-30,0,193,0,low,1196.0,4,Basic,299.0,low,expired
u001182,2026-01-12,7,102.72999999999999,3,20,0,0.0,0.0,0.0,0.0,0.0,1,119.55749999999999,5.5,6.75,0.0,1.0,0.0,-0.1407481743868166,-0.4545453719008415,0.0,0.0,2026-01-30,0,38,0,medium,799.0,1,Premium,799.0,high,active
u002450,2026-01-12,6,83.44,3,5,0,0.0,0.0,0.0,0.0,0.0,1,181.565,11.25,6.75,0.0,1.0,0.0,-0.5404400598108663,-0.733333268148154,0.0,0.0,2026-01-30,0,227,0,high,5593.0,7,Premium,799.0,high,active
u001019,2026-01-12,6,43.04,3,4,0,0.0,0.0,0.0,0.0,0.0,1,40.165000000000006,3.25,6.75,0.0,1.0,0.0,0.07157973181676237,-0.07692305325444515,0.0,0.0,2026-01-30,0,260,0,low,2392.0,8,Basic,299.0,low,active
u000015,2026-01-12,7,0.0,0,0,0,0.0,0.0,0.0,0.0,0.0,0,9.605,0.5,7.0,0.0,1.0,0.0,-0.9999998958875694,-0.999998000004,0.0,0.0,2026-01-30,0,90,0,low,598.0,2,Basic,299.0,low,cancelled
u000813,2026-01-12,7,16.59,1,1,0,0.0,0.0,0.0,0.0,0.0,1,57.12499999999999,3.75,6.75,0.0,1.0,0.0,-0.7095842326549807,-0.7333331377778299,0.0,0.0,2026-01-30,0,99,0,low,897.0,3,Basic,299.0,low,active
u001187,2026-01-12,7,0.0,0,0,0,0.0,0.0,0.0,0.0,0.0,0,0.0,0.0,7.0,0.0,0.0,0.0,0.0,0.0,0.0,0.0,2026-01-30,0,235,0,low,1196.0,4,Basic,299.0,low,cancelled
u001181,2026-01-12,7,176.44,15,25,0,0.0,0.0,1.0,1.0,1.0,1,167.1825,14.75,6.75,0.0,1.0,0.0,0.055373618319060756,0.01694915139327787,0.0,0.0,2026-01-30,0,118,0,high,1497.0,3,Standard,499.0,mid,active
u000817,2026-01-12,6,105.48,9,14,0,0.0,0.0,0.0,0.0,0.0,1,90.3625,6.25,6.75,0.0,1.0,0.0,0.16729837966746855,0.4399999296000113,0.0,0.0,2026-01-30,0,260,0,medium,3992.0,8,Standard,499.0,mid,active
u001188,2026-01-12,7,193.53,9,26,0,0.0,0.0,0.0,0.0,0.0,1,167.7875,11.0,7.0,0.0,1.0,0.0,0.15342322787202134,-0.1818181652892577,0.0,0.0,2026-01-30,0,120,0,high,2397.0,3,Premium,799.0,high,active
u001018,2026-01-12,7,88.95,5,6,0,0.0,0.0,0.0,0.0,0.0,1,107.8775,7.0,7.0,0.0,1.0,0.0,-0.17545363791843857,-0.285714244897965,0.0,0.0,2026-01-30,0,146,0,medium,1196.0,4,Basic,299.0,low,active
u001189,2026-01-12,6,0.0,0,0,0,0.0,0.0,0.0,0.0,0.0,0,0.0,0.0,6.75,0.0,0.0,0.0,0.0,0.0,0.0,0.0,2026-01-30,0,128,0,low,299.0,1,Basic,299.0,low,expired
u000725,2026-01-12,7,163.67,4,14,1,0.0,0.0,0.0,0.0,0.0,1,125.24000000000001,6.5,6.75,1.0,2.0,1.0,0.30685084392485734,-0.38461532544379606,0.499999750000125,0.499999750000125,2026-01-30,0,73,0,medium,598.0,2,Basic,299.0,low,active
u001180,2026-01-12,7,16.759999999999998,4,2,0,0.0,0.0,0.0,0.0,0.0,1,58.222500000000004,4.75,7.0,0.0,1.0,0.0,-0.712138765732513,-0.15789470360111502,0.0,0.0,2026-01-30,0,264,0,low,3992.0,8,Standard,499.0,mid,active
u001017,2026-01-12,7,77.59,8,8,0,0.0,0.0,0.0,0.0,0.0,1,98.5775,8.0,7.0,0.0,1.0,0.0,-0.21290355088226467,0.0,0.0,0.0,2026-01-30,0,174,0,medium,2495.0,5,Standard,499.0,mid,active
u000724,2026-01-12,7,91.22999999999999,4,12,0,0.0,0.0,0.0,0.0,0.0,1,69.7825,6.25,6.75,0.0,1.0,0.0,0.3073478263554926,-0.3599999424000092,0.0,0.0,2026-01-30,0,240,0,low,2093.0,7,Basic,299.0,low,active
u001022,2026-01-12,7,0.0,0,0,0,0.0,0.0,0.0,0.0,0.0,0,0.0,0.0,6.75,0.0,0.0,0.0,0.0,0.0,0.0,0.0,2026-01-30,0,252,0,low,998.0,2,Standard,499.0,mid,expired
u000726,2026-01-12,7,147.67000000000002,10,12,0,0.0,0.0,0.0,0.0,0.0,1,114.705,7.75,7.0,0.0,1.0,0.0,0.28738938766933114,0.290322543184188,0.0,0.0,2026-01-30,0,241,0,high,1794.0,6,Basic,299.0,low,active
u001037,2026-01-12,7,15.18,1,1,0,0.0,0.0,1.0,1.0,0.0,1,37.7325,2.75,7.0,1.0,1.0,1.0,-0.5976942795284098,-0.6363634049587618,0.9999990000010001,0.9999990000010001,2026-01-30,1,44,0,low,0.0,0,Standard,499.0,mid,expired
u001195,2026-01-12,7,185.97,10,11,0,0.0,0.0,1.0,0.0,0.0,1,112.435,7.25,7.0,0.0,1.0,0.0,0.6540223181925351,0.3793102925089252,0.0,0.0,2026-01-30,0,139,0,high,3196.0,4,Premium,799.0,high,active
u001177,2026-01-12,7,0.0,0,0,0,0.0,0.0,1.0,0.0,0.0,1,35.1325,3.75,7.0,0.0,2.0,0.0,-0.9999999715363277,-0.9999997333334044,0.0,0.0,2026-01-30,0,191,0,low,1794.0,6,Basic,299.0,low,cancelled
u000823,2026-01-12,7,59.440000000000005,5,7,0,0.0,0.0,0.0,0.0,0.0,1,69.39999999999999,5.5,7.0,0.0,1.0,0.0,-0.14351584807614035,-0.09090907438016829,0.0,0.0,2026-01-30,0,236,0,low,3493.0,7,Standard,499.0,mid,active
u001007,2026-01-12,7,174.04,11,14,0,0.0,0.0,0.0,0.0,0.0,1,143.0575,8.0,7.0,0.0,1.0,0.0,0.21657375379428714,0.3749999531250059,0.0,0.0,2026-01-30,0,57,0,high,499.0,1,Standard,499.0,mid,active
u001207,2026-01-12,7,224.32,12,18,0,0.0,0.0,0.0,0.0,0.0,1,226.46,12.0,7.0,1.0,2.0,1.0,-0.009449792416100956,0.0,0.499999750000125,0.499999750000125,2026-01-30,0,141,0,high,3196.0,4,Premium,799.0,high,active
u002449,2026-01-12,7,142.5,6,18,0,0.0,0.0,1.0,0.0,0.0,1,140.7775,8.75,6.75,0.0,2.0,0.0,0.01223561995179895,-0.31428567836735105,0.0,0.0,2026-01-30,0,75,0,high,998.0,2,Standard,499.0,mid,active
u000735,2026-01-12,7,242.98000000000002,11,30,0,0.0,0.0,0.0,0.0,0.0,1,220.72,11.0,7.0,0.0,2.0,0.0,0.10085175742636944,0.0,0.0,0.0,2026-01-30,0,218,0,high,5593.0,7,Premium,799.0,high,active
u001208,2026-01-12,6,80.37,2,8,0,0.0,0.0,0.0,0.0,0.0,1,73.5175,4.0,6.75,0.0,2.0,0.0,0.09320909860633057,-0.49999987500003124,0.0,0.0,2026-01-30,0,90,0,low,897.0,3,Basic,299.0,low,active
u000718,2026-01-12,7,75.13,5,7,0,0.0,0.0,0.0,0.0,0.0,1,69.27749999999999,4.75,6.75,1.0,2.0,1.0,0.0844790865074652,0.05263156786703834,0.499999750000125,0.499999750000125,2026-01-30,0,147,0,medium,1497.0,3,Standard,499.0,mid,active
u001006,2026-01-12,7,170.36,16,14,0,0.0,0.0,0.0,0.0,0.0,1,119.9225,9.25,6.75,0.0,1.0,0.0,0.4205841237417156,0.7297296508400378,0.0,0.0,2026-01-30,0,39,0,high,499.0,1,Standard,499.0,mid,active
u000016,2026-01-12,7,151.22,11,12,0,0.0,0.0,1.0,0.0,0.0,1,98.64000000000001,6.5,7.0,0.0,1.0,0.0,0.5330494674265056,0.6923075857988329,0.0,0.0,2026-01-30,0,73,0,medium,998.0,2,Standard,499.0,mid,active
u001174,2026-01-12,7,247.35999999999999,17,18,0,0.0,0.0,0.0,0.0,0.0,1,157.5825,10.25,6.75,0.0,1.0,0.0,0.5697174459745373,0.6585365211183882,0.0,0.0,2026-01-30,0,226,0,high,3493.0,7,Standard,499.0,mid,active
u001209,2026-01-12,7,0.0,0,0,0,0.0,0.0,0.0,0.0,0.0,0,0.0,0.0,7.0,0.0,0.0,0.0,0.0,0.0,0.0,0.0,2026-01-30,0,199,0,low,1495.0,5,Basic,299.0,low,cancelled
u001005,2026-01-12,7,0.0,0,0,0,0.0,0.0,0.0,0.0,0.0,0,95.495,4.0,6.75,0.0,1.0,0.0,-0.9999999895282476,-0.9999997500000625,0.0,0.0,2026-01-30,0,238,0,high,5593.0,7,Premium,799.0,high,cancelled
u001027,2026-01-12,7,338.67,21,26,1,0.0,0.0,0.0,0.0,0.0,1,219.3875,13.0,7.0,0.0,2.0,0.0,0.5437069088088115,0.615384568047341,0.0,0.0,2026-01-30,0,251,0,high,2093.0,7,Basic,299.0,low,active
u000808,2026-01-12,7,108.24000000000001,6,11,0,0.0,0.0,0.0,0.0,0.0,1,149.1825,9.5,7.0,0.0,2.0,0.0,-0.2744457273846079,-0.36842101385041964,0.0,0.0,2026-01-30,0,243,0,medium,2093.0,7,Basic,299.0,low,active
u001210,2026-01-12,7,135.51,6,14,0,0.0,0.0,0.0,0.0,0.0,1,147.28666666666666,8.0,6.0,1.0,1.0,1.0,-0.07995745204392264,-0.24999996875000394,0.9999990000010001,0.9999990000010001,2026-01-30,1,29,0,high,0.0,0,Standard,499.0,mid,expired
u000736,2026-01-12,7,0.0,0,0,0,0.0,0.0,1.0,1.0,0.0,0,3.1750000000000034,0.25,7.0,1.0,2.0,1.0,-0.9999996850394692,-0.9999960000160001,0.499999750000125,0.499999750000125,2026-01-30,0,102,0,low,598.0,2,Basic,299.0,low,cancelled
u001173,2026-01-12,6,158.44,12,17,1,0.0,0.0,1.0,0.0,0.0,1,72.69,5.75,6.75,0.0,1.0,0.0,1.1796670631494421,1.0869563327032465,0.0,0.0,2026-01-30,0,172,0,low,1495.0,5,Basic,299.0,low,active
u000824,2026-01-12,7,44.480000000000004,2,6,0,0.0,0.0,2.0,0.0,0.0,1,58.6425,4.0,7.0,0.0,1.0,0.0,-0.24150572977779367,-0.49999987500003124,0.0,0.0,2026-01-30,0,107,0,medium,897.0,3,Basic,299.0,low,active
u002448,2026-01-12,7,29.24,1,3,0,0.0,0.0,0.0,0.0,0.0,1,57.1675,5.0,7.0,0.0,1.0,0.0,-0.4885205669563902,-0.799999840000032,0.0,0.0,2026-01-30,0,108,0,low,598.0,2,Basic,299.0,low,active
u001004,2026-01-12,7,82.0,5,6,0,0.0,0.0,0.0,0.0,0.0,1,96.65249999999999,6.75,7.0,0.0,1.0,0.0,-0.1515998018509629,-0.2592592208504858,0.0,0.0,2026-01-30,0,48,0,medium,799.0,1,Premium,799.0,high,active
u001211,2026-01-12,7,101.62,5,8,0,0.0,0.0,0.0,0.0,0.0,1,68.035,5.0,7.0,0.0,1.0,0.0,0.49364297062331214,0.0,0.0,0.0,2026-01-30,0,114,0,medium,897.0,3,Basic,299.0,low,active
u001212,2026-01-12,7,33.41,3,4,0,0.0,0.0,1.0,0.0,0.0,1,66.00999999999999,5.5,7.0,0.0,1.0,0.0,-0.49386455849318955,-0.4545453719008415,0.0,0.0,2026-01-30,0,74,0,low,998.0,2,Standard,499.0,mid,active
u001003,2026-01-12,7,23.54,1,2,0,0.0,0.0,0.0,0.0,0.0,1,71.8625,3.5,7.0,0.0,2.0,0.0,-0.6724299784667945,-0.7142855102041399,0.0,0.0,2026-01-30,0,130,0,medium,1996.0,4,Standard,499.0,mid,active
u001213,2026-01-12,7,114.14,8,10,0,0.0,0.0,0.0,0.0,0.0,1,91.0175,5.0,7.0,0.0,1.0,0.0,0.2540445490807312,0.599999880000024,0.0,0.0,2026-01-30,0,155,0,high,3196.0,4,Premium,799.0,high,active
u000737,2026-01-12,7,79.18,4,12,0,0.0,0.0,0.0,0.0,0.0,1,145.0925,10.0,7.0,0.0,1.0,0.0,-0.4542791636074975,-0.599999940000006,0.0,0.0,2026-01-30,0,87,0,high,998.0,2,Standard,499.0,mid,active
u001214,2026-01-12,7,49.93,1,2,0,0.0,0.0,0.0,0.0,0.0,1,55.935,3.25,7.0,0.0,1.0,0.0,-0.10735675145513991,-0.6923074792900064,0.0,0.0,2026-01-30,0,53,0,low,299.0,1,Basic,299.0,low,active
u002481,2026-01-12,7,288.1,18,25,0,0.0,0.0,1.0,0.0,0.0,1,216.0225,11.25,6.75,0.0,1.0,0.0,0.3336573721086583,0.5999999466666714,0.0,0.0,2026-01-30,0,107,0,high,2397.0,3,Premium,799.0,high,active
u002480,2026-01-12,7,120.78,13,11,0,0.0,0.0,0.0,0.0,0.0,1,145.025,10.0,7.0,0.0,1.0,0.0,-0.16717807159332482,0.299999970000003,0.0,0.0,2026-01-30,0,237,0,high,3493.0,7,Standard,499.0,mid,active
u000719,2026-01-12,6,140.42,10,17,1,0.0,0.0,0.0,0.0,0.0,1,204.97,11.25,6.5,1.0,2.0,1.0,-0.31492413370286326,-0.11111110123456878,0.499999750000125,0.499999750000125,2026-01-30,1,211,0,high,2495.0,5,Standard,499.0,mid,expired
u001206,2026-01-12,7,76.26,7,7,0,0.0,0.0,1.0,0.0,0.0,1,60.7175,4.25,7.0,1.0,2.0,1.0,0.2559805615188281,0.6470586712803126,0.499999750000125,0.499999750000125,2026-01-30,0,44,0,low,299.0,1,Basic,299.0,low,active
u000034,2026-01-12,6,0.0,0,0,0,0.0,0.0,1.0,0.0,0.0,0,0.0,0.0,6.75,0.0,0.0,0.0,0.0,0.0,0.0,0.0,2026-01-30,0,131,0,low,897.0,3,Basic,299.0,low,cancelled
u001196,2026-01-12,7,0.0,0,0,0,0.0,0.0,0.0,0.0,0.0,0,0.0,0.0,7.0,0.0,0.0,0.0,0.0,0.0,0.0,0.0,2026-01-30,0,111,0,medium,1598.0,2,Premium,799.0,high,cancelled
u000013,2026-01-12,7,53.57,7,6,0,0.0,0.0,0.0,0.0,0.0,1,52.2925,4.5,6.75,0.0,1.0,0.0,0.024429889096335314,0.5555554320987929,0.0,0.0,2026-01-30,0,86,0,low,598.0,2,Basic,299.0,low,active
u000811,2026-01-12,7,171.33,10,26,0,0.0,0.0,0.0,0.0,0.0,1,176.17000000000002,10.5,6.75,0.0,1.0,0.0,-0.02747346297625328,-0.047619043083900664,0.0,0.0,2026-01-30,0,259,0,high,5593.0,7,Premium,799.0,high,active
u000821,2026-01-12,6,53.879999999999995,3,10,0,0.0,0.0,0.0,0.0,0.0,1,37.76,3.75,6.75,0.0,1.0,0.0,0.4269067683552233,-0.1999999466666809,0.0,0.0,2026-01-30,0,264,0,low,2392.0,8,Basic,299.0,low,active
u001197,2026-01-12,7,93.53,5,12,0,0.0,0.0,0.0,0.0,0.0,1,110.83250000000001,6.25,7.0,0.0,1.0,0.0,-0.15611395433547068,-0.1999999680000051,0.0,0.0,2026-01-30,0,91,0,high,998.0,2,Standard,499.0,mid,active
u001012,2026-01-12,7,211.03,17,17,0,0.0,0.0,0.0,0.0,0.0,1,127.91999999999999,8.5,7.0,0.0,2.0,0.0,0.6497029342581073,0.9999998823529551,0.0,0.0,2026-01-30,0,70,0,high,998.0,2,Standard,499.0,mid,active
u001198,2026-01-12,7,134.84,8,11,0,0.0,0.0,0.0,0.0,0.0,1,154.865,8.0,6.5,0.0,1.0,0.0,-0.12930616905494358,0.0,0.0,0.0,2026-01-30,1,24,0,medium,299.0,1,Basic,299.0,low,cancelled
u001199,2026-01-12,7,0.0,0,0,0,0.0,0.0,1.0,0.0,0.0,0,0.0,0.0,7.0,0.0,1.0,0.0,0.0,0.0,0.0,0.0,2026-01-30,0,69,0,low,499.0,1,Standard,499.0,mid,cancelled
u001011,2026-01-12,7,0.0,0,0,0,0.0,0.0,0.0,0.0,0.0,0,0.0,0.0,7.0,0.0,0.0,0.0,0.0,0.0,0.0,0.0,2026-01-30,0,203,0,low,1598.0,2,Premium,799.0,high,cancelled
u000732,2026-01-12,7,138.94,8,13,0,0.0,0.0,0.0,0.0,0.0,1,122.25250000000001,9.0,7.0,0.0,1.0,0.0,0.1365002749514301,-0.11111109876543349,0.0,0.0,2026-01-30,0,165,0,high,2495.0,5,Standard,499.0,mid,active
u001200,2026-01-12,7,0.0,0,0,0,0.0,0.0,0.0,0.0,0.0,0,0.0,0.0,7.0,0.0,0.0,0.0,0.0,0.0,0.0,0.0,2026-01-30,0,115,0,low,499.0,1,Standard,499.0,mid,cancelled
u002455,2026-01-12,7,0.0,0,0,0,0.0,0.0,0.0,0.0,0.0,0,20.515,1.5,7.0,0.0,1.0,0.0,-0.9999999512551815,-0.9999993333337779,0.0,0.0,2026-01-30,0,62,0,low,299.0,1,Basic,299.0,low,cancelled
u001201,2026-01-12,6,9.0,2,1,0,0.0,0.0,0.0,0.0,0.0,0,30.16,2.75,6.5,1.0,1.0,1.0,-0.7015914886740222,-0.27272717355375503,0.9999990000010001,0.9999990000010001,2026-01-30,0,50,0,low,0.0,0,Basic,299.0,low,expired
u000812,2026-01-12,7,68.86,6,7,0,0.0,0.0,1.0,0.0,0.0,1,29.490000000000002,2.75,6.75,0.0,1.0,0.0,1.3350287780593835,1.1818177520662718,0.0,0.0,2026-01-30,0,50,0,low,299.0,1,Basic,299.0,low,active
u000733,2026-01-12,7,128.59,16,12,0,0.0,0.0,1.0,0.0,0.0,1,148.3525,10.25,7.0,0.0,1.0,0.0,-0.13321312324892987,0.5609755550267752,0.0,0.0,2026-01-30,0,39,0,high,299.0,1,Basic,299.0,low,active
u001202,2026-01-12,7,0.0,0,0,0,0.0,0.0,0.0,0.0,0.0,0,0.0,0.0,6.75,0.0,0.0,0.0,0.0,0.0,0.0,0.0,2026-01-30,0,151,0,medium,998.0,2,Standard,499.0,mid,cancelled
u001176,2026-01-12,7,0.0,0,0,0,0.0,0.0,0.0,0.0,0.0,0,12.695000000000007,1.5,7.0,1.0,1.0,1.0,-0.9999999212288365,-0.9999993333337779,0.9999990000010001,0.9999990000010001,2026-01-30,0,185,0,low,1196.0,4,Basic,299.0,low,expired
u001010,2026-01-12,7,334.88,22,40,0,0.0,0.0,0.0,0.0,0.0,1,252.19,16.5,7.0,0.0,1.0,0.0,0.32788770241529125,0.3333333131313143,0.0,0.0,2026-01-30,0,140,0,high,3196.0,4,Premium,799.0,high,active
u001026,2026-01-12,7,70.99,9,5,0,0.0,0.0,1.0,1.0,0.0,1,54.69,5.25,7.0,0.0,1.0,0.0,0.2980435125609158,0.7142855782313184,0.0,0.0,2026-01-30,0,257,0,medium,2392.0,8,Basic,299.0,low,active
u001203,2026-01-12,7,104.8,4,7,0,0.0,0.0,0.0,0.0,0.0,1,75.175,3.5,6.0,0.0,1.0,0.0,0.3940804736404327,0.142857102040828,0.0,0.0,2026-01-30,0,23,0,medium,299.0,1,Basic,299.0,low,active
u000810,2026-01-12,7,78.25,6,13,0,1.0,0.0,0.0,0.0,0.0,1,70.36500000000001,4.5,4.5,0.0,1.0,0.0,0.11205855024431806,0.3333332592592757,0.0,0.0,2026-01-30,0,20,0,medium,499.0,1,Standard,499.0,mid,active
u001009,2026-01-12,7,218.85999999999999,15,23,0,0.0,0.0,0.0,0.0,0.0,1,100.65249999999999,7.25,7.0,0.0,1.0,0.0,1.1744119502803017,1.06896536979788,0.0,0.0,2026-01-30,0,86,0,medium,998.0,2,Standard,499.0,mid,active
u001204,2026-01-12,7,0.0,0,0,0,0.0,0.0,0.0,0.0,0.0,0,0.0,0.0,7.0,0.0,0.0,0.0,0.0,0.0,0.0,0.0,2026-01-30,0,79,0,medium,499.0,1,Standard,499.0,mid,cancelled
u001008,2026-01-12,7,0.0,0,0,0,0.0,0.0,1.0,0.0,0.0,0,0.0,0.0,7.0,0.0,0.0,0.0,0.0,0.0,0.0,0.0,2026-01-30,0,144,0,medium,998.0,2,Standard,499.0,mid,cancelled
u001205,2026-01-12,7,91.55,8,9,0,0.0,0.0,1.0,0.0,0.0,1,79.445,7.5,7.0,0.0,1.0,0.0,0.1523695619312788,0.06666665777777896,0.0,0.0,2026-01-30,0,107,0,medium,897.0,3,Basic,299.0,low,active
u000734,2026-01-12,7,154.61,10,18,0,0.0,0.0,0.0,0.0,0.0,1,77.1175,5.5,6.75,0.0,1.0,0.0,1.0048626964714533,0.8181816694215146,0.0,0.0,2026-01-30,0,76,0,medium,998.0,2,Standard,499.0,mid,active
u001175,2026-01-12,6,40.4,2,3,0,0.0,0.0,0.0,0.0,0.0,1,84.39750000000001,4.75,6.75,0.0,1.0,0.0,-0.5213128289189511,-0.5789472465374218,0.0,0.0,2026-01-30,0,268,0,high,3493.0,7,Standard,499.0,mid,active
u000809,2026-01-12,7,0.0,0,0,0,0.0,0.0,1.0,0.0,0.0,0,0.0,0.0,7.0,0.0,0.0,0.0,0.0,0.0,0.0,0.0,2026-01-30,0,172,0,low,897.0,3,Basic,299.0,low,cancelled
u000822,2026-01-12,7,110.5,8,11,0,0.0,0.0,1.0,0.0,0.0,1,117.4625,7.5,7.0,0.0,2.0,0.0,-0.0592742359538216,0.06666665777777896,0.0,0.0,2026-01-30,0,103,0,high,2397.0,3,Premium,799.0,high,active
u000674,2026-01-12,7,93.08,6,9,0,0.0,0.0,0.0,0.0,0.0,1,57.0,3.5,7.0,1.0,3.0,1.0,0.6329824450353957,0.7142855102041399,0.33333322222225925,0.33333322222225925,2026-01-30,0,247,0,low,3992.0,8,Standard,499.0,mid,active
u001241,2026-01-12,7,38.34,5,6,0,0.0,0.0,0.0,0.0,0.0,1,51.752500000000005,5.0,7.0,0.0,1.0,0.0,-0.2591662188461192,0.0,0.0,0.0,2026-01-30,0,143,0,medium,1196.0,4,Basic,299.0,low,active
u001242,2026-01-12,7,147.2,13,14,0,0.0,0.0,1.0,0.0,0.0,1,199.6875,15.5,7.0,0.0,1.0,0.0,-0.2628481989966914,-0.16129031217481857,0.0,0.0,2026-01-30,0,75,0,high,998.0,2,Standard,499.0,mid,active
u000686,2026-01-12,7,20.14,1,2,0,0.0,0.0,0.0,0.0,0.0,1,92.59,5.0,6.75,1.0,1.0,1.0,-0.7824819010424247,-0.799999840000032,0.9999990000010001,0.9999990000010001,2026-01-30,1,69,0,medium,299.0,1,Basic,299.0,low,expired
u000007,2026-01-12,7,65.44,3,6,0,0.0,0.0,0.0,0.0,0.0,1,55.60249999999999,4.25,7.0,0.0,1.0,0.0,0.17692549477225866,-0.29411757785468756,0.0,0.0,2026-01-30,0,249,0,low,2093.0,7,Basic,299.0,low,active
u001139,2026-01-12,7,147.31,6,15,0,0.0,0.0,0.0,0.0,0.0,1,124.3425,8.75,7.0,0.0,1.0,0.0,0.18471158144068536,-0.31428567836735105,0.0,0.0,2026-01-30,0,84,0,high,598.0,2,Basic,299.0,low,active
u001050,2026-01-12,7,39.589999999999996,4,4,0,0.0,0.0,0.0,0.0,0.0,1,80.855,6.0,7.0,0.0,2.0,0.0,-0.5103580420461563,-0.33333327777778704,0.0,0.0,2026-01-30,0,240,0,medium,2093.0,7,Basic,299.0,low,active
u000685,2026-01-12,7,0.0,0,0,0,0.0,0.0,0.0,0.0,0.0,0,0.0,0.0,7.0,0.0,0.0,0.0,0.0,0.0,0.0,0.0,2026-01-30,0,228,0,low,499.0,1,Standard,499.0,mid,cancelled
u001138,2026-01-12,7,26.06,3,1,0,0.0,0.0,0.0,0.0,0.0,1,120.84999999999998,7.25,7.0,0.0,1.0,0.0,-0.7843607713333821,-0.5862068156956116,0.0,0.0,2026-01-30,0,178,0,high,1196.0,4,Basic,299.0,low,active
u000019,2026-01-12,7,154.65,11,19,0,0.0,0.0,0.0,0.0,0.0,1,173.84000000000003,11.25,7.0,0.0,1.0,0.0,-0.11038886268759296,-0.022222220246913758,0.0,0.0,2026-01-30,0,60,0,high,799.0,1,Premium,799.0,high,active
u000847,2026-01-12,7,144.11,6,12,0,0.0,0.0,0.0,0.0,0.0,1,163.25,10.0,6.75,0.0,1.0,0.0,-0.11724349085915159,-0.39999996000000404,0.0,0.0,2026-01-30,0,231,0,medium,5593.0,7,Premium,799.0,high,active
u002436,2026-01-12,7,150.61,9,12,0,0.0,0.0,1.0,0.0,0.0,1,98.215,6.0,6.75,0.0,2.0,0.0,0.533472478404801,0.49999991666668053,0.0,0.0,2026-01-30,0,129,0,high,3196.0,4,Premium,799.0,high,active
u001279,2026-01-12,7,44.22,3,7,0,0.0,0.0,0.0,0.0,0.0,1,77.9975,6.0,7.0,0.0,1.0,0.0,-0.43305874633086006,-0.49999991666668053,0.0,0.0,2026-01-30,0,268,0,medium,2392.0,8,Basic,299.0,low,active
u000956,2026-01-12,7,78.09,4,8,0,0.0,0.0,0.0,0.0,0.0,1,67.73500000000001,4.5,6.75,0.0,1.0,0.0,0.15287517305860804,-0.11111108641975857,0.0,0.0,2026-01-30,0,117,0,medium,897.0,3,Basic,299.0,low,active
u001280,2026-01-12,7,0.0,0,0,0,0.0,0.0,0.0,0.0,0.0,0,29.082500000000003,1.75,7.0,1.0,1.0,1.0,-0.9999999656150618,-0.9999994285717552,0.9999990000010001,0.9999990000010001,2026-01-30,0,53,0,low,0.0,0,Standard,499.0,mid,expired
u001051,2026-01-12,6,28.35,3,2,0,0.0,0.0,0.0,0.0,0.0,1,81.7175,5.0,6.5,0.0,1.0,0.0,-0.6530730791681943,-0.399999920000016,0.0,0.0,2026-01-30,0,143,0,high,1196.0,4,Basic,299.0,low,active
u000955,2026-01-12,7,25.8,2,2,0,0.0,0.0,1.0,1.0,0.0,1,66.77499999999999,4.5,7.0,0.0,2.0,0.0,-0.6136278455465691,-0.5555554320987929,0.0,0.0,2026-01-30,0,73,0,low,598.0,2,Basic,299.0,low,active
u000752,2026-01-12,7,66.26,3,8,0,0.0,0.0,0.0,0.0,0.0,1,103.2725,6.75,6.75,0.0,1.0,0.0,-0.35839647187395984,-0.555555473251041,0.0,0.0,2026-01-30,0,233,0,high,5593.0,7,Premium,799.0,high,active
u001281,2026-01-12,7,0.0,0,0,0,0.0,0.0,0.0,0.0,0.0,0,23.965000000000014,1.75,7.0,0.0,1.0,0.0,-0.9999999582724824,-0.9999994285717552,0.0,0.0,2026-01-30,0,85,0,low,598.0,2,Basic,299.0,low,cancelled
u001137,2026-01-12,7,40.53,3,2,0,0.0,0.0,0.0,0.0,0.0,1,39.54,2.75,7.0,0.0,1.0,0.0,0.02503793563384083,0.09090905785125168,0.0,0.0,2026-01-30,0,89,0,low,598.0,2,Basic,299.0,low,active
u000954,2026-01-12,7,0.0,0,0,0,0.0,0.0,0.0,0.0,0.0,0,0.0,0.0,7.0,0.0,0.0,0.0,0.0,0.0,0.0,0.0,2026-01-30,0,163,0,low,897.0,3,Basic,299.0,low,cancelled
u000795,2026-01-12,7,0.0,0,0,0,0.0,0.0,0.0,0.0,0.0,0,0.0,0.0,7.0,0.0,0.0,0.0,0.0,0.0,0.0,0.0,2026-01-30,0,162,0,low,299.0,1,Basic,299.0,low,expired
u001282,2026-01-12,7,81.79,6,8,0,0.0,0.0,0.0,0.0,0.0,1,212.71999999999997,13.5,7.0,0.0,1.0,0.0,-0.6155039459594586,-0.5555555144032953,0.0,0.0,2026-01-30,0,85,0,high,1598.0,2,Premium,799.0,high,active
u001283,2026-01-12,7,25.41,2,5,0,0.0,0.0,0.0,0.0,0.0,1,63.59,3.75,6.75,0.0,1.0,0.0,-0.6004088598771999,-0.4666665422222554,0.0,0.0,2026-01-30,0,172,0,low,2495.0,5,Standard,499.0,mid,active
u001136,2026-01-12,7,137.26,9,10,0,0.0,0.0,1.0,0.0,0.0,1,142.48,8.25,7.0,0.0,1.0,0.0,-0.036636720686154395,0.09090907988980851,0.0,0.0,2026-01-30,0,256,0,high,3992.0,8,Standard,499.0,mid,active
u002474,2026-01-12,7,0.0,0,0,0,0.0,0.0,0.0,0.0,0.0,0,0.0,0.0,7.0,0.0,0.0,0.0,0.0,0.0,0.0,0.0,2026-01-30,0,219,0,low,598.0,2,Basic,299.0,low,expired
u000953,2026-01-12,7,22.58,2,4,0,0.0,0.0,1.0,0.0,0.0,1,27.439999999999998,2.5,6.75,0.0,1.0,0.0,-0.17711369616932593,-0.199999920000032,0.0,0.0,2026-01-30,0,116,0,low,897.0,3,Basic,299.0,low,active
u001284,2026-01-12,7,0.0,0,0,0,0.0,0.0,0.0,0.0,0.0,0,35.59000000000002,2.0,7.0,0.0,1.0,0.0,-0.9999999719022206,-0.99999950000025,0.0,0.0,2026-01-30,0,69,0,medium,499.0,1,Standard,499.0,mid,cancelled
u000684,2026-01-12,7,165.44,13,14,0,0.0,0.0,0.0,0.0,0.0,1,74.27666666666666,7.333333333333333,6.333333333333333,1.0,1.0,1.0,1.2273481861417022,0.7727271673553864,0.9999990000010001,0.9999990000010001,2026-01-30,1,30,0,low,0.0,0,Basic,299.0,low,expired
u000683,2026-01-12,7,182.97,10,22,0,0.0,0.0,0.0,0.0,0.0,1,126.38,7.0,6.0,0.0,1.0,0.0,0.44777654337888484,0.4285713673469475,0.0,0.0,2026-01-30,0,30,0,high,499.0,1,Standard,499.0,mid,active
u001278,2026-01-12,7,27.83,1,4,0,0.0,0.0,0.0,0.0,0.0,1,16.9925,1.0,7.0,0.0,1.0,0.0,0.63778133660254,0.0,0.0,0.0,2026-01-30,0,76,0,low,598.0,2,Basic,299.0,low,cancelled
u000848,2026-01-12,7,0.0,0,0,0,0.0,0.0,0.0,0.0,0.0,0,0.0,0.0,7.0,0.0,0.0,0.0,0.0,0.0,0.0,0.0,2026-01-30,0,258,0,low,2093.0,7,Basic,299.0,low,cancelled
u001277,2026-01-12,7,40.14,3,5,0,0.0,0.0,0.0,0.0,0.0,1,111.065,6.75,7.0,0.0,1.0,0.0,-0.6385900091064691,-0.555555473251041,0.0,0.0,2026-01-30,0,106,0,medium,1497.0,3,Standard,499.0,mid,active
u001276,2026-01-12,7,12.43,1,1,0,0.0,0.0,0.0,0.0,0.0,1,66.3425,4.75,7.0,0.0,2.0,0.0,-0.8126389446789171,-0.7894735180055751,0.0,0.0,2026-01-30,1,91,0,medium,2397.0,3,Premium,799.0,high,cancelled
u000962,2026-01-12,7,50.21,5,7,0,0.0,0.0,0.0,0.0,0.0,1,64.75999999999999,5.25,7.0,0.0,1.0,0.0,-0.22467572228728028,-0.04761903854875456,0.0,0.0,2026-01-30,0,168,0,low,2495.0,5,Standard,499.0,mid,active
u002438,2026-01-12,7,18.04,2,1,0,0.0,0.0,0.0,0.0,0.0,1,26.720000000000002,2.0,6.75,1.0,1.0,1.0,-0.3248502872436271,0.0,0.9999990000010001,0.9999990000010001,2026-01-30,1,101,0,low,598.0,2,Basic,299.0,low,expired
u001142,2026-01-12,7,107.63,10,17,0,0.0,0.0,1.0,0.0,0.0,1,69.61250000000001,5.25,7.0,1.0,2.0,1.0,0.5461303566725749,0.9047617324263366,0.499999750000125,0.499999750000125,2026-01-30,0,186,0,medium,2495.0,5,Standard,499.0,mid,active
u000029,2026-01-12,6,45.489999999999995,6,3,0,0.0,0.0,1.0,1.0,0.0,1,97.2725,6.75,6.75,1.0,2.0,1.0,-0.5323446962672421,-0.1111110946502082,0.499999750000125,0.499999750000125,2026-01-30,0,134,0,high,1996.0,4,Standard,499.0,mid,active
u001270,2026-01-12,7,155.39,11,17,0,0.0,0.0,0.0,0.0,0.0,1,103.8125,8.5,7.0,0.0,1.0,0.0,0.4968332282063023,0.2941176124567515,0.0,0.0,2026-01-30,0,258,0,high,5593.0,7,Premium,799.0,high,active
u000845,2026-01-12,7,40.93,5,6,0,0.0,0.0,0.0,0.0,0.0,1,43.05499999999999,3.0,7.0,0.0,1.0,0.0,-0.04935547440818764,0.6666664444445185,0.0,0.0,2026-01-30,0,269,0,low,3992.0,8,Standard,499.0,mid,active
u001049,2026-01-12,7,132.91,12,12,0,0.0,0.0,0.0,0.0,0.0,1,124.24249999999999,9.25,7.0,0.0,2.0,0.0,0.06976276177827428,0.29729726515705246,0.0,0.0,2026-01-30,0,103,0,high,1497.0,3,Standard,499.0,mid,active
u000018,2026-01-12,7,47.72,7,7,0,0.0,0.0,0.0,0.0,0.0,1,71.16499999999999,4.75,7.0,0.0,1.0,0.0,-0.32944564983565444,0.4736841108033451,0.0,0.0,2026-01-30,0,238,0,medium,1794.0,6,Basic,299.0,low,active
u000961,2026-01-12,7,56.89,4,8,0,0.0,0.0,0.0,0.0,0.0,1,121.08000000000003,10.25,7.0,1.0,2.0,1.0,-0.5301453540622287,-0.6097560380725817,0.499999750000125,0.499999750000125,2026-01-30,0,232,0,medium,2994.0,6,Standard,499.0,mid,active
u001271,2026-01-12,7,249.21,14,23,0,0.0,0.0,0.0,0.0,0.0,1,185.81999999999996,13.5,7.0,0.0,1.0,0.0,0.3411365819549213,0.03703703429355302,0.0,0.0,2026-01-30,0,178,0,high,3995.0,5,Premium,799.0,high,active
u000687,2026-01-12,7,19.5,1,4,0,0.0,0.0,1.0,0.0,0.0,1,94.2825,5.75,7.0,1.0,1.0,1.0,-0.7931747589088669,-0.8260868128544673,0.9999990000010001,0.9999990000010001,2026-01-30,0,168,0,high,1497.0,3,Standard,499.0,mid,active
u000797,2026-01-12,7,281.08,14,29,1,0.0,0.0,0.0,0.0,0.0,1,209.59,12.333333333333334,5.333333333333333,0.0,1.0,0.0,0.34109451624078185,0.13513512417823312,0.0,0.0,2026-01-30,0,27,0,high,799.0,1,Premium,799.0,high,active
u000750,2026-01-12,7,0.0,0,0,0,0.0,0.0,0.0,0.0,0.0,0,0.0,0.0,6.75,0.0,0.0,0.0,0.0,0.0,0.0,0.0,2026-01-30,0,231,0,medium,3995.0,5,Premium,799.0,high,cancelled
u000846,2026-01-12,7,105.85,5,9,0,0.0,0.0,0.0,0.0,0.0,1,154.7425,8.75,7.0,0.0,1.0,0.0,-0.3159603837603737,-0.4285713795918424,0.0,0.0,2026-01-30,0,269,0,high,6392.0,8,Premium,799.0,high,active
u001272,2026-01-12,7,123.22,4,11,0,0.0,0.0,0.0,0.0,0.0,1,141.69,8.25,7.0,1.0,2.0,1.0,-0.13035499943288165,-0.5151514527089148,0.499999750000125,0.499999750000125,2026-01-30,0,243,0,medium,2093.0,7,Basic,299.0,low,active
u000960,2026-01-12,7,0.0,0,0,0,0.0,0.0,1.0,1.0,0.0,0,36.1075,3.0,6.75,1.0,1.0,1.0,-0.9999999723049237,-0.9999996666667778,0.9999990000010001,0.9999990000010001,2026-01-30,1,167,0,low,1196.0,4,Basic,299.0,low,expired
u000751,2026-01-12,7,49.05,2,3,0,0.0,0.0,0.0,0.0,0.0,1,56.70666666666667,3.0,6.0,0.0,1.0,0.0,-0.1350223347926935,-0.33333322222225925,0.0,0.0,2026-01-30,0,29,0,low,299.0,1,Basic,299.0,low,active
u001273,2026-01-12,7,377.07,26,38,1,0.0,0.0,0.0,0.0,0.0,1,248.33749999999998,16.0,6.25,0.0,1.0,0.0,0.5183772063487102,0.6249999609375024,0.0,0.0,2026-01-30,0,37,0,high,799.0,1,Premium,799.0,high,active
u002487,2026-01-12,7,134.75,7,20,0,0.0,0.0,0.0,0.0,0.0,1,78.0625,4.25,6.75,0.0,1.0,0.0,0.7261809354532467,0.6470586712803126,0.0,0.0,2026-01-30,0,209,0,medium,1794.0,6,Basic,299.0,low,active
u002437,2026-01-12,7,0.0,0,0,0,0.0,0.0,1.0,0.0,0.0,0,0.0,0.0,7.0,0.0,0.0,0.0,0.0,0.0,0.0,0.0,2026-01-30,0,110,0,low,0.0,0,Basic,299.0,low,expired
u000959,2026-01-12,7,61.22,3,6,0,0.0,0.0,0.0,0.0,0.0,1,29.49333333333333,1.6666666666666667,5.333333333333333,0.0,1.0,0.0,1.0757232908321672,0.799999520000288,0.0,0.0,2026-01-30,0,27,0,medium,299.0,1,Basic,299.0,low,active
u001274,2026-01-12,7,34.66,2,3,0,0.0,0.0,0.0,0.0,0.0,1,100.465,5.75,7.0,0.0,2.0,0.0,-0.6550042238092448,-0.6521737996219479,0.0,0.0,2026-01-30,0,101,0,high,1497.0,3,Standard,499.0,mid,active
u000796,2026-01-12,7,107.72,12,16,0,0.0,0.0,0.0,0.0,0.0,1,74.9125,6.5,7.0,0.0,1.0,0.0,0.4379442624669547,0.8461537159763514,0.0,0.0,2026-01-30,0,196,0,medium,1794.0,6,Basic,299.0,low,active
u001141,2026-01-12,7,66.28999999999999,7,7,0,0.0,0.0,0.0,0.0,0.0,1,57.777499999999996,4.75,6.75,0.0,1.0,0.0,0.1473324365482681,0.4736841108033451,0.0,0.0,2026-01-30,0,49,0,medium,299.0,1,Basic,299.0,low,active
u001275,2026-01-12,7,23.41,2,2,0,0.0,0.0,0.0,0.0,0.0,0,78.1375,7.25,7.0,0.0,1.0,0.0,-0.7003999270465535,-0.7241378311534026,0.0,0.0,2026-01-30,0,79,0,medium,998.0,2,Standard,499.0,mid,cancelled
u000958,2026-01-12,7,128.44,8,7,0,0.0,0.0,0.0,0.0,0.0,1,136.01749999999998,6.5,6.75,0.0,1.0,0.0,-0.05570974282199161,0.23076919526627765,0.0,0.0,2026-01-30,0,111,0,high,2397.0,3,Premium,799.0,high,active
u001140,2026-01-12,7,210.32999999999998,10,21,1,0.0,0.0,0.0,0.0,0.0,1,211.0425,11.75,7.0,1.0,1.0,1.0,-0.0033760972156030586,-0.1489361575373483,0.9999990000010001,0.9999990000010001,2026-01-30,0,135,0,high,1598.0,2,Premium,799.0,high,cancelled
u000957,2026-01-12,7,35.58,2,5,0,0.0,0.0,1.0,0.0,0.0,1,84.8875,6.0,7.0,0.0,1.0,0.0,-0.5808570097970018,-0.6666665555555741,0.0,0.0,2026-01-30,0,170,0,medium,1495.0,5,Basic,299.0,low,active
u001184,2026-01-12,7,29.09,2,3,0,0.0,0.0,0.0,0.0,0.0,1,52.080000000000005,3.75,7.0,0.0,2.0,0.0,-0.4414362434440046,-0.4666665422222554,0.0,0.0,2026-01-30,0,158,0,low,1495.0,5,Basic,299.0,low,active
u000952,2026-01-12,6,70.08,6,12,0,0.0,0.0,0.0,0.0,0.0,1,116.70000000000002,7.75,6.75,0.0,1.0,0.0,-0.39948585775933293,-0.22580642247659063,0.0,0.0,2026-01-30,0,194,0,high,2994.0,6,Standard,499.0,mid,active
u000753,2026-01-12,7,0.0,0,0,0,0.0,0.0,0.0,0.0,0.0,0,0.0,0.0,6.75,0.0,0.0,0.0,0.0,0.0,0.0,0.0,2026-01-30,0,249,0,low,299.0,1,Basic,299.0,low,expired
u001132,2026-01-12,7,118.34,7,9,0,0.0,0.0,0.0,0.0,0.0,1,125.63749999999999,7.25,6.75,1.0,2.0,1.0,-0.058083772296616966,-0.03448275386444774,0.499999750000125,0.499999750000125,2026-01-30,0,102,0,medium,598.0,2,Basic,299.0,low,active
u001290,2026-01-12,7,144.85,6,13,0,0.0,0.0,0.0,0.0,0.0,1,141.905,7.0,7.0,0.0,1.0,0.0,0.020753320737441756,-0.1428571224489825,0.0,0.0,2026-01-30,0,114,0,high,2397.0,3,Premium,799.0,high,active
u000677,2026-01-12,7,24.77,2,1,0,0.0,0.0,0.0,0.0,0.0,1,65.355,4.0,6.75,0.0,2.0,0.0,-0.6209930285212605,-0.49999987500003124,0.0,0.0,2026-01-30,0,125,0,low,1196.0,4,Basic,299.0,low,active
u000948,2026-01-12,7,102.52,5,7,0,0.0,0.0,0.0,0.0,0.0,1,169.4075,9.75,7.0,0.0,1.0,0.0,-0.3948319856273661,-0.48717943721236545,0.0,0.0,2026-01-30,0,237,0,high,5593.0,7,Premium,799.0,high,active
u001131,2026-01-12,7,94.0,8,10,0,0.0,0.0,1.0,0.0,0.0,1,80.72,5.25,7.0,0.0,1.0,0.0,0.1645193240272631,0.5238094240363002,0.0,0.0,2026-01-30,0,168,0,medium,1495.0,5,Basic,299.0,low,active
u001055,2026-01-12,7,172.03,11,14,0,0.0,0.0,0.0,0.0,0.0,1,120.20249999999999,7.25,7.0,1.0,3.0,1.0,0.4311682333464927,0.5172413079667161,0.33333322222225925,0.33333322222225925,2026-01-30,0,251,0,medium,2093.0,7,Basic,299.0,low,active
u001291,2026-01-12,7,36.92,2,3,0,0.0,0.0,0.0,0.0,0.0,1,51.147499999999994,3.25,7.0,1.0,3.0,1.0,-0.2781660828356012,-0.38461526627222575,0.33333322222225925,0.33333322222225925,2026-01-30,0,212,0,low,2093.0,7,Basic,299.0,low,active
u000854,2026-01-12,7,25.68,1,1,0,0.0,0.0,0.0,0.0,0.0,1,87.97,3.75,7.0,0.0,1.0,0.0,-0.7080822927352246,-0.7333331377778299,0.0,0.0,2026-01-30,0,211,0,medium,2994.0,6,Standard,499.0,mid,active
u000947,2026-01-12,7,108.45,6,16,0,0.0,0.0,0.0,0.0,0.0,1,92.77666666666666,5.0,4.666666666666667,0.0,1.0,0.0,0.1689361531031207,0.199999960000008,0.0,0.0,2026-01-30,1,26,0,medium,499.0,1,Standard,499.0,mid,cancelled
u001292,2026-01-12,7,44.9,2,8,0,0.0,0.0,0.0,0.0,0.0,1,28.23,2.0,7.0,0.0,1.0,0.0,0.5905065323943841,0.0,0.0,0.0,2026-01-30,0,55,0,low,299.0,1,Basic,299.0,low,active
u001130,2026-01-12,7,55.55,4,5,0,0.0,0.0,0.0,0.0,0.0,1,47.754999999999995,4.0,7.0,0.0,1.0,0.0,0.163228977840457,0.0,0.0,0.0,2026-01-30,0,108,0,low,897.0,3,Basic,299.0,low,active
u001293,2026-01-12,7,41.09,2,4,0,0.0,0.0,0.0,0.0,0.0,1,69.405,5.0,6.75,0.0,2.0,0.0,-0.4079677197901056,-0.599999880000024,0.0,0.0,2026-01-30,0,159,0,medium,1196.0,4,Basic,299.0,low,active
u000946,2026-01-12,6,92.88,6,10,0,0.0,0.0,1.0,0.0,0.0,1,114.35249999999999,7.75,6.75,1.0,2.0,1.0,-0.18777464255023157,-0.22580642247659063,0.499999750000125,0.499999750000125,2026-01-30,0,241,0,medium,3493.0,7,Standard,499.0,mid,active
u001056,2026-01-12,7,106.61,7,8,0,1.0,0.0,0.0,0.0,0.0,1,53.305,3.5,5.0,0.0,1.0,0.0,0.9999999812400342,0.9999997142857959,0.0,0.0,2026-01-30,0,21,0,medium,299.0,1,Basic,299.0,low,active
u000676,2026-01-12,7,0.0,0,0,0,0.0,0.0,0.0,0.0,0.0,0,7.7875,0.75,7.0,0.0,1.0,0.0,-0.9999998715891015,-0.9999986666684444,0.0,0.0,2026-01-30,0,88,0,low,598.0,2,Basic,299.0,low,cancelled
u001129,2026-01-12,7,177.78,14,19,0,0.0,0.0,1.0,0.0,0.0,1,250.9220128307364,13.5,7.0,0.0,2.0,0.0,-0.2914930089795771,0.03703703429355302,0.0,0.0,2026-01-30,0,131,0,high,1196.0,4,Basic,299.0,low,active
u000675,2026-01-12,7,93.18,8,10,0,0.0,0.0,0.0,0.0,0.0,1,91.2025,5.75,7.0,0.0,1.0,0.0,0.021682519430031928,0.39130427977316873,0.0,0.0,2026-01-30,0,114,0,medium,998.0,2,Standard,499.0,mid,active
u002489,2026-01-12,7,421.86,24,38,1,0.0,0.0,1.0,0.0,0.0,1,205.36749999999998,12.25,7.0,0.0,1.0,0.0,1.0541711757986483,0.9591835951686861,0.0,0.0,2026-01-30,0,139,0,high,1996.0,4,Standard,499.0,mid,active
u000042,2026-01-12,6,0.0,0,0,0,0.0,0.0,0.0,0.0,0.0,0,0.0,0.0,6.75,0.0,0.0,0.0,0.0,0.0,0.0,0.0,2026-01-30,0,80,0,low,299.0,1,Basic,299.0,low,cancelled
u001294,2026-01-12,7,0.0,0,0,0,0.0,0.0,0.0,0.0,0.0,0,0.0,0.0,7.0,0.0,0.0,0.0,0.0,0.0,0.0,0.0,2026-01-30,0,269,0,low,0.0,0,Basic,299.0,low,expired
u000006,2026-01-12,7,47.4,2,7,0,0.0,0.0,0.0,0.0,0.0,1,60.822500000000005,4.0,6.75,0.0,1.0,0.0,-0.2206831317245571,-0.49999987500003124,0.0,0.0,2026-01-30,0,55,0,medium,299.0,1,Basic,299.0,low,active
u000855,2026-01-12,7,0.0,0,0,0,0.0,0.0,0.0,0.0,0.0,0,0.0,0.0,7.0,0.0,0.0,0.0,0.0,0.0,0.0,0.0,2026-01-30,0,198,0,medium,1196.0,4,Basic,299.0,low,expired
u001295,2026-01-12,7,310.2550872163864,5,6,1,0.0,0.0,1.0,0.0,0.0,1,136.31836240546212,4.0,7.0,0.0,1.0,0.0,1.275959602695427,0.24999993750001562,0.0,0.0,2026-01-30,0,32,0,low,299.0,1,Basic,299.0,low,active
u000945,2026-01-12,7,63.16,5,8,0,0.0,0.0,0.0,0.0,0.0,1,138.7875,8.5,7.0,0.0,1.0,0.0,-0.5449157845993639,-0.4117646574394521,0.0,0.0,2026-01-30,0,238,0,high,2093.0,7,Basic,299.0,low,active
u001057,2026-01-12,7,93.64,6,9,0,0.0,0.0,1.0,0.0,0.0,1,126.99000000000001,8.75,7.0,0.0,2.0,0.0,-0.26261910179841647,-0.31428567836735105,0.0,0.0,2026-01-30,0,158,0,high,2495.0,5,Standard,499.0,mid,active
u000755,2026-01-12,7,71.73,5,10,0,0.0,0.0,1.0,0.0,0.0,1,78.87250000000002,5.25,7.0,1.0,2.0,1.0,-0.0905575442574087,-0.04761903854875456,0.499999750000125,0.499999750000125,2026-01-30,0,131,0,low,897.0,3,Basic,299.0,low,active
u001128,2026-01-12,7,89.91999999999999,5,10,0,0.0,0.0,0.0,0.0,0.0,1,137.18,10.0,7.0,0.0,1.0,0.0,-0.3445108591302607,-0.499999950000005,0.0,0.0,2026-01-30,0,110,0,high,499.0,1,Standard,499.0,mid,active
u000793,2026-01-12,7,184.78,16,23,0,0.0,0.0,0.0,0.0,0.0,1,204.5975,12.0,7.0,0.0,1.0,0.0,-0.09686090936174238,0.3333333055555579,0.0,0.0,2026-01-30,0,89,0,high,1598.0,2,Premium,799.0,high,active
u002434,2026-01-12,7,0.0,0,0,0,0.0,0.0,0.0,0.0,0.0,0,0.0,0.0,6.75,0.0,0.0,0.0,0.0,0.0,0.0,0.0,2026-01-30,0,191,0,low,1497.0,3,Standard,499.0,mid,cancelled
u001289,2026-01-12,7,96.11,6,9,0,0.0,0.0,0.0,0.0,0.0,1,117.53750000000001,9.75,7.0,0.0,2.0,0.0,-0.18230351860211838,-0.38461534516765694,0.0,0.0,2026-01-30,1,245,0,high,5593.0,7,Premium,799.0,high,cancelled
u000949,2026-01-12,7,67.89,4,4,0,0.0,0.0,0.0,0.0,0.0,1,129.355,7.0,5.5,0.0,1.0,0.0,-0.4751652392627634,-0.4285713673469475,0.0,0.0,2026-01-30,1,33,0,medium,299.0,1,Basic,299.0,low,cancelled
u002435,2026-01-12,7,120.67,8,10,0,0.0,0.0,0.0,0.0,0.0,1,88.9125,8.0,6.75,0.0,2.0,0.0,0.35717699584223833,0.0,0.0,0.0,2026-01-30,0,157,0,medium,1495.0,5,Basic,299.0,low,active
u000682,2026-01-12,7,150.3,9,14,0,0.0,0.0,0.0,0.0,0.0,1,160.20250000000001,10.5,7.0,0.0,1.0,0.0,-0.061812393303397946,-0.142857129251702,0.0,0.0,2026-01-30,0,236,0,high,3493.0,7,Standard,499.0,mid,active
u001052,2026-01-12,7,7.14,1,3,0,0.0,0.0,1.0,0.0,0.0,1,56.64999999999999,3.5,6.75,0.0,1.0,0.0,-0.8739629148461975,-0.7142855102041399,0.0,0.0,2026-01-30,0,179,0,low,2495.0,5,Standard,499.0,mid,active
u000849,2026-01-12,6,84.75,9,10,0,0.0,0.0,0.0,0.0,0.0,1,62.917500000000004,4.25,6.25,0.0,2.0,0.0,0.34700202094803473,1.1176467958478127,0.0,0.0,2026-01-30,0,65,0,medium,598.0,2,Basic,299.0,low,active
u002462,2026-01-12,7,78.63,2,11,0,0.0,0.0,0.0,0.0,0.0,1,90.2,5.25,7.0,0.0,2.0,0.0,-0.12827050855575942,-0.6190475011338092,0.0,0.0,2026-01-30,0,216,0,medium,2994.0,6,Standard,499.0,mid,active
u000951,2026-01-12,7,196.89,10,15,0,0.0,0.0,0.0,0.0,0.0,1,211.28000000000003,14.0,7.0,0.0,2.0,0.0,-0.06810867063560853,-0.2857142653061239,0.0,0.0,2026-01-30,0,247,0,high,5593.0,7,Premium,799.0,high,active
u001285,2026-01-12,7,193.76999999999998,9,17,0,0.0,0.0,0.0,0.0,0.0,1,126.165,6.0,7.0,0.0,1.0,0.0,0.5358459118151156,0.49999991666668053,0.0,0.0,2026-01-30,0,175,0,high,2495.0,5,Standard,499.0,mid,active
u000681,2026-01-12,7,0.0,0,0,0,0.0,0.0,0.0,0.0,0.0,0,3.0025,0.5,7.0,0.0,1.0,0.0,-0.9999996669443241,-0.999998000004,0.0,0.0,2026-01-30,0,89,0,low,598.0,2,Basic,299.0,low,cancelled
u000754,2026-01-12,7,144.48000000000002,12,11,0,0.0,0.0,0.0,0.0,0.0,1,100.74000000000001,7.75,6.25,0.0,1.0,0.0,0.43418701177102437,0.5483870260145772,0.0,0.0,2026-01-30,0,36,0,high,299.0,1,Basic,299.0,low,active
u001053,2026-01-12,7,38.56,1,5,0,0.0,0.0,1.0,0.0,0.0,1,34.4675,3.25,6.75,0.0,1.0,0.0,0.11873503681047261,-0.6923074792900064,0.0,0.0,2026-01-30,0,145,0,low,897.0,3,Basic,299.0,low,active
u000850,2026-01-12,7,0.0,0,0,0,0.0,0.0,0.0,0.0,0.0,0,0.0,0.0,7.0,0.0,0.0,0.0,0.0,0.0,0.0,0.0,2026-01-30,0,118,0,low,299.0,1,Basic,299.0,low,cancelled
u001135,2026-01-12,7,276.14,7,31,0,0.0,0.0,0.0,0.0,0.0,1,226.97500000000002,12.0,7.0,0.0,1.0,0.0,0.21660975782967376,-0.41666663194444736,0.0,0.0,2026-01-30,0,116,0,high,2397.0,3,Premium,799.0,high,active
u001286,2026-01-12,7,46.39,4,5,0,0.0,0.0,0.0,0.0,0.0,1,50.435,4.75,7.0,0.0,1.0,0.0,-0.0802022389173741,-0.15789470360111502,0.0,0.0,2026-01-30,0,258,0,medium,2093.0,7,Basic,299.0,low,active
u000688,2026-01-12,7,52.099999999999994,4,5,0,0.0,0.0,0.0,0.0,0.0,1,57.5925,4.5,7.0,0.0,1.0,0.0,-0.09536831887193103,-0.11111108641975857,0.0,0.0,2026-01-30,0,121,0,medium,897.0,3,Basic,299.0,low,active
u002488,2026-01-12,7,0.0,0,0,0,0.0,0.0,0.0,0.0,0.0,0,0.0,0.0,7.0,0.0,0.0,0.0,0.0,0.0,0.0,0.0,2026-01-30,0,257,0,low,799.0,1,Premium,799.0,high,expired
u000851,2026-01-12,7,29.04,4,4,0,1.0,0.0,0.0,0.0,0.0,1,59.605000000000004,4.5,7.0,0.0,1.0,0.0,-0.51279254235731,-0.11111108641975857,0.0,0.0,2026-01-30,0,25,0,medium,499.0,1,Standard,499.0,mid,active
u000680,2026-01-12,7,85.64,4,6,0,0.0,0.0,0.0,0.0,0.0,1,64.4475,4.5,6.25,0.0,1.0,0.0,0.32883354158293887,-0.11111108641975857,0.0,0.0,2026-01-30,0,36,0,medium,499.0,1,Standard,499.0,mid,active
u000950,2026-01-12,7,219.99,4,26,0,0.0,0.0,0.0,0.0,0.0,1,111.935,5.75,7.0,0.0,1.0,0.0,0.9653370173284762,-0.30434777315690903,0.0,0.0,2026-01-30,0,201,0,medium,2994.0,6,Standard,499.0,mid,active
u001134,2026-01-12,7,134.76,8,13,0,0.0,0.0,2.0,1.0,0.0,1,82.5075,6.25,7.0,0.0,1.0,0.0,0.6333060554094349,0.27999995520000714,0.0,0.0,2026-01-30,0,79,0,medium,598.0,2,Basic,299.0,low,active
u000679,2026-01-12,7,0.0,0,0,0,0.0,0.0,0.0,0.0,0.0,0,0.0,0.0,7.0,0.0,0.0,0.0,0.0,0.0,0.0,0.0,2026-01-30,0,139,0,low,499.0,1,Standard,499.0,mid,cancelled
u001054,2026-01-12,7,222.13,15,23,1,0.0,0.0,0.0,0.0,0.0,1,136.14666666666668,8.333333333333334,6.333333333333333,0.0,1.0,0.0,0.6315493049293703,0.7999999040000114,0.0,0.0,2026-01-30,0,30,0,medium,499.0,1,Standard,499.0,mid,active
u000028,2026-01-12,7,0.0,0,0,0,0.0,0.0,0.0,0.0,0.0,0,11.802499999999998,1.0,7.0,1.0,1.0,1.0,-0.9999999152721953,-0.9999990000010001,0.9999990000010001,0.9999990000010001,2026-01-30,0,64,0,low,0.0,0,Basic,299.0,low,expired
u000852,2026-01-12,7,149.13,11,18,0,0.0,0.0,1.0,0.0,0.0,1,162.89499999999998,9.25,7.0,0.0,2.0,0.0,-0.0845022862303797,0.1891891687363061,0.0,0.0,2026-01-30,0,69,0,high,1598.0,2,Premium,799.0,high,active
u001288,2026-01-12,7,93.53,4,11,0,0.0,0.0,0.0,0.0,0.0,1,74.685,5.25,6.75,0.0,1.0,0.0,0.25232643432648544,-0.2380951927437728,0.0,0.0,2026-01-30,0,212,0,medium,1495.0,5,Basic,299.0,low,active
u000794,2026-01-12,7,103.26,6,9,0,0.0,0.0,0.0,0.0,0.0,1,121.6325,7.0,7.0,0.0,1.0,0.0,-0.15104926601813431,-0.1428571224489825,0.0,0.0,2026-01-30,0,63,0,high,499.0,1,Standard,499.0,mid,active
u000678,2026-01-12,7,0.0,0,0,0,0.0,0.0,1.0,0.0,0.0,0,0.0,0.0,7.0,0.0,0.0,0.0,0.0,0.0,0.0,0.0,2026-01-30,0,249,0,low,2093.0,7,Basic,299.0,low,cancelled
u001133,2026-01-12,7,10.21,1,1,0,0.0,0.0,1.0,0.0,0.0,1,123.6175,6.75,7.0,0.0,1.0,0.0,-0.9174065086463769,-0.8518517256515962,0.0,0.0,2026-01-30,0,71,0,medium,598.0,2,Basic,299.0,low,cancelled
u000853,2026-01-12,7,331.85,21,26,0,0.0,0.0,0.0,0.0,0.0,1,252.9766666666667,15.666666666666666,6.0,0.0,1.0,0.0,0.311781058944378,0.3404255101856058,0.0,0.0,2026-01-30,1,29,0,high,799.0,1,Premium,799.0,high,cancelled
u001287,2026-01-12,7,577.88,40,54,1,0.0,0.0,0.0,0.0,0.0,1,320.365,20.0,7.0,1.0,1.0,1.0,0.8038175181314515,0.9999999500000024,0.9999990000010001,0.9999990000010001,2026-01-30,0,43,0,high,0.0,0,Standard,499.0,mid,active
u001269,2026-01-12,7,163.07999999999998,9,24,0,0.0,0.0,0.0,0.0,0.0,1,136.21333333333334,7.0,6.666666666666667,0.0,1.0,0.0,0.1972396226710089,0.285714244897965,0.0,0.0,2026-01-30,0,31,0,high,499.0,1,Standard,499.0,mid,active
u001143,2026-01-12,7,0.0,0,0,0,0.0,0.0,0.0,0.0,0.0,1,77.58500000000001,4.0,6.5,0.0,1.0,0.0,-0.9999999871109108,-0.9999997500000625,0.0,0.0,2026-01-30,0,37,0,medium,499.0,1,Standard,499.0,mid,active
u001048,2026-01-12,7,105.64,6,11,0,0.0,0.0,0.0,0.0,0.0,1,101.0725,8.25,7.0,0.0,1.0,0.0,0.04519033322426636,-0.2727272396694255,0.0,0.0,2026-01-30,0,120,0,medium,897.0,3,Basic,299.0,low,active
u001251,2026-01-12,7,0.0,0,0,0,0.0,0.0,1.0,0.0,0.0,0,0.0,0.0,7.0,0.0,0.0,0.0,0.0,0.0,0.0,0.0,2026-01-30,0,210,0,low,0.0,0,Basic,299.0,low,expired
u000701,2026-01-12,7,229.74,14,19,0,0.0,0.0,0.0,0.0,0.0,1,160.29500000000002,8.75,7.0,0.0,1.0,0.0,0.43323247491666933,0.5999999314285793,0.0,0.0,2026-01-30,0,140,0,high,3196.0,4,Premium,799.0,high,active
u000836,2026-01-12,6,109.06,10,14,0,0.0,0.0,0.0,0.0,0.0,1,122.67999999999999,8.25,6.75,0.0,1.0,0.0,-0.11102054034055633,0.2121211864095532,0.0,0.0,2026-01-30,0,76,0,medium,598.0,2,Basic,299.0,low,active
u001154,2026-01-12,7,234.73000000000002,10,22,1,0.0,0.0,0.0,0.0,0.0,1,216.545,13.75,7.0,0.0,1.0,0.0,0.08397792567836758,-0.27272725289256344,0.0,0.0,2026-01-30,0,42,0,high,799.0,1,Premium,799.0,high,active
u000975,2026-01-12,6,71.08999999999999,7,16,0,0.0,0.0,0.0,0.0,0.0,1,102.68733725714917,5.5,6.5,0.0,1.0,0.0,-0.30770431674860704,0.2727272231405049,0.0,0.0,2026-01-30,0,233,0,medium,2093.0,7,Basic,299.0,low,active
u001252,2026-01-12,7,14.85,1,1,0,0.0,0.0,0.0,0.0,0.0,0,65.2525,3.0,7.0,1.0,1.0,1.0,-0.7724225007099728,-0.6666664444445185,0.9999990000010001,0.9999990000010001,2026-01-30,0,167,0,medium,1996.0,4,Standard,499.0,mid,expired
u000700,2026-01-12,7,83.69,5,9,0,0.0,0.0,0.0,0.0,0.0,1,50.487500000000004,3.25,7.0,0.0,2.0,0.0,0.657638016189393,0.538461372781116,0.0,0.0,2026-01-30,0,247,0,low,2093.0,7,Basic,299.0,low,active
u000039,2026-01-12,7,45.14,4,4,0,0.0,0.0,0.0,0.0,0.0,1,47.834999999999994,3.75,7.0,0.0,1.0,0.0,-0.05633949918805257,0.06666664888889362,0.0,0.0,2026-01-30,0,201,0,medium,1794.0,6,Basic,299.0,low,active
u002485,2026-01-12,7,0.0,0,0,0,0.0,0.0,0.0,0.0,0.0,0,0.0,0.0,7.0,0.0,0.0,0.0,0.0,0.0,0.0,0.0,2026-01-30,0,184,0,low,897.0,3,Basic,299.0,low,expired
u001041,2026-01-12,7,0.0,0,0,0,0.0,0.0,0.0,0.0,0.0,0,0.0,0.0,7.0,0.0,0.0,0.0,0.0,0.0,0.0,0.0,2026-01-30,0,93,0,low,499.0,1,Standard,499.0,mid,cancelled
u001153,2026-01-12,7,143.47,9,19,0,0.0,0.0,0.0,0.0,0.0,1,87.8725,5.25,7.0,0.0,2.0,0.0,0.632706470935657,0.7142855782313184,0.0,0.0,2026-01-30,0,162,0,low,1495.0,5,Basic,299.0,low,active
u002441,2026-01-12,7,130.63,6,8,0,0.0,0.0,0.0,0.0,0.0,1,95.0475,4.5,7.0,0.0,1.0,0.0,0.37436544491580054,0.3333332592592757,0.0,0.0,2026-01-30,0,180,0,medium,1196.0,4,Basic,299.0,low,active
u001253,2026-01-12,7,274.99,11,30,1,0.0,0.0,0.0,0.0,0.0,1,162.9775,9.75,6.75,0.0,1.0,0.0,0.687288118376536,0.12820511505588564,0.0,0.0,2026-01-30,0,252,0,high,3992.0,8,Standard,499.0,mid,active
u000837,2026-01-12,7,145.78,12,21,0,0.0,0.0,1.0,0.0,0.0,1,113.3075,8.5,6.75,0.0,2.0,0.0,0.2865873813596859,0.4117646574394521,0.0,0.0,2026-01-30,0,68,0,high,998.0,2,Standard,499.0,mid,active
u002460,2026-01-12,7,137.78,7,15,0,0.0,0.0,0.0,0.0,0.0,1,109.78,6.25,7.0,1.0,1.0,1.0,0.25505556335347457,0.11999998080000307,0.9999990000010001,0.9999990000010001,2026-01-30,1,256,0,medium,3493.0,7,Standard,499.0,mid,expired
u000974,2026-01-12,7,0.0,0,0,0,0.0,0.0,0.0,0.0,0.0,1,106.8775,6.25,7.0,0.0,1.0,0.0,-0.9999999906434939,-0.9999998400000256,0.0,0.0,2026-01-30,0,151,0,medium,1996.0,4,Standard,499.0,mid,active
u001254,2026-01-12,7,60.31,4,8,0,0.0,0.0,0.0,0.0,0.0,1,45.355000000000004,2.75,6.75,0.0,1.0,0.0,0.329732106058161,0.4545452892562584,0.0,0.0,2026-01-30,0,71,0,medium,598.0,2,Basic,299.0,low,active
u000030,2026-01-12,7,152.68,9,12,0,0.0,0.0,0.0,0.0,0.0,1,153.3675,6.75,7.0,0.0,2.0,0.0,-0.004482696761160632,0.3333332839506246,0.0,0.0,2026-01-30,0,159,0,high,3995.0,5,Premium,799.0,high,active
u000009,2026-01-12,7,265.11,15,24,1,0.0,0.0,0.0,0.0,0.0,1,231.54749999999999,12.0,7.0,0.0,2.0,0.0,0.14494866001598536,0.2499999791666684,0.0,0.0,2026-01-30,0,220,0,high,5593.0,7,Premium,799.0,high,active
u001255,2026-01-12,7,36.57,3,3,0,0.0,0.0,0.0,0.0,0.0,1,75.62,5.0,7.0,0.0,1.0,0.0,-0.51639777153666,-0.399999920000016,0.0,0.0,2026-01-30,0,107,0,low,998.0,2,Standard,499.0,mid,active
u001042,2026-01-12,7,0.0,0,0,0,0.0,0.0,0.0,0.0,0.0,0,16.4775,1.25,7.0,0.0,1.0,0.0,-0.9999999393111856,-0.99999920000064,0.0,0.0,2026-01-30,0,56,0,low,299.0,1,Basic,299.0,low,cancelled
u000699,2026-01-12,7,175.13,11,14,0,0.0,0.0,0.0,0.0,0.0,1,149.0275,8.25,6.75,0.0,1.0,0.0,0.17515223582793615,0.33333329292929786,0.0,0.0,2026-01-30,0,258,0,high,2392.0,8,Basic,299.0,low,active
u000838,2026-01-12,7,292.94,22,31,0,0.0,0.0,0.0,0.0,0.0,1,197.59,15.0,7.0,0.0,1.0,0.0,0.48256490468867397,0.46666663555555765,0.0,0.0,2026-01-30,0,221,0,high,3493.0,7,Standard,499.0,mid,active
u000973,2026-01-12,7,0.0,0,0,0,0.0,0.0,0.0,0.0,0.0,0,0.0,0.0,7.0,0.0,0.0,0.0,0.0,0.0,0.0,0.0,2026-01-30,0,151,0,low,897.0,3,Basic,299.0,low,cancelled
u000747,2026-01-12,7,0.0,0,0,0,0.0,0.0,0.0,0.0,0.0,0,93.695,7.0,7.0,1.0,1.0,1.0,-0.999999989327072,-0.9999998571428775,0.9999990000010001,0.9999990000010001,2026-01-30,0,137,0,medium,1497.0,3,Standard,499.0,mid,cancelled
u001256,2026-01-12,7,74.83,6,6,0,0.0,0.0,0.0,0.0,0.0,1,117.725,6.5,7.0,0.0,2.0,0.0,-0.36436610435875044,-0.07692306508875922,0.0,0.0,2026-01-30,0,249,0,medium,6392.0,8,Premium,799.0,high,active
u000698,2026-01-12,7,0.0,0,0,0,0.0,0.0,0.0,0.0,0.0,0,0.0,0.0,7.0,0.0,0.0,0.0,0.0,0.0,0.0,0.0,2026-01-30,0,122,0,low,499.0,1,Standard,499.0,mid,cancelled
u001040,2026-01-12,7,169.47,7,19,0,0.0,0.0,0.0,0.0,0.0,1,152.09,8.25,7.0,0.0,1.0,0.0,0.11427444201279212,-0.15151513314968085,0.0,0.0,2026-01-30,0,63,0,high,499.0,1,Standard,499.0,mid,active
u001155,2026-01-12,7,27.73,2,1,0,0.0,0.0,0.0,0.0,0.0,1,94.62,6.5,7.0,0.0,1.0,0.0,-0.7069329876671635,-0.6923075857988329,0.0,0.0,2026-01-30,0,194,0,medium,1794.0,6,Basic,299.0,low,active
u000746,2026-01-12,7,90.14,7,14,0,0.0,0.0,0.0,0.0,0.0,1,83.885,7.5,7.0,0.0,1.0,0.0,0.07456636973754098,-0.06666665777777896,0.0,0.0,2026-01-30,0,179,0,medium,1495.0,5,Basic,299.0,low,active
u000702,2026-01-12,7,687.0908804039028,8,10,1,0.0,0.0,0.0,0.0,0.0,1,330.85522010097566,11.25,6.75,0.0,1.0,0.0,1.0767116175996676,-0.28888886320987883,0.0,0.0,2026-01-30,0,116,0,high,998.0,2,Standard,499.0,mid,active
u000802,2026-01-12,7,92.18,4,8,0,0.0,0.0,0.0,0.0,0.0,1,92.8075,5.25,7.0,0.0,1.0,0.0,-0.0067613069335850096,-0.2380951927437728,0.0,0.0,2026-01-30,0,195,0,medium,1794.0,6,Basic,299.0,low,active
u000744,2026-01-12,7,59.209999999999994,4,4,0,0.0,0.0,0.0,0.0,0.0,1,52.177499999999995,3.0,7.0,0.0,1.0,0.0,0.134780314603415,0.33333322222225925,0.0,0.0,2026-01-30,0,203,0,low,1794.0,6,Basic,299.0,low,active
u000980,2026-01-12,7,58.7,3,6,0,0.0,0.0,0.0,0.0,0.0,1,116.3475,7.5,7.0,1.0,2.0,1.0,-0.49547690757878843,-0.5999999200000107,0.499999750000125,0.499999750000125,2026-01-30,0,128,0,medium,1497.0,3,Standard,499.0,mid,active
u000038,2026-01-12,7,36.43,3,4,0,0.0,0.0,0.0,0.0,0.0,1,24.615,1.75,7.0,0.0,2.0,0.0,0.47999185537307115,0.7142853061226823,0.0,0.0,2026-01-30,0,63,0,low,598.0,2,Basic,299.0,low,active
u001243,2026-01-12,6,56.51,4,4,0,0.0,0.0,0.0,0.0,0.0,1,88.83333333333333,4.333333333333333,5.666666666666667,0.0,1.0,0.0,-0.3638649114761924,-0.07692305917160167,0.0,0.0,2026-01-30,0,29,0,high,499.0,1,Standard,499.0,mid,active
u002442,2026-01-12,7,0.0,0,0,0,0.0,0.0,0.0,0.0,0.0,0,0.0,0.0,7.0,0.0,0.0,0.0,0.0,0.0,0.0,0.0,2026-01-30,0,270,0,low,1794.0,6,Basic,299.0,low,expired
u000979,2026-01-12,7,76.02,5,6,0,0.0,0.0,0.0,0.0,0.0,1,93.97,5.75,7.0,0.0,1.0,0.0,-0.1910184080981334,-0.13043475992438958,0.0,0.0,2026-01-30,0,182,0,high,3995.0,5,Premium,799.0,high,active
u001158,2026-01-12,7,0.0,0,0,0,0.0,0.0,1.0,0.0,0.0,0,20.017500000000002,2.0,6.75,1.0,1.0,1.0,-0.9999999500437142,-0.99999950000025,0.9999990000010001,0.9999990000010001,2026-01-30,0,57,0,low,0.0,0,Basic,299.0,low,expired
u001244,2026-01-12,7,0.0,0,0,0,0.0,0.0,0.0,0.0,0.0,0,0.0,0.0,6.75,0.0,0.0,0.0,0.0,0.0,0.0,0.0,2026-01-30,0,148,0,low,299.0,1,Basic,299.0,low,expired
u001038,2026-01-12,7,0.0,0,0,0,0.0,0.0,0.0,0.0,0.0,0,0.0,0.0,7.0,0.0,0.0,0.0,0.0,0.0,0.0,0.0,2026-01-30,0,267,0,low,1495.0,5,Basic,299.0,low,cancelled
u001157,2026-01-12,7,285.28,16,22,1,0.0,0.0,0.0,0.0,0.0,1,235.215,11.5,6.5,1.0,2.0,1.0,0.21284781917459408,0.39130431379962494,0.499999750000125,0.499999750000125,2026-01-30,0,240,0,high,4794.0,6,Premium,799.0,high,active
u000833,2026-01-12,7,31.58,3,3,0,0.0,0.0,0.0,0.0,0.0,1,117.1,6.5,7.0,0.0,2.0,0.0,-0.730315963020359,-0.5384614556213145,0.0,0.0,2026-01-30,0,157,0,high,2495.0,5,Standard,499.0,mid,active
u001245,2026-01-12,7,157.17,7,14,0,0.0,0.0,0.0,0.0,0.0,1,145.76999999999998,6.5,7.0,0.0,1.0,0.0,0.07820539151948011,0.07692306508875922,0.0,0.0,2026-01-30,0,51,0,high,499.0,1,Standard,499.0,mid,active
u001152,2026-01-12,7,31.42,3,3,0,0.0,0.0,0.0,0.0,0.0,1,35.015,2.75,7.0,0.0,1.0,0.0,-0.10267028123174976,0.09090905785125168,0.0,0.0,2026-01-30,0,144,0,low,1196.0,4,Basic,299.0,low,active
u000801,2026-01-12,7,0.0,0,0,0,0.0,0.0,0.0,0.0,0.0,0,0.0,0.0,7.0,0.0,0.0,0.0,0.0,0.0,0.0,0.0,2026-01-30,0,267,0,low,598.0,2,Basic,299.0,low,cancelled
u001246,2026-01-12,7,98.78999999999999,2,14,0,1.0,0.0,0.0,0.0,0.0,1,88.24,4.0,6.0,0.0,1.0,0.0,0.11956028876291602,-0.49999987500003124,0.0,0.0,2026-01-30,0,23,0,medium,499.0,1,Standard,499.0,mid,active
u001247,2026-01-12,7,99.55000000000001,12,12,0,0.0,0.0,0.0,0.0,0.0,1,84.795,9.25,7.0,0.0,1.0,0.0,0.1740078993571804,0.29729726515705246,0.0,0.0,2026-01-30,0,55,0,medium,299.0,1,Basic,299.0,low,active
u000977,2026-01-12,7,137.45,8,12,0,0.0,0.0,0.0,0.0,0.0,1,129.255,8.5,7.0,1.0,3.0,1.0,0.06340180214767856,-0.0588235224913503,0.33333322222225925,0.33333322222225925,2026-01-30,0,247,0,medium,2392.0,8,Basic,299.0,low,active
u000745,2026-01-12,7,13.99,3,1,0,0.0,0.0,0.0,0.0,0.0,1,37.1325,4.0,7.0,1.0,2.0,1.0,-0.6232410792906192,-0.24999993750001562,0.499999750000125,0.499999750000125,2026-01-30,1,71,0,low,299.0,1,Basic,299.0,low,expired
u001248,2026-01-12,7,0.0,0,0,0,0.0,0.0,0.0,0.0,0.0,0,0.0,0.0,6.75,0.0,0.0,0.0,0.0,0.0,0.0,0.0,2026-01-30,0,154,0,low,799.0,1,Premium,799.0,high,cancelled
u000703,2026-01-12,6,282.49,21,23,1,0.0,0.0,0.0,0.0,0.0,1,146.28,10.75,6.75,0.0,1.0,0.0,0.9311594139242589,0.9534882833964389,0.0,0.0,2026-01-30,0,228,0,high,1794.0,6,Basic,299.0,low,active
u001156,2026-01-12,7,69.75,4,5,0,0.0,0.0,0.0,0.0,0.0,1,87.58000000000001,6.75,6.75,0.0,1.0,0.0,-0.20358529112142862,-0.40740734705076337,0.0,0.0,2026-01-30,0,123,0,high,1497.0,3,Standard,499.0,mid,active
u000834,2026-01-12,7,354.57,20,52,0,0.0,0.0,0.0,0.0,0.0,1,293.8925,17.0,7.0,0.0,1.0,0.0,0.20646154561119617,0.17647057785467188,0.0,0.0,2026-01-30,0,235,0,high,5593.0,7,Premium,799.0,high,active
u001039,2026-01-12,7,112.81,7,15,0,0.0,0.0,0.0,0.0,0.0,1,62.192499999999995,4.25,7.0,0.0,1.0,0.0,0.8138842977226468,0.6470586712803126,0.0,0.0,2026-01-30,0,161,0,low,1495.0,5,Basic,299.0,low,active
u001249,2026-01-12,7,71.27,5,6,0,0.0,0.0,0.0,0.0,0.0,1,59.540000000000006,4.75,7.0,0.0,2.0,0.0,0.19701040985874335,0.05263156786703834,0.0,0.0,2026-01-30,0,189,0,medium,2994.0,6,Standard,499.0,mid,active
u000835,2026-01-12,7,19.93,1,2,0,0.0,0.0,0.0,0.0,0.0,1,108.015,7.75,7.0,0.0,1.0,0.0,-0.8154885819979765,-0.8709676295525639,0.0,0.0,2026-01-30,0,56,0,medium,499.0,1,Standard,499.0,mid,active
u001250,2026-01-12,7,81.82,7,9,0,1.0,0.0,0.0,0.0,0.0,1,98.8,7.0,7.0,0.0,1.0,0.0,-0.17186234643864026,0.0,0.0,0.0,2026-01-30,0,25,0,medium,299.0,1,Basic,299.0,low,active
u000976,2026-01-12,7,0.0,0,0,0,0.0,0.0,0.0,0.0,0.0,0,0.0,0.0,7.0,0.0,0.0,0.0,0.0,0.0,0.0,0.0,2026-01-30,0,214,0,low,598.0,2,Basic,299.0,low,cancelled
u000978,2026-01-12,7,0.0,0,0,0,0.0,0.0,0.0,0.0,0.0,0,0.0,0.0,7.0,0.0,0.0,0.0,0.0,0.0,0.0,0.0,2026-01-30,0,127,0,low,0.0,0,Standard,499.0,mid,expired
u000981,2026-01-12,7,57.88,4,8,0,0.0,0.0,0.0,0.0,0.0,1,41.7775,3.75,7.0,0.0,2.0,0.0,0.3854347343561789,0.06666664888889362,0.0,0.0,2026-01-30,0,122,0,low,1996.0,4,Standard,499.0,mid,active
u000972,2026-01-12,7,150.66,12,20,0,0.0,0.0,0.0,0.0,0.0,1,159.65499999999997,10.0,6.75,0.0,1.0,0.0,-0.05634023327587451,0.19999998000000202,0.0,0.0,2026-01-30,0,165,0,high,2495.0,5,Standard,499.0,mid,active
u001257,2026-01-12,7,128.99,5,13,0,0.0,0.0,0.0,0.0,0.0,1,128.3775,8.75,7.0,0.0,2.0,0.0,0.004771085238682216,-0.4285713795918424,0.0,0.0,2026-01-30,0,215,0,high,2093.0,7,Basic,299.0,low,active
u000842,2026-01-12,7,0.0,0,0,0,0.0,0.0,0.0,0.0,0.0,0,0.0,0.0,6.5,0.0,0.0,0.0,0.0,0.0,0.0,0.0,2026-01-30,0,106,0,low,499.0,1,Standard,499.0,mid,cancelled
u001146,2026-01-12,7,105.75,6,12,0,0.0,0.0,0.0,0.0,0.0,1,98.435,7.25,6.75,0.0,1.0,0.0,0.07431299767041195,-0.1724137693222387,0.0,0.0,2026-01-30,0,149,0,medium,3196.0,4,Premium,799.0,high,active
u000693,2026-01-12,7,46.12,1,2,0,0.0,0.0,0.0,0.0,0.0,1,134.9125,7.75,6.5,0.0,1.0,0.0,-0.658148795269906,-0.8709676295525639,0.0,0.0,2026-01-30,0,37,0,high,499.0,1,Standard,499.0,mid,active
u000843,2026-01-12,7,92.45,5,8,0,0.0,0.0,1.0,0.0,0.0,1,116.27999999999999,6.25,7.0,1.0,1.0,1.0,-0.20493635874667723,-0.1999999680000051,0.9999990000010001,0.9999990000010001,2026-01-30,1,42,0,medium,0.0,0,Premium,799.0,high,expired
u000967,2026-01-12,7,82.06,3,6,0,0.0,0.0,0.0,0.0,0.0,1,48.489999999999995,2.5,7.0,0.0,1.0,0.0,0.6923076780303636,0.199999920000032,0.0,0.0,2026-01-30,0,120,0,medium,1497.0,3,Standard,499.0,mid,active
u001046,2026-01-12,7,0.0,0,0,0,0.0,0.0,0.0,0.0,0.0,0,0.0,0.0,7.0,0.0,0.0,0.0,0.0,0.0,0.0,0.0,2026-01-30,0,232,0,low,1495.0,5,Basic,299.0,low,expired
u000040,2026-01-12,7,90.86,5,11,0,0.0,0.0,0.0,0.0,0.0,1,120.995,8.5,7.0,1.0,2.0,1.0,-0.24905987644894523,-0.4117646574394521,0.499999750000125,0.499999750000125,2026-01-30,0,112,0,medium,1497.0,3,Standard,499.0,mid,active
u000692,2026-01-12,7,46.459999999999994,2,3,0,0.0,0.0,0.0,0.0,0.0,1,55.622499999999995,4.0,7.0,0.0,1.0,0.0,-0.16472650160049443,-0.49999987500003124,0.0,0.0,2026-01-30,0,71,0,medium,998.0,2,Standard,499.0,mid,active
u000798,2026-01-12,7,0.0,0,0,0,0.0,0.0,0.0,0.0,0.0,0,0.0,0.0,7.0,0.0,0.0,0.0,0.0,0.0,0.0,0.0,2026-01-30,0,155,0,low,598.0,2,Basic,299.0,low,cancelled
u001266,2026-01-12,7,63.95,6,6,0,0.0,0.0,0.0,0.0,0.0,1,58.415000000000006,5.0,7.0,0.0,1.0,0.0,0.09475305837964458,0.199999960000008,0.0,0.0,2026-01-30,0,261,0,medium,2392.0,8,Basic,299.0,low,active
u000966,2026-01-12,7,82.1,12,9,0,0.0,0.0,1.0,0.0,0.0,1,42.402499999999996,5.5,7.0,0.0,2.0,0.0,0.9362065695134352,1.1818179669421878,0.0,0.0,2026-01-30,0,123,0,low,1196.0,4,Basic,299.0,low,active
u000008,2026-01-12,7,22.47,2,1,0,0.0,0.0,0.0,0.0,0.0,1,54.112500000000004,3.5,7.0,1.0,3.0,1.0,-0.5847539739477206,-0.42857130612248395,0.33333322222225925,0.33333322222225925,2026-01-30,0,95,0,medium,897.0,3,Basic,299.0,low,active
u000691,2026-01-12,7,127.22,6,16,0,1.0,0.0,0.0,0.0,0.0,1,71.215,4.5,4.5,0.0,1.0,0.0,0.7864213889430401,0.3333332592592757,0.0,0.0,2026-01-30,1,20,0,medium,299.0,1,Basic,299.0,low,cancelled
u000749,2026-01-12,7,132.3,5,14,0,0.0,0.0,1.0,0.0,0.0,1,169.2425,8.0,7.0,0.0,1.0,0.0,-0.21828145874540103,-0.3749999531250059,0.0,0.0,2026-01-30,0,192,0,high,3995.0,5,Premium,799.0,high,active
u001145,2026-01-12,7,956.9549024444738,24,34,1,0.0,0.0,1.0,0.0,0.0,1,315.0462256111184,10.75,7.0,0.0,2.0,0.0,2.037506316892676,1.2325580248783234,0.0,0.0,2026-01-30,0,187,0,high,2994.0,6,Standard,499.0,mid,active
u000690,2026-01-12,7,15.81,2,2,0,0.0,0.0,0.0,0.0,0.0,0,36.9525,2.75,7.0,0.0,1.0,0.0,-0.5721534247438353,-0.27272717355375503,0.0,0.0,2026-01-30,0,74,0,low,998.0,2,Standard,499.0,mid,cancelled
u000965,2026-01-12,7,79.05,6,14,0,0.0,0.0,0.0,0.0,0.0,1,94.07,8.0,6.666666666666667,0.0,1.0,0.0,-0.15966833039578682,-0.24999996875000394,0.0,0.0,2026-01-30,0,32,0,high,299.0,1,Basic,299.0,low,active
u001047,2026-01-12,6,39.989999999999995,2,7,0,0.0,0.0,0.0,0.0,0.0,1,44.8375,3.25,6.75,1.0,1.0,1.0,-0.1081126265266212,-0.38461526627222575,0.9999990000010001,0.9999990000010001,2026-01-30,0,210,0,low,2495.0,5,Standard,499.0,mid,active
u001267,2026-01-12,7,0.0,0,0,0,0.0,0.0,1.0,0.0,0.0,0,45.66000000000001,3.75,7.0,0.0,1.0,0.0,-0.9999999780989931,-0.9999997333334044,0.0,0.0,2026-01-30,0,257,0,high,3493.0,7,Standard,499.0,mid,cancelled
u002461,2026-01-12,7,75.69,4,5,0,0.0,0.0,0.0,0.0,0.0,1,65.42,4.25,7.0,0.0,1.0,0.0,0.1569856289057531,-0.05882351557093751,0.0,0.0,2026-01-30,0,185,0,low,2495.0,5,Standard,499.0,mid,active
u000689,2026-01-12,7,28.83,3,3,0,0.0,0.0,0.0,0.0,0.0,1,21.187500000000004,2.0,6.75,1.0,3.0,1.0,0.3607079475772057,0.499999750000125,0.33333322222225925,0.33333322222225925,2026-01-30,0,159,0,low,1495.0,5,Basic,299.0,low,active
u000964,2026-01-12,7,193.74,15,22,0,0.0,0.0,0.0,0.0,0.0,1,152.8525,10.25,6.5,0.0,2.0,0.0,0.2674964408989292,0.4634145889351621,0.0,0.0,2026-01-30,0,216,0,high,5593.0,7,Premium,799.0,high,active
u001144,2026-01-12,7,12.73,1,1,0,0.0,0.0,0.0,0.0,0.0,1,61.79749999999999,4.5,7.0,0.0,1.0,0.0,-0.7940045989885579,-0.7777776049383099,0.0,0.0,2026-01-30,0,59,0,low,499.0,1,Standard,499.0,mid,active
u000844,2026-01-12,7,13.06,1,1,0,0.0,0.0,0.0,0.0,0.0,1,72.73249999999999,4.5,7.0,0.0,1.0,0.0,-0.820437894745294,-0.7777776049383099,0.0,0.0,2026-01-30,0,261,0,medium,2392.0,8,Basic,299.0,low,active
u002439,2026-01-12,7,169.89,16,18,0,0.0,0.0,0.0,0.0,0.0,1,158.17249999999999,9.0,7.0,0.0,1.0,0.0,0.07408051289522193,0.7777776913580343,0.0,0.0,2026-01-30,0,59,0,high,499.0,1,Standard,499.0,mid,active
u000963,2026-01-12,7,170.84,5,20,0,0.0,0.0,0.0,0.0,0.0,1,160.6175,7.5,6.75,0.0,1.0,0.0,0.06364499470079538,-0.3333332888888948,0.0,0.0,2026-01-30,0,60,0,high,499.0,1,Standard,499.0,mid,active
u001268,2026-01-12,7,53.47,3,7,0,0.0,0.0,0.0,0.0,0.0,1,117.19749999999999,8.0,7.0,0.0,1.0,0.0,-0.5437615943705147,-0.6249999218750099,0.0,0.0,2026-01-30,0,177,0,high,3196.0,4,Premium,799.0,high,active
u000694,2026-01-12,7,112.02999999999999,3,10,0,0.0,0.0,0.0,0.0,0.0,1,147.1875,7.0,5.5,0.0,1.0,0.0,-0.23886199413087403,-0.57142848979593,0.0,0.0,2026-01-30,0,33,0,high,799.0,1,Premium,799.0,high,active
u001265,2026-01-12,7,33.5,4,2,0,0.0,0.0,0.0,0.0,0.0,1,67.6775,3.25,6.75,0.0,1.0,0.0,-0.5050053488233852,0.23076915976333545,0.0,0.0,2026-01-30,0,211,0,medium,2994.0,6,Standard,499.0,mid,active
u001147,2026-01-12,7,36.29,2,4,0,0.0,0.0,0.0,0.0,0.0,1,44.195,3.25,7.0,0.0,1.0,0.0,-0.17886638355319873,-0.38461526627222575,0.0,0.0,2026-01-30,0,137,0,low,1196.0,4,Basic,299.0,low,active
u000799,2026-01-12,7,149.82,9,24,0,0.0,0.0,0.0,0.0,0.0,1,127.5,7.25,6.75,0.0,2.0,0.0,0.17505882215640134,0.24137927705113418,0.0,0.0,2026-01-30,0,191,0,high,1794.0,6,Basic,299.0,low,active
u000800,2026-01-12,7,72.51,4,7,0,0.0,0.0,0.0,0.0,0.0,1,63.2775,4.0,7.0,0.0,2.0,0.0,0.14590494020931707,0.0,0.0,0.0,2026-01-30,1,159,0,low,1495.0,5,Basic,299.0,low,cancelled
u000839,2026-01-12,7,0.0,0,0,0,0.0,0.0,0.0,0.0,0.0,0,0.0,0.0,7.0,0.0,0.0,0.0,0.0,0.0,0.0,0.0,2026-01-30,0,267,0,medium,2994.0,6,Standard,499.0,mid,cancelled
u001151,2026-01-12,7,0.0,0,0,0,0.0,0.0,0.0,0.0,0.0,0,0.0,0.0,6.75,0.0,0.0,0.0,0.0,0.0,0.0,0.0,2026-01-30,0,178,0,medium,598.0,2,Basic,299.0,low,cancelled
u001258,2026-01-12,7,56.480000000000004,4,6,0,0.0,0.0,0.0,0.0,0.0,1,187.86376743989226,7.25,7.0,0.0,1.0,0.0,-0.6993566057519442,-0.44827580023782065,0.0,0.0,2026-01-30,0,131,0,high,2397.0,3,Premium,799.0,high,active
u000971,2026-01-12,7,271.37,15,38,0,0.0,0.0,1.0,0.0,0.0,1,141.56,8.25,6.75,1.0,1.0,1.0,0.9169963201681526,0.8181817190082765,0.9999990000010001,0.9999990000010001,2026-01-30,0,196,0,high,2495.0,5,Standard,499.0,mid,active
u001259,2026-01-12,7,116.66,13,13,0,0.0,0.0,0.0,0.0,0.0,1,142.285,11.5,7.0,1.0,2.0,1.0,-0.18009628435818054,0.13043477126654163,0.499999750000125,0.499999750000125,2026-01-30,0,135,0,high,1497.0,3,Standard,499.0,mid,active
u002475,2026-01-12,7,167.22,12,16,0,0.0,0.0,0.0,0.0,0.0,1,139.68,8.0,7.0,0.0,2.0,0.0,0.19716494704206075,0.4999999375000079,0.0,0.0,2026-01-30,0,244,0,high,2392.0,8,Basic,299.0,low,active
u001260,2026-01-12,7,146.09,7,14,0,0.0,0.0,0.0,0.0,0.0,1,111.465,6.0,7.0,1.0,3.0,1.0,0.3106356227458339,0.16666663888889352,0.33333322222225925,0.33333322222225925,2026-01-30,0,69,0,high,998.0,2,Standard,499.0,mid,active
u000697,2026-01-12,7,146.23000000000002,8,11,0,0.0,0.0,0.0,0.0,0.0,1,122.83000000000001,9.25,7.0,0.0,1.0,0.0,0.19050720352920947,-0.13513512052593293,0.0,0.0,2026-01-30,0,89,0,high,1598.0,2,Premium,799.0,high,active
u000840,2026-01-12,7,217.68,16,17,1,0.0,0.0,0.0,0.0,0.0,1,231.95,13.75,6.75,0.0,1.0,0.0,-0.06152187945021816,0.16363635173553806,0.0,0.0,2026-01-30,0,42,0,high,799.0,1,Premium,799.0,high,active
u000696,2026-01-12,6,0.0,0,0,0,0.0,0.0,0.0,0.0,0.0,0,66.32499999999999,4.5,6.75,1.0,1.0,1.0,-0.9999999849227292,-0.9999997777778271,0.9999990000010001,0.9999990000010001,2026-01-30,0,207,0,medium,3995.0,5,Premium,799.0,high,expired
u000970,2026-01-12,7,0.0,0,0,0,0.0,0.0,0.0,0.0,0.0,0,0.0,0.0,7.0,0.0,0.0,0.0,0.0,0.0,0.0,0.0,2026-01-30,0,261,0,low,1794.0,6,Basic,299.0,low,cancelled
u000748,2026-01-12,7,131.57999999999998,7,15,0,0.0,0.0,0.0,0.0,0.0,1,106.0825,7.75,7.0,0.0,2.0,0.0,0.24035538151575056,-0.09677418106139599,0.0,0.0,2026-01-30,0,192,0,high,2994.0,6,Standard,499.0,mid,active
u001043,2026-01-12,7,55.79,2,2,0,0.0,0.0,0.0,0.0,0.0,1,56.39999999999999,4.0,7.0,0.0,1.0,0.0,-0.010815602645113295,-0.49999987500003124,0.0,0.0,2026-01-30,0,166,0,low,1495.0,5,Basic,299.0,low,active
u001150,2026-01-12,7,198.57,9,17,0,0.0,0.0,0.0,0.0,0.0,1,137.9775,8.5,7.0,0.0,1.0,0.0,0.43914768394015197,0.0588235224913503,0.0,0.0,2026-01-30,0,57,0,high,799.0,1,Premium,799.0,high,active
u002440,2026-01-12,7,0.0,0,0,0,0.0,0.0,0.0,0.0,0.0,0,0.0,0.0,7.0,0.0,0.0,0.0,0.0,0.0,0.0,0.0,2026-01-30,0,254,0,medium,2495.0,5,Standard,499.0,mid,expired
u001044,2026-01-12,7,110.66,8,10,0,0.0,0.0,0.0,0.0,0.0,1,180.79000000000002,10.75,7.0,0.0,1.0,0.0,-0.3879086211189302,-0.2558139296917275,0.0,0.0,2026-01-30,0,177,0,high,3995.0,5,Premium,799.0,high,active
u000841,2026-01-12,7,68.4,6,8,0,0.0,0.0,0.0,0.0,0.0,1,42.68,3.0,7.0,0.0,1.0,0.0,0.6026241658241762,0.9999996666667778,0.0,0.0,2026-01-30,0,198,0,medium,1794.0,6,Basic,299.0,low,active
u001262,2026-01-12,7,243.03,16,33,0,0.0,0.0,0.0,0.0,0.0,1,253.54687577583013,10.75,6.75,1.0,2.0,1.0,-0.041479019223449064,0.48837204759329794,0.499999750000125,0.499999750000125,2026-01-30,1,38,0,high,799.0,1,Premium,799.0,high,cancelled
u001149,2026-01-12,6,391.11,15,41,1,0.0,0.0,0.0,0.0,0.0,1,235.6825,12.25,6.0,0.0,2.0,0.0,0.6594783207939566,0.22448977759267122,0.0,0.0,2026-01-30,0,98,0,high,2397.0,3,Premium,799.0,high,active
u000969,2026-01-12,7,110.94,6,14,0,0.0,0.0,0.0,0.0,0.0,1,86.1575,5.0,7.0,0.0,1.0,0.0,0.2876418154235927,0.199999960000008,0.0,0.0,2026-01-30,0,39,0,medium,499.0,1,Standard,499.0,mid,active
u001045,2026-01-12,7,0.0,0,0,0,0.0,0.0,0.0,0.0,0.0,0,2.7175,0.25,7.0,1.0,1.0,1.0,-0.9999996320148548,-0.9999960000160001,0.9999990000010001,0.9999990000010001,2026-01-30,0,92,0,low,299.0,1,Basic,299.0,low,expired
u001263,2026-01-12,7,37.25,5,4,0,0.0,0.0,1.0,0.0,0.0,1,42.925000000000004,4.0,7.0,0.0,1.0,0.0,-0.13220733530093579,0.24999993750001562,0.0,0.0,2026-01-30,0,159,0,low,2495.0,5,Standard,499.0,mid,active
u000968,2026-01-12,7,116.45,7,13,0,0.0,0.0,2.0,0.0,0.0,1,129.8875,7.0,6.75,0.0,2.0,0.0,-0.10345491210890251,0.0,0.0,0.0,2026-01-30,0,191,0,high,2495.0,5,Standard,499.0,mid,active
u001148,2026-01-12,7,80.32000000000001,3,11,0,0.0,0.0,0.0,0.0,0.0,1,148.645,10.0,6.75,0.0,1.0,0.0,-0.45965218837059985,-0.699999930000007,0.0,0.0,2026-01-30,0,78,0,high,998.0,2,Standard,499.0,mid,active
u002486,2026-01-12,7,58.019999999999996,5,9,0,0.0,0.0,0.0,0.0,0.0,1,37.9075,3.75,7.0,0.0,1.0,0.0,0.5305678155887933,0.33333324444446816,0.0,0.0,2026-01-30,0,180,0,medium,1495.0,5,Basic,299.0,low,active
u001264,2026-01-12,7,41.19,5,5,0,0.0,0.0,0.0,0.0,0.0,1,47.8375,4.25,7.0,0.0,2.0,0.0,-0.13896001799926802,0.17647054671281254,0.0,0.0,2026-01-30,0,64,0,medium,598.0,2,Basic,299.0,low,active
u000695,2026-01-12,7,0.0,0,0,0,0.0,0.0,1.0,0.0,0.0,0,0.0,0.0,7.0,0.0,0.0,0.0,0.0,0.0,0.0,0.0,2026-01-30,0,248,0,low,1495.0,5,Basic,299.0,low,cancelled
u001261,2026-01-12,7,46.09,4,4,0,0.0,0.0,0.0,0.0,0.0,1,73.4675,6.75,7.0,0.0,1.0,0.0,-0.3726477643495727,-0.40740734705076337,0.0,0.0,2026-01-30,0,204,0,medium,1794.0,6,Basic,299.0,low,active
u001378,2026-01-12,7,54.099999999999994,3,6,0,0.0,0.0,0.0,0.0,0.0,1,33.68,2.75,6.75,0.0,1.0,0.0,0.6062945188154834,0.09090905785125168,0.0,0.0,2026-01-30,0,82,0,low,598.0,2,Basic,299.0,low,active
u000513,2026-01-12,7,0.0,0,0,0,0.0,0.0,0.0,0.0,0.0,1,52.0925,4.25,7.0,0.0,1.0,0.0,-0.999999980803379,-0.9999997647059377,0.0,0.0,2026-01-30,0,59,0,low,299.0,1,Basic,299.0,low,active
u001379,2026-01-12,7,308.14,19,32,0,0.0,0.0,0.0,0.0,0.0,1,220.6275,14.25,7.0,0.0,1.0,0.0,0.396652727349706,0.3333333099415221,0.0,0.0,2026-01-30,0,144,0,high,1497.0,3,Standard,499.0,mid,active
u000288,2026-01-12,7,22.45,2,3,0,0.0,0.0,0.0,0.0,0.0,1,79.02249999999998,4.25,7.0,0.0,2.0,0.0,-0.7159036892542795,-0.5294116401384376,0.0,0.0,2026-01-30,0,127,0,high,1996.0,4,Standard,499.0,mid,active
u001957,2026-01-12,7,214.38,8,24,0,0.0,0.0,0.0,0.0,0.0,1,280.1275,18.75,7.0,0.0,1.0,0.0,-0.23470562427928132,-0.5733333027555572,0.0,0.0,2026-01-30,0,138,0,high,1996.0,4,Standard,499.0,mid,active
u001956,2026-01-12,7,46.37,5,5,0,0.0,0.0,0.0,0.0,0.0,1,66.03,4.75,7.0,1.0,1.0,1.0,-0.2977434454377792,0.05263156786703834,0.9999990000010001,0.9999990000010001,2026-01-30,0,170,0,medium,1996.0,4,Standard,499.0,mid,active
u002316,2026-01-12,7,245.97,13,22,1,0.0,0.0,0.0,0.0,0.0,1,207.5875,11.75,6.75,0.0,2.0,0.0,0.18489793371519025,0.1063829696695345,0.0,0.0,2026-01-30,0,270,0,high,7191.0,9,Premium,799.0,high,active
u000289,2026-01-12,7,0.0,0,0,0,0.0,0.0,0.0,0.0,0.0,0,0.0,0.0,7.0,0.0,0.0,0.0,0.0,0.0,0.0,0.0,2026-01-30,0,134,0,low,299.0,1,Basic,299.0,low,cancelled
u001955,2026-01-12,7,182.44,10,22,0,0.0,0.0,1.0,0.0,0.0,1,97.47333333333334,5.333333333333333,4.666666666666667,0.0,1.0,0.0,0.8716913938339572,0.8749998359375308,0.0,0.0,2026-01-30,0,27,0,high,499.0,1,Standard,499.0,mid,active
u001954,2026-01-12,6,138.43,11,10,0,0.0,0.0,1.0,0.0,0.0,1,128.265,9.25,6.75,0.0,1.0,0.0,0.07924998963668992,0.1891891687363061,0.0,0.0,2026-01-30,0,154,0,medium,1996.0,4,Standard,499.0,mid,active
u000111,2026-01-12,7,24.47,2,4,0,0.0,0.0,0.0,0.0,0.0,1,58.41,4.0,7.0,0.0,1.0,0.0,-0.5810648762015943,-0.49999987500003124,0.0,0.0,2026-01-30,0,201,0,medium,2495.0,5,Standard,499.0,mid,active
u001953,2026-01-12,7,0.0,0,0,0,0.0,0.0,1.0,1.0,0.0,1,51.1325,3.25,7.0,0.0,2.0,0.0,-0.9999999804429672,-0.999999692307787,0.0,0.0,2026-01-30,0,252,0,low,2392.0,8,Basic,299.0,low,active
u000290,2026-01-12,7,72.75999999999999,5,7,0,0.0,0.0,0.0,0.0,0.0,1,144.51121404909924,6.25,7.0,0.0,1.0,0.0,-0.4965096586083025,-0.1999999680000051,0.0,0.0,2026-01-30,0,152,0,high,1996.0,4,Standard,499.0,mid,active
u000291,2026-01-12,7,0.0,0,0,0,0.0,0.0,0.0,0.0,0.0,0,0.0,0.0,7.0,1.0,1.0,1.0,0.0,0.0,0.9999990000010001,0.9999990000010001,2026-01-30,0,68,0,low,0.0,0,Basic,299.0,low,expired
u001952,2026-01-12,7,0.0,0,0,0,0.0,0.0,0.0,0.0,0.0,0,0.0,0.0,7.0,0.0,0.0,0.0,0.0,0.0,0.0,0.0,2026-01-30,0,118,0,low,598.0,2,Basic,299.0,low,cancelled
u001951,2026-01-12,7,203.38,9,18,0,0.0,0.0,0.0,0.0,0.0,1,170.12085198048243,6.25,7.0,0.0,1.0,0.0,0.1955030640678325,0.4399999296000113,0.0,0.0,2026-01-30,0,41,0,high,799.0,1,Premium,799.0,high,active
u001950,2026-01-12,7,47.06,5,9,0,0.0,0.0,0.0,0.0,0.0,1,64.80749999999999,6.5,7.0,0.0,2.0,0.0,-0.27384947307256907,-0.23076919526627765,0.0,0.0,2026-01-30,0,190,0,medium,2994.0,6,Standard,499.0,mid,active
u001949,2026-01-12,7,282.18,22,26,0,0.0,0.0,0.0,0.0,0.0,1,312.4525,17.5,7.0,1.0,2.0,1.0,-0.09688672647238622,0.2571428424489804,0.499999750000125,0.499999750000125,2026-01-30,0,270,0,high,4794.0,6,Premium,799.0,high,active
u000292,2026-01-12,7,246.61,14,20,1,0.0,0.0,0.0,0.0,0.0,1,128.5275,9.5,6.75,0.0,1.0,0.0,0.9187333378558415,0.4736841606648252,0.0,0.0,2026-01-30,0,203,0,high,1794.0,6,Basic,299.0,low,active
u000293,2026-01-12,7,116.51,9,11,0,0.0,0.0,0.0,0.0,0.0,1,80.24666666666667,5.333333333333333,6.666666666666667,0.0,1.0,0.0,0.45189830790190694,0.6874998710937742,0.0,0.0,2026-01-30,1,31,0,low,299.0,1,Basic,299.0,low,cancelled
u001948,2026-01-12,6,168.0,9,16,0,0.0,0.0,0.0,0.0,0.0,1,286.0375,16.75,6.75,0.0,1.0,0.0,-0.4126644219283681,-0.4626865395411021,0.0,0.0,2026-01-30,0,40,0,high,799.0,1,Premium,799.0,high,active
u001947,2026-01-12,7,0.0,0,0,0,0.0,0.0,0.0,0.0,0.0,0,0.0,0.0,7.0,0.0,0.0,0.0,0.0,0.0,0.0,0.0,2026-01-30,0,231,0,low,897.0,3,Basic,299.0,low,cancelled
u002317,2026-01-12,7,124.0,11,12,0,0.0,0.0,0.0,0.0,0.0,1,125.89249999999998,8.25,7.0,0.0,1.0,0.0,-0.015032666639929446,0.33333329292929786,0.0,0.0,2026-01-30,0,249,0,medium,3493.0,7,Standard,499.0,mid,active
u000294,2026-01-12,7,240.85999999999999,18,19,1,0.0,0.0,0.0,0.0,0.0,1,270.4225,16.0,7.0,0.0,2.0,0.0,-0.1093196752884111,0.12499999218750048,0.0,0.0,2026-01-30,0,187,0,high,4794.0,6,Premium,799.0,high,active
u001958,2026-01-12,7,64.94,5,4,0,0.0,0.0,1.0,1.0,0.0,1,102.4275,6.5,7.0,0.0,1.0,0.0,-0.36599057512884164,-0.23076919526627765,0.0,0.0,2026-01-30,0,137,0,medium,3196.0,4,Premium,799.0,high,cancelled
u001946,2026-01-12,7,0.0,0,0,0,0.0,0.0,0.0,0.0,0.0,0,0.0,0.0,7.0,0.0,0.0,0.0,0.0,0.0,0.0,0.0,2026-01-30,0,241,0,low,598.0,2,Basic,299.0,low,expired
u001959,2026-01-12,7,18.200000000000003,2,2,0,0.0,0.0,1.0,0.0,0.0,1,39.1775,4.25,7.0,0.0,1.0,0.0,-0.5354476284743124,-0.5294116401384376,0.0,0.0,2026-01-30,0,105,0,low,897.0,3,Basic,299.0,low,active
u001960,2026-01-12,7,93.67,9,12,0,0.0,0.0,0.0,0.0,0.0,1,88.35249999999999,7.5,6.75,0.0,2.0,0.0,0.06018505350516348,0.19999997333333688,0.0,0.0,2026-01-30,0,224,0,medium,3493.0,7,Standard,499.0,mid,active
u001974,2026-01-12,7,0.0,0,0,0,0.0,0.0,0.0,0.0,0.0,0,32.00249999999997,2.25,7.0,0.0,1.0,0.0,-0.9999999687524422,-0.999999555555753,0.0,0.0,2026-01-30,0,185,0,high,2495.0,5,Standard,499.0,mid,cancelled
u000283,2026-01-12,7,99.06,11,8,0,0.0,0.0,2.0,0.0,0.0,1,127.14999999999999,9.75,7.0,1.0,2.0,1.0,-0.2209201712865106,0.12820511505588564,0.499999750000125,0.499999750000125,2026-01-30,0,102,0,high,998.0,2,Standard,499.0,mid,active
u001973,2026-01-12,7,60.989999999999995,6,11,0,0.0,0.0,0.0,0.0,0.0,1,53.86750000000001,6.25,7.0,0.0,2.0,0.0,0.1322225807356459,-0.039999993600001026,0.0,0.0,2026-01-30,0,99,0,low,1497.0,3,Standard,499.0,mid,active
u001972,2026-01-12,7,23.0,1,2,0,0.0,0.0,0.0,0.0,0.0,1,60.775,4.75,7.0,0.0,1.0,0.0,-0.621554905445415,-0.7894735180055751,0.0,0.0,2026-01-30,0,39,0,low,299.0,1,Basic,299.0,low,active
u000113,2026-01-12,7,95.2,6,9,0,0.0,0.0,0.0,0.0,0.0,1,85.1875,6.25,7.0,0.0,2.0,0.0,0.11753484821675897,-0.039999993600001026,0.0,0.0,2026-01-30,0,131,0,medium,1196.0,4,Basic,299.0,low,cancelled
u001971,2026-01-12,7,156.21,6,14,0,0.0,0.0,0.0,0.0,0.0,1,98.78,6.0,7.0,0.0,1.0,0.0,0.5813929886475705,0.0,0.0,0.0,2026-01-30,0,62,0,medium,799.0,1,Premium,799.0,high,active
u001970,2026-01-12,7,0.0,0,0,0,0.0,0.0,0.0,0.0,0.0,0,33.5475,2.25,7.0,1.0,2.0,1.0,-0.9999999701915204,-0.999999555555753,0.499999750000125,0.499999750000125,2026-01-30,0,232,0,low,1794.0,6,Basic,299.0,low,cancelled
u000284,2026-01-12,7,0.0,0,0,0,0.0,0.0,0.0,0.0,0.0,0,74.855,4.5,6.75,0.0,1.0,0.0,-0.9999999866408392,-0.9999997777778271,0.0,0.0,2026-01-30,0,147,0,medium,1996.0,4,Standard,499.0,mid,cancelled
u001969,2026-01-12,6,54.82,4,5,0,0.0,0.0,0.0,0.0,0.0,1,54.8,5.0,6.75,0.0,1.0,0.0,0.0003649634969897743,-0.199999960000008,0.0,0.0,2026-01-30,0,60,0,low,299.0,1,Basic,299.0,low,active
u001968,2026-01-12,7,164.57,9,17,0,0.0,0.0,0.0,0.0,0.0,1,177.19,10.75,7.0,0.0,2.0,0.0,-0.07122298057890979,-0.16279068253109932,0.0,0.0,2026-01-30,0,153,0,high,2495.0,5,Standard,499.0,mid,active
u001967,2026-01-12,7,148.35,11,15,0,0.0,0.0,0.0,0.0,0.0,1,138.6225,9.0,6.75,0.0,1.0,0.0,0.07017259052338114,0.22222219753086697,0.0,0.0,2026-01-30,0,177,0,high,2495.0,5,Standard,499.0,mid,active
u000285,2026-01-12,7,56.53,8,6,0,0.0,0.0,0.0,0.0,0.0,1,54.785,4.75,6.75,0.0,1.0,0.0,0.031851783666117024,0.6842103822714984,0.0,0.0,2026-01-30,0,160,0,medium,1495.0,5,Basic,299.0,low,active
u002315,2026-01-12,7,73.97999999999999,4,9,0,0.0,0.0,0.0,0.0,0.0,1,67.245,4.5,7.0,0.0,1.0,0.0,0.1001561439489009,-0.11111108641975857,0.0,0.0,2026-01-30,0,214,0,medium,1794.0,6,Basic,299.0,low,active
u001966,2026-01-12,7,0.0,0,0,0,0.0,0.0,0.0,0.0,0.0,0,21.792499999999997,1.75,7.0,1.0,1.0,1.0,-0.9999999541126555,-0.9999994285717552,0.9999990000010001,0.9999990000010001,2026-01-30,0,84,0,low,299.0,1,Basic,299.0,low,expired
u001965,2026-01-12,5,43.33,1,2,0,0.0,0.0,0.0,0.0,0.0,1,30.705,1.5,6.25,0.0,2.0,0.0,0.4111708056938347,-0.3333331111112593,0.0,0.0,2026-01-30,0,65,0,low,598.0,2,Basic,299.0,low,active
u001964,2026-01-12,7,71.26,4,8,0,0.0,0.0,0.0,0.0,0.0,1,67.75500000000001,4.5,7.0,0.0,2.0,0.0,0.05173049883063237,-0.11111108641975857,0.0,0.0,2026-01-30,0,65,0,medium,998.0,2,Standard,499.0,mid,active
u001963,2026-01-12,7,137.25,10,19,0,0.0,0.0,0.0,0.0,0.0,1,166.9225,10.0,7.0,0.0,1.0,0.0,-0.17776213405764876,0.0,0.0,0.0,2026-01-30,0,235,0,high,2994.0,6,Standard,499.0,mid,active
u000286,2026-01-12,7,36.42999999999999,3,3,0,0.0,0.0,0.0,0.0,0.0,1,82.765,5.5,6.0,1.0,1.0,1.0,-0.559838089049259,-0.4545453719008415,0.9999990000010001,0.9999990000010001,2026-01-30,1,35,0,medium,0.0,0,Basic,299.0,low,expired
u001962,2026-01-12,7,226.52,11,24,0,1.0,0.0,0.0,0.0,0.0,1,295.06519052318214,8.0,5.5,0.0,1.0,0.0,-0.23230524132426103,0.3749999531250059,0.0,0.0,2026-01-30,0,22,0,high,299.0,1,Basic,299.0,low,active
u000112,2026-01-12,7,45.92,4,2,0,0.0,0.0,2.0,1.0,0.0,1,76.0725,4.75,7.0,0.0,2.0,0.0,-0.39636530419842514,-0.15789470360111502,0.0,0.0,2026-01-30,0,75,0,low,598.0,2,Basic,299.0,low,active
u001961,2026-01-12,7,193.82999999999998,15,21,0,0.0,0.0,0.0,0.0,0.0,1,145.93,9.75,7.0,1.0,2.0,1.0,0.3282395646663497,0.5384614832347198,0.499999750000125,0.499999750000125,2026-01-30,0,60,0,high,299.0,1,Basic,299.0,low,active
u000287,2026-01-12,7,88.67,5,8,0,0.0,0.0,0.0,0.0,0.0,1,91.7185138974716,5.75,6.5,0.0,1.0,0.0,-0.033237715426153634,-0.13043475992438958,0.0,0.0,2026-01-30,0,230,0,medium,3493.0,7,Standard,499.0,mid,active
u000110,2026-01-12,7,0.0,0,0,0,0.0,0.0,0.0,0.0,0.0,0,0.0,0.0,7.0,0.0,0.0,0.0,0.0,0.0,0.0,0.0,2026-01-30,0,94,0,low,299.0,1,Basic,299.0,low,cancelled
u000295,2026-01-12,7,213.32999999999998,14,30,0,0.0,0.0,0.0,0.0,0.0,1,142.73000000000002,11.0,7.0,1.0,2.0,1.0,0.4946402263389598,0.2727272479338866,0.499999750000125,0.499999750000125,2026-01-30,0,134,0,medium,3196.0,4,Premium,799.0,high,active
u001945,2026-01-12,7,94.4,5,12,0,0.0,0.0,0.0,0.0,0.0,1,121.155,8.0,7.0,0.0,1.0,0.0,-0.22083281564250076,-0.3749999531250059,0.0,0.0,2026-01-30,0,175,0,high,3196.0,4,Premium,799.0,high,active
u000305,2026-01-12,7,177.7,15,22,1,0.0,0.0,1.0,0.0,0.0,1,127.96500000000003,9.5,7.0,1.0,2.0,1.0,0.3886609589445472,0.5789473074792308,0.499999750000125,0.499999750000125,2026-01-30,0,134,0,medium,1996.0,4,Standard,499.0,mid,active
u001931,2026-01-12,7,240.41,19,21,0,0.0,0.0,0.0,0.0,0.0,1,152.2775,10.25,7.0,0.0,2.0,0.0,0.5787624528984094,0.8536584533016144,0.0,0.0,2026-01-30,0,248,0,high,6392.0,8,Premium,799.0,high,active
u000306,2026-01-12,7,256.48,18,27,0,0.0,0.0,0.0,0.0,0.0,1,133.425,8.5,7.0,0.0,1.0,0.0,0.9222784266645799,1.1176469273356557,0.0,0.0,2026-01-30,0,235,0,high,2994.0,6,Standard,499.0,mid,active
u001930,2026-01-12,7,77.88,5,6,0,0.0,0.0,0.0,0.0,0.0,1,45.89000000000001,3.3333333333333335,6.666666666666667,0.0,1.0,0.0,0.6971017498997218,0.49999985000004493,0.0,0.0,2026-01-30,0,31,0,medium,299.0,1,Basic,299.0,low,active
u001929,2026-01-12,6,209.54000000000002,9,21,1,0.0,0.0,0.0,0.0,0.0,1,126.76750000000003,4.75,6.5,0.0,1.0,0.0,0.6529473196761998,0.8947366537396518,0.0,0.0,2026-01-30,0,225,0,high,2994.0,6,Standard,499.0,mid,active
u002321,2026-01-12,7,272.16,15,28,0,0.0,0.0,0.0,0.0,0.0,1,180.5625,11.5,7.0,0.0,2.0,0.0,0.5072897168166718,0.3043477996219305,0.0,0.0,2026-01-30,0,246,0,high,3992.0,8,Standard,499.0,mid,active
u000307,2026-01-12,7,51.39,4,9,0,0.0,0.0,0.0,0.0,0.0,1,53.26,3.75,7.0,0.0,1.0,0.0,-0.03511077665957982,0.06666664888889362,0.0,0.0,2026-01-30,0,195,0,low,1794.0,6,Basic,299.0,low,active
u001928,2026-01-12,7,0.0,0,0,0,0.0,0.0,0.0,0.0,0.0,0,35.5775,3.25,6.75,1.0,1.0,1.0,-0.9999999718923486,-0.999999692307787,0.9999990000010001,0.9999990000010001,2026-01-30,0,239,0,medium,1794.0,6,Basic,299.0,low,expired
u000308,2026-01-12,7,67.35,6,4,0,0.0,0.0,1.0,0.0,0.0,1,156.35750000000002,8.75,7.0,0.0,1.0,0.0,-0.5692563479893428,-0.31428567836735105,0.0,0.0,2026-01-30,0,131,0,high,1996.0,4,Standard,499.0,mid,active
u001927,2026-01-12,7,0.0,0,0,0,0.0,0.0,2.0,0.0,0.0,1,46.709999999999994,3.0,7.0,0.0,1.0,0.0,-0.9999999785913086,-0.9999996666667778,0.0,0.0,2026-01-30,0,180,0,low,1996.0,4,Standard,499.0,mid,active
u000108,2026-01-12,7,0.0,0,0,0,0.0,0.0,0.0,0.0,0.0,0,0.0,0.0,7.0,0.0,0.0,0.0,0.0,0.0,0.0,0.0,2026-01-30,0,104,0,low,299.0,1,Basic,299.0,low,cancelled
u000309,2026-01-12,7,0.0,0,0,0,0.0,0.0,1.0,1.0,0.0,0,5.4075,0.25,7.0,0.0,1.0,0.0,-0.9999998150716939,-0.9999960000160001,0.0,0.0,2026-01-30,0,191,0,medium,2495.0,5,Standard,499.0,mid,cancelled
u001926,2026-01-12,7,133.36,7,12,1,0.0,0.0,0.0,0.0,0.0,1,256.135,15.75,7.0,1.0,2.0,1.0,-0.4793370664714425,-0.5555555202821892,0.499999750000125,0.499999750000125,2026-01-30,0,237,0,high,5593.0,7,Premium,799.0,high,active
u000310,2026-01-12,7,88.47,4,11,0,0.0,0.0,0.0,0.0,0.0,1,127.73499999999999,7.5,7.0,0.0,1.0,0.0,-0.3073942121783832,-0.46666660444445274,0.0,0.0,2026-01-30,0,243,0,high,4794.0,6,Premium,799.0,high,active
u001925,2026-01-12,7,217.87,14,20,1,0.0,0.0,0.0,0.0,0.0,1,220.7925,12.0,7.0,0.0,1.0,0.0,-0.01323640969128741,0.16666665277777895,0.0,0.0,2026-01-30,0,180,0,high,1495.0,5,Basic,299.0,low,active
u001924,2026-01-12,7,0.0,0,0,0,0.0,0.0,0.0,0.0,0.0,0,0.0,0.0,7.0,0.0,0.0,0.0,0.0,0.0,0.0,0.0,2026-01-30,0,161,0,low,1497.0,3,Standard,499.0,mid,cancelled
u000311,2026-01-12,7,114.78,5,12,0,0.0,0.0,2.0,1.0,0.0,1,179.7525,8.25,7.0,1.0,3.0,1.0,-0.3614553324073082,-0.3939393461891702,0.33333322222225925,0.33333322222225925,2026-01-30,0,103,0,high,2397.0,3,Premium,799.0,high,active
u001923,2026-01-12,7,94.50999999999999,5,17,0,0.0,0.0,0.0,0.0,0.0,1,66.05,5.5,7.0,0.0,1.0,0.0,0.4308856861334491,-0.09090907438016829,0.0,0.0,2026-01-30,0,63,0,medium,299.0,1,Basic,299.0,low,active
u001922,2026-01-12,7,143.42,5,14,0,0.0,0.0,1.0,0.0,0.0,1,170.47500000000002,10.5,7.0,0.0,1.0,0.0,-0.15870362130104948,-0.5238094739229073,0.0,0.0,2026-01-30,0,136,0,high,3196.0,4,Premium,799.0,high,active
u001921,2026-01-12,7,85.42,5,6,0,0.0,0.0,0.0,0.0,0.0,1,118.2275,9.5,7.0,0.0,1.0,0.0,-0.2774946583705597,-0.4736841606648252,0.0,0.0,2026-01-30,0,172,0,high,2495.0,5,Standard,499.0,mid,active
u002322,2026-01-12,7,0.0,0,0,0,0.0,0.0,0.0,0.0,0.0,0,0.0,0.0,7.0,0.0,0.0,0.0,0.0,0.0,0.0,0.0,2026-01-30,0,262,0,low,2994.0,6,Standard,499.0,mid,cancelled
u001932,2026-01-12,7,0.0,0,0,0,0.0,0.0,0.0,0.0,0.0,0,0.0,0.0,7.0,0.0,0.0,0.0,0.0,0.0,0.0,0.0,2026-01-30,0,150,0,low,0.0,0,Basic,299.0,low,expired
u001933,2026-01-12,7,85.29,5,9,0,0.0,0.0,0.0,0.0,0.0,1,51.667500000000004,3.5,7.0,0.0,1.0,0.0,0.6507475559926926,0.42857130612248395,0.0,0.0,2026-01-30,0,61,0,medium,299.0,1,Basic,299.0,low,active
u001934,2026-01-12,7,304.97,15,31,1,0.0,0.0,0.0,0.0,0.0,1,136.20333333333335,7.0,6.666666666666667,0.0,1.0,0.0,1.2390788191252382,1.14285697959186,0.0,0.0,2026-01-30,0,31,0,medium,299.0,1,Basic,299.0,low,active
u000304,2026-01-12,7,166.99,12,16,0,0.0,0.0,0.0,0.0,0.0,1,124.185,8.75,7.0,0.0,1.0,0.0,0.3446873588220208,0.3714285289795967,0.0,0.0,2026-01-30,0,46,0,medium,499.0,1,Standard,499.0,mid,active
u000296,2026-01-12,7,47.150000000000006,6,4,0,0.0,0.0,0.0,0.0,0.0,1,51.917500000000004,3.75,7.0,0.0,1.0,0.0,-0.09182837979817246,0.5999998400000427,0.0,0.0,2026-01-30,0,140,0,low,1196.0,4,Basic,299.0,low,active
u001944,2026-01-12,7,0.0,0,0,0,0.0,0.0,0.0,0.0,0.0,0,0.0,0.0,7.0,0.0,0.0,0.0,0.0,0.0,0.0,0.0,2026-01-30,0,263,0,low,799.0,1,Premium,799.0,high,cancelled
u000297,2026-01-12,7,47.089999999999996,3,6,0,0.0,0.0,0.0,0.0,0.0,1,53.2625,4.25,7.0,0.0,1.0,0.0,-0.11588828695821111,-0.29411757785468756,0.0,0.0,2026-01-30,0,57,0,low,499.0,1,Standard,499.0,mid,active
u001943,2026-01-12,6,98.0,5,10,0,0.0,0.0,0.0,0.0,0.0,1,78.505,4.75,6.75,0.0,1.0,0.0,0.24832812880290273,0.05263156786703834,0.0,0.0,2026-01-30,0,51,0,high,799.0,1,Premium,799.0,high,active
u001942,2026-01-12,7,0.0,0,0,0,0.0,0.0,0.0,0.0,0.0,0,0.0,0.0,7.0,0.0,0.0,0.0,0.0,0.0,0.0,0.0,2026-01-30,0,207,0,low,598.0,2,Basic,299.0,low,expired
u002318,2026-01-12,7,116.69,5,11,0,0.0,0.0,0.0,0.0,0.0,1,66.92750000000001,4.25,7.0,0.0,2.0,0.0,0.7435284338496365,0.17647054671281254,0.0,0.0,2026-01-30,0,161,0,medium,2495.0,5,Standard,499.0,mid,active
u000298,2026-01-12,7,0.0,0,0,0,0.0,0.0,0.0,0.0,0.0,0,0.0,0.0,7.0,0.0,0.0,0.0,0.0,0.0,0.0,0.0,2026-01-30,0,160,0,low,598.0,2,Basic,299.0,low,cancelled
u001941,2026-01-12,6,35.32,2,5,0,0.0,0.0,0.0,0.0,0.0,1,79.76750000000003,5.75,6.75,0.0,1.0,0.0,-0.5572131437338123,-0.6521737996219479,0.0,0.0,2026-01-30,0,229,0,medium,2093.0,7,Basic,299.0,low,active
u000299,2026-01-12,7,76.1,5,10,0,0.0,0.0,0.0,0.0,0.0,1,63.5725,4.5,7.0,0.0,1.0,0.0,0.19705847344278618,0.11111108641975857,0.0,0.0,2026-01-30,0,199,0,low,1794.0,6,Basic,299.0,low,active
u001940,2026-01-12,7,330.5,23,43,0,0.0,0.0,0.0,0.0,0.0,1,239.9225,13.75,7.0,0.0,2.0,0.0,0.3775281585615014,0.6727272238016565,0.0,0.0,2026-01-30,0,218,0,high,5593.0,7,Premium,799.0,high,active
u001975,2026-01-12,6,151.56,11,18,0,0.0,0.0,0.0,0.0,0.0,1,140.9625,10.25,6.75,1.0,3.0,1.0,0.07517956850098734,0.07317072456870981,0.33333322222225925,0.33333322222225925,2026-01-30,0,130,0,high,1996.0,4,Standard,499.0,mid,active
u002319,2026-01-12,7,0.0,0,0,0,0.0,0.0,0.0,0.0,0.0,0,7.9975000000000005,0.5,7.0,1.0,1.0,1.0,-0.9999998749609409,-0.999998000004,0.9999990000010001,0.9999990000010001,2026-01-30,0,57,0,low,0.0,0,Basic,299.0,low,cancelled
u001939,2026-01-12,6,55.06,4,9,0,0.0,0.0,0.0,0.0,0.0,1,78.30666666666667,5.333333333333333,6.0,1.0,1.0,1.0,-0.29686701476842736,-0.24999995312500875,0.9999990000010001,0.9999990000010001,2026-01-30,1,30,0,medium,0.0,0,Premium,799.0,high,expired
u001938,2026-01-12,7,25.92,2,2,0,0.0,0.0,1.0,0.0,0.0,1,57.36,4.0,7.0,1.0,3.0,1.0,-0.5481171452559772,-0.49999987500003124,0.33333322222225925,0.33333322222225925,2026-01-30,1,131,0,low,1196.0,4,Basic,299.0,low,cancelled
u000301,2026-01-12,7,123.85000000000001,10,14,0,0.0,0.0,0.0,0.0,0.0,1,150.83749999999998,10.75,7.0,0.0,1.0,0.0,-0.17891770826937775,-0.06976743537047113,0.0,0.0,2026-01-30,0,179,0,high,2495.0,5,Standard,499.0,mid,active
u002320,2026-01-12,7,118.22999999999999,6,16,0,0.0,0.0,0.0,0.0,0.0,1,95.2225,7.0,6.75,0.0,1.0,0.0,0.24161831246167326,-0.1428571224489825,0.0,0.0,2026-01-30,0,76,0,medium,998.0,2,Standard,499.0,mid,active
u001937,2026-01-12,7,0.0,0,0,0,0.0,0.0,0.0,0.0,0.0,0,0.0,0.0,7.0,0.0,0.0,0.0,0.0,0.0,0.0,0.0,2026-01-30,0,177,0,low,0.0,0,Standard,499.0,mid,expired
u000302,2026-01-12,7,24.58,2,2,0,0.0,0.0,0.0,0.0,0.0,1,93.86261633678649,5.0,6.75,0.0,1.0,0.0,-0.7381278969474608,-0.599999880000024,0.0,0.0,2026-01-30,0,63,0,medium,299.0,1,Basic,299.0,low,active
u001936,2026-01-12,7,85.25,10,8,0,0.0,0.0,0.0,0.0,0.0,1,55.150000000000006,5.0,7.0,0.0,1.0,0.0,0.5457842149449824,0.99999980000004,0.0,0.0,2026-01-30,0,229,0,low,2093.0,7,Basic,299.0,low,active
u000303,2026-01-12,7,162.99,14,15,0,0.0,0.0,0.0,0.0,0.0,1,169.15,13.0,7.0,0.0,1.0,0.0,-0.036417380807464476,0.07692307100591762,0.0,0.0,2026-01-30,0,268,0,high,3992.0,8,Standard,499.0,mid,active
u001935,2026-01-12,7,0.0,0,0,0,0.0,0.0,0.0,0.0,0.0,0,0.0,0.0,6.75,0.0,0.0,0.0,0.0,0.0,0.0,0.0,2026-01-30,0,234,0,medium,2495.0,5,Standard,499.0,mid,cancelled
u000109,2026-01-12,7,208.06,20,25,0,0.0,0.0,0.0,0.0,0.0,1,137.60000000000002,11.25,7.0,0.0,2.0,0.0,0.5120639497669769,0.7777777086419815,0.0,0.0,2026-01-30,0,152,0,medium,2495.0,5,Standard,499.0,mid,active
u000300,2026-01-12,7,63.010000000000005,2,9,0,0.0,0.0,0.0,0.0,0.0,1,123.27999999999999,8.25,7.0,0.0,1.0,0.0,-0.4888870823419282,-0.7575756657484042,0.0,0.0,2026-01-30,0,265,0,high,2392.0,8,Basic,299.0,low,active
u000282,2026-01-12,7,15.729999999999999,3,3,0,0.0,0.0,0.0,0.0,0.0,1,65.88499999999999,4.75,7.0,0.0,1.0,0.0,-0.7612506524815869,-0.3684209750692684,0.0,0.0,2026-01-30,0,148,0,low,1196.0,4,Basic,299.0,low,active
u002314,2026-01-12,7,36.22,2,5,0,0.0,0.0,1.0,0.0,0.0,1,128.75,8.75,7.0,0.0,1.0,0.0,-0.7186796060685079,-0.7714284832653162,0.0,0.0,2026-01-30,0,257,0,medium,6392.0,8,Premium,799.0,high,active
u001976,2026-01-12,7,92.09,6,10,0,0.0,0.0,0.0,0.0,0.0,1,170.37249999999997,10.5,7.0,0.0,1.0,0.0,-0.4594784929523338,-0.42857138775510595,0.0,0.0,2026-01-30,0,258,0,high,6392.0,8,Premium,799.0,high,active
u002018,2026-01-12,7,0.0,0,0,0,0.0,0.0,0.0,0.0,0.0,0,0.0,0.0,6.75,0.0,0.0,0.0,0.0,0.0,0.0,0.0,2026-01-30,0,88,0,low,0.0,0,Premium,799.0,high,cancelled
u002017,2026-01-12,6,33.57,2,6,0,0.0,0.0,0.0,0.0,0.0,1,52.58,4.5,6.75,0.0,1.0,0.0,-0.3615443065510782,-0.5555554320987929,0.0,0.0,2026-01-30,0,167,0,low,1495.0,5,Basic,299.0,low,active
u000261,2026-01-12,7,105.35,7,12,0,0.0,0.0,0.0,0.0,0.0,1,74.2275,5.25,7.0,0.0,1.0,0.0,0.4192852996627219,0.3333332698412819,0.0,0.0,2026-01-30,0,71,0,medium,598.0,2,Basic,299.0,low,active
u002016,2026-01-12,7,265.6,13,29,0,0.0,0.0,1.0,0.0,0.0,1,112.5275,5.5,7.0,0.0,2.0,0.0,1.3603119116632654,1.3636361157025243,0.0,0.0,2026-01-30,0,190,0,high,2994.0,6,Standard,499.0,mid,active
u002015,2026-01-12,7,0.0,0,0,0,0.0,0.0,0.0,0.0,0.0,0,0.0,0.0,7.0,0.0,0.0,0.0,0.0,0.0,0.0,0.0,2026-01-30,0,108,0,medium,499.0,1,Standard,499.0,mid,expired
u002014,2026-01-12,7,151.76,7,21,0,0.0,0.0,0.0,0.0,0.0,1,170.7225,9.0,7.0,0.0,1.0,0.0,-0.11107206073556763,-0.22222219753086697,0.0,0.0,2026-01-30,1,39,0,medium,799.0,1,Premium,799.0,high,cancelled
u002013,2026-01-12,7,0.0,0,0,0,0.0,0.0,1.0,0.0,0.0,0,0.0,0.0,7.0,0.0,0.0,0.0,0.0,0.0,0.0,0.0,2026-01-30,0,232,0,low,499.0,1,Standard,499.0,mid,expired
u002309,2026-01-12,7,183.28,9,20,0,0.0,0.0,1.0,0.0,0.0,1,156.91500000000002,8.25,7.0,0.0,1.0,0.0,0.16802090196589922,0.09090907988980851,0.0,0.0,2026-01-30,0,193,0,medium,2994.0,6,Standard,499.0,mid,active
u000262,2026-01-12,7,66.75999999999999,4,7,0,0.0,0.0,0.0,0.0,0.0,1,81.1875,5.75,6.75,0.0,1.0,0.0,-0.1777059254478101,-0.30434777315690903,0.0,0.0,2026-01-30,0,228,0,medium,2994.0,6,Standard,499.0,mid,active
u002012,2026-01-12,7,0.0,0,0,0,0.0,0.0,0.0,0.0,0.0,0,0.0,0.0,7.0,0.0,0.0,0.0,0.0,0.0,0.0,0.0,2026-01-30,0,172,0,low,0.0,0,Standard,499.0,mid,expired
u000117,2026-01-12,7,137.05,7,14,0,0.0,0.0,0.0,0.0,0.0,1,103.06500000000001,5.75,7.0,0.0,1.0,0.0,0.3297433626377202,0.2173912665406493,0.0,0.0,2026-01-30,0,261,0,medium,5593.0,7,Premium,799.0,high,active
u000263,2026-01-12,7,275.64,20,33,1,0.0,0.0,1.0,0.0,0.0,1,270.1025,19.25,7.0,0.0,1.0,0.0,0.020501476215505184,0.03896103693708899,0.0,0.0,2026-01-30,0,195,0,high,2994.0,6,Standard,499.0,mid,active
u000264,2026-01-12,7,82.94999999999999,6,9,0,0.0,0.0,0.0,0.0,0.0,1,36.76,2.5,6.75,0.0,1.0,0.0,1.2565288015090097,1.399999440000224,0.0,0.0,2026-01-30,1,38,0,low,499.0,1,Standard,499.0,mid,cancelled
u000265,2026-01-12,7,133.85,7,10,0,0.0,0.0,1.0,0.0,0.0,1,120.285,5.0,5.5,0.0,1.0,0.0,0.11277382788565632,0.399999920000016,0.0,0.0,2026-01-30,0,22,0,high,799.0,1,Premium,799.0,high,active
u002011,2026-01-12,7,54.449999999999996,3,6,0,0.0,0.0,0.0,0.0,0.0,1,46.212500000000006,3.0,7.0,0.0,1.0,0.0,0.17825263341622627,0.0,0.0,0.0,2026-01-30,0,146,0,low,1196.0,4,Basic,299.0,low,active
u002010,2026-01-12,7,14.46,1,1,0,0.0,0.0,0.0,0.0,0.0,1,40.112500000000004,2.5,7.0,0.0,1.0,0.0,-0.6395138513053574,-0.5999997600000959,0.0,0.0,2026-01-30,0,112,0,low,897.0,3,Basic,299.0,low,active
u002009,2026-01-12,7,0.0,0,0,0,0.0,0.0,0.0,0.0,0.0,0,40.62499999999999,2.5,7.0,1.0,1.0,1.0,-0.999999975384616,-0.99999960000016,0.9999990000010001,0.9999990000010001,2026-01-30,0,73,0,low,499.0,1,Standard,499.0,mid,cancelled
u002008,2026-01-12,7,71.63,4,7,0,0.0,0.0,0.0,0.0,0.0,1,119.52,8.25,7.0,0.0,1.0,0.0,-0.40068607429144854,-0.5151514527089148,0.0,0.0,2026-01-30,0,232,0,high,3493.0,7,Standard,499.0,mid,active
u002310,2026-01-12,7,0.0,0,0,0,0.0,0.0,0.0,0.0,0.0,0,0.0,0.0,7.0,0.0,0.0,0.0,0.0,0.0,0.0,0.0,2026-01-30,0,137,0,high,2397.0,3,Premium,799.0,high,cancelled
u000266,2026-01-12,7,0.0,0,0,0,0.0,0.0,0.0,0.0,0.0,0,29.997500000000002,2.25,7.0,1.0,2.0,1.0,-0.9999999666638897,-0.999999555555753,0.499999750000125,0.499999750000125,2026-01-30,0,125,0,medium,897.0,3,Basic,299.0,low,cancelled
u002007,2026-01-12,7,0.0,0,0,0,0.0,0.0,1.0,0.0,0.0,0,0.0,0.0,7.0,0.0,0.0,0.0,0.0,0.0,0.0,0.0,2026-01-30,0,162,0,low,998.0,2,Standard,499.0,mid,cancelled
u002019,2026-01-12,7,0.0,0,0,0,0.0,0.0,0.0,0.0,0.0,0,17.1625,1.75,6.75,1.0,2.0,1.0,-0.9999999417334338,-0.9999994285717552,0.499999750000125,0.499999750000125,2026-01-30,0,90,0,low,598.0,2,Basic,299.0,low,cancelled
u000260,2026-01-12,7,170.63,8,15,0,0.0,0.0,0.0,0.0,0.0,1,92.3375,4.25,7.0,0.0,1.0,0.0,0.8478949414063088,0.8823527335640626,0.0,0.0,2026-01-30,0,123,0,medium,1497.0,3,Standard,499.0,mid,active
u002020,2026-01-12,7,306.87,17,32,1,0.0,0.0,0.0,0.0,0.0,1,164.9925,10.25,7.0,0.0,2.0,0.0,0.8599027176392702,0.6585365211183882,0.0,0.0,2026-01-30,0,155,0,high,1495.0,5,Basic,299.0,low,active
u000259,2026-01-12,7,0.0,0,0,0,0.0,0.0,0.0,0.0,0.0,1,56.420000000000016,4.75,6.5,0.0,1.0,0.0,-0.9999999822757891,-0.9999997894737285,0.0,0.0,2026-01-30,0,227,0,medium,1794.0,6,Basic,299.0,low,active
u002033,2026-01-12,7,0.0,0,0,0,0.0,0.0,1.0,0.0,0.0,0,0.0,0.0,7.0,0.0,0.0,0.0,0.0,0.0,0.0,0.0,2026-01-30,0,248,0,low,897.0,3,Basic,299.0,low,cancelled
u000254,2026-01-12,7,81.18,6,10,0,0.0,0.0,0.0,0.0,0.0,1,64.01,4.0,6.75,0.0,1.0,0.0,0.26823933341291467,0.49999987500003124,0.0,0.0,2026-01-30,0,188,0,low,2994.0,6,Standard,499.0,mid,active
u002032,2026-01-12,7,0.0,0,0,0,0.0,0.0,0.0,0.0,0.0,0,0.0,0.0,6.75,0.0,0.0,0.0,0.0,0.0,0.0,0.0,2026-01-30,0,226,0,medium,3196.0,4,Premium,799.0,high,cancelled
u000255,2026-01-12,7,128.32999999999998,8,12,0,0.0,0.0,0.0,0.0,0.0,1,135.3225,11.5,7.0,0.0,1.0,0.0,-0.05167285520388074,-0.3043477996219305,0.0,0.0,2026-01-30,0,105,0,high,1497.0,3,Standard,499.0,mid,active
u002307,2026-01-12,7,53.33,4,6,0,0.0,0.0,0.0,0.0,0.0,1,150.235146876487,6.0,7.0,0.0,2.0,0.0,-0.645023140364968,-0.33333327777778704,0.0,0.0,2026-01-30,0,189,0,low,2994.0,6,Standard,499.0,mid,active
u000119,2026-01-12,7,0.0,0,0,0,0.0,0.0,0.0,0.0,0.0,0,0.0,0.0,7.0,0.0,0.0,0.0,0.0,0.0,0.0,0.0,2026-01-30,0,209,0,low,1497.0,3,Standard,499.0,mid,cancelled
u002031,2026-01-12,7,0.0,0,0,0,0.0,0.0,1.0,0.0,0.0,0,0.0,0.0,7.0,0.0,0.0,0.0,0.0,0.0,0.0,0.0,2026-01-30,0,131,0,high,2397.0,3,Premium,799.0,high,cancelled
u002030,2026-01-12,7,85.63,10,11,0,0.0,0.0,0.0,0.0,0.0,1,70.19749999999999,5.5,7.0,0.0,1.0,0.0,0.21984400840708002,0.8181816694215146,0.0,0.0,2026-01-30,0,184,0,low,2495.0,5,Standard,499.0,mid,active
u000256,2026-01-12,7,0.0,0,0,0,0.0,0.0,0.0,0.0,0.0,0,0.0,0.0,6.75,0.0,0.0,0.0,0.0,0.0,0.0,0.0,2026-01-30,0,234,0,low,0.0,0,Basic,299.0,low,expired
u002029,2026-01-12,7,58.97,3,3,0,0.0,0.0,0.0,0.0,0.0,1,102.015,6.75,7.0,0.0,1.0,0.0,-0.42194774864531936,-0.555555473251041,0.0,0.0,2026-01-30,0,139,0,medium,1196.0,4,Basic,299.0,low,active
u000267,2026-01-12,7,32.650000000000006,2,2,0,0.0,0.0,0.0,0.0,0.0,1,52.487500000000004,3.5,7.0,0.0,2.0,0.0,-0.3779471230684044,-0.42857130612248395,0.0,0.0,2026-01-30,0,158,0,low,1495.0,5,Basic,299.0,low,active
u000257,2026-01-12,7,144.13,8,21,0,0.0,0.0,0.0,0.0,0.0,1,134.8975,7.25,7.0,0.0,2.0,0.0,0.0684408527330687,0.10344826159334322,0.0,0.0,2026-01-30,0,100,0,medium,1497.0,3,Standard,499.0,mid,active
u002027,2026-01-12,7,0.0,0,0,0,0.0,0.0,0.0,0.0,0.0,0,0.0,0.0,7.0,0.0,0.0,0.0,0.0,0.0,0.0,0.0,2026-01-30,0,116,0,low,0.0,0,Standard,499.0,mid,expired
u002026,2026-01-12,7,38.17,3,5,0,0.0,0.0,0.0,0.0,0.0,1,44.585,3.75,7.0,0.0,2.0,0.0,-0.14388246845615185,-0.1999999466666809,0.0,0.0,2026-01-30,0,152,0,low,2495.0,5,Standard,499.0,mid,active
u002025,2026-01-12,7,86.58000000000001,7,10,0,0.0,0.0,0.0,0.0,0.0,1,55.9925,4.25,6.75,0.0,2.0,0.0,0.5462785096882887,0.6470586712803126,0.0,0.0,2026-01-30,0,252,0,low,3992.0,8,Standard,499.0,mid,active
u000258,2026-01-12,7,71.25,6,8,0,0.0,0.0,0.0,0.0,0.0,1,46.4575,3.75,7.0,0.0,2.0,0.0,0.5336597851012261,0.5999998400000427,0.0,0.0,2026-01-30,0,245,0,medium,2392.0,8,Basic,299.0,low,active
u002024,2026-01-12,7,155.17,11,15,0,0.0,0.0,0.0,0.0,0.0,1,143.765,8.75,7.0,0.0,1.0,0.0,0.07933085188098042,0.25714282775510544,0.0,0.0,2026-01-30,0,120,0,medium,1497.0,3,Standard,499.0,mid,active
u002023,2026-01-12,7,0.0,0,0,0,0.0,0.0,0.0,0.0,0.0,0,0.0,0.0,7.0,0.0,0.0,0.0,0.0,0.0,0.0,0.0,2026-01-30,0,105,0,low,299.0,1,Basic,299.0,low,cancelled
u002022,2026-01-12,7,288.21999999999997,11,31,1,0.0,0.0,0.0,0.0,0.0,1,219.35500000000002,9.25,7.0,0.0,1.0,0.0,0.313943150081178,0.1891891687363061,0.0,0.0,2026-01-30,0,105,0,high,2397.0,3,Premium,799.0,high,active
u002021,2026-01-12,7,142.94,8,16,0,0.0,0.0,0.0,0.0,0.0,1,124.31500000000001,8.5,7.0,0.0,2.0,0.0,0.14982101797996192,-0.0588235224913503,0.0,0.0,2026-01-30,0,194,0,high,1794.0,6,Basic,299.0,low,active
u002308,2026-01-12,7,133.53,4,13,0,0.0,0.0,0.0,0.0,0.0,1,141.1325,7.5,7.0,0.0,1.0,0.0,-0.05386781886618726,-0.46666660444445274,0.0,0.0,2026-01-30,0,232,0,high,2093.0,7,Basic,299.0,low,active
u000118,2026-01-12,7,16.7,1,1,0,0.0,0.0,0.0,0.0,0.0,1,50.4675,4.75,6.75,0.0,1.0,0.0,-0.6690939581097942,-0.7894735180055751,0.0,0.0,2026-01-30,0,235,0,medium,2093.0,7,Basic,299.0,low,active
u002028,2026-01-12,7,143.62,11,18,0,0.0,0.0,0.0,0.0,0.0,1,171.0533333333333,11.666666666666666,6.666666666666667,0.0,1.0,0.0,-0.16037882827746405,-0.05714285224489833,0.0,0.0,2026-01-30,0,32,0,high,499.0,1,Standard,499.0,mid,active
u000312,2026-01-12,7,0.0,0,0,0,0.0,0.0,0.0,0.0,0.0,0,0.0,0.0,7.0,0.0,0.0,0.0,0.0,0.0,0.0,0.0,2026-01-30,0,102,0,low,499.0,1,Standard,499.0,mid,cancelled
u002006,2026-01-12,7,115.25999999999999,5,11,0,0.0,0.0,0.0,0.0,0.0,1,102.98249999999999,6.0,7.0,0.0,1.0,0.0,0.11921928367228142,-0.16666663888889352,0.0,0.0,2026-01-30,0,238,0,high,1495.0,5,Basic,299.0,low,active
u002005,2026-01-12,7,0.0,0,0,0,0.0,0.0,0.0,0.0,0.0,0,0.0,0.0,7.0,0.0,1.0,0.0,0.0,0.0,0.0,0.0,2026-01-30,0,70,0,low,299.0,1,Basic,299.0,low,cancelled
u001989,2026-01-12,7,222.58,14,14,0,0.0,0.0,1.0,0.0,0.0,1,254.2075,16.25,7.0,0.0,2.0,0.0,-0.12441607692764343,-0.13846152994082891,0.0,0.0,2026-01-30,0,218,0,high,5593.0,7,Premium,799.0,high,active
u000276,2026-01-12,7,93.16,6,9,0,0.0,0.0,0.0,0.0,0.0,1,190.925,10.75,6.75,0.0,1.0,0.0,-0.5120597066279445,-0.44186042401298387,0.0,0.0,2026-01-30,0,149,0,high,1996.0,4,Standard,499.0,mid,active
u001988,2026-01-12,7,109.91,6,12,0,0.0,0.0,0.0,0.0,0.0,1,67.97749999999999,3.5,6.75,0.0,2.0,0.0,0.6168585102885734,0.7142855102041399,0.0,0.0,2026-01-30,0,217,0,high,1794.0,6,Basic,299.0,low,active
u000277,2026-01-12,7,0.0,0,0,0,0.0,0.0,1.0,1.0,0.0,0,0.0,0.0,7.0,0.0,0.0,0.0,0.0,0.0,0.0,0.0,2026-01-30,0,153,0,medium,998.0,2,Standard,499.0,mid,expired
u000278,2026-01-12,7,98.87,4,7,0,0.0,0.0,0.0,0.0,0.0,1,116.88250000000002,8.5,6.75,0.0,1.0,0.0,-0.15410775647245958,-0.5294117024221527,0.0,0.0,2026-01-30,0,74,0,medium,1598.0,2,Premium,799.0,high,active
u001987,2026-01-12,7,114.17,10,8,0,0.0,0.0,0.0,0.0,0.0,1,156.2,9.5,7.0,0.0,1.0,0.0,-0.2690781032709468,0.0526315734072028,0.0,0.0,2026-01-30,0,63,0,high,299.0,1,Basic,299.0,low,active
u001986,2026-01-12,7,161.72000000000003,13,13,1,0.0,0.0,0.0,0.0,0.0,1,203.35500000000002,10.5,7.0,0.0,1.0,0.0,-0.2047404774667921,0.23809521541950332,0.0,0.0,2026-01-30,1,71,0,high,998.0,2,Standard,499.0,mid,cancelled
u002313,2026-01-12,7,72.89,5,11,0,0.0,0.0,0.0,0.0,0.0,1,35.985,2.75,7.0,0.0,1.0,0.0,1.0255661796424573,0.8181815206612651,0.0,0.0,2026-01-30,0,142,0,low,1196.0,4,Basic,299.0,low,active
u001985,2026-01-12,7,70.00999999999999,3,7,0,0.0,0.0,0.0,0.0,0.0,1,45.5025,2.75,7.0,0.0,1.0,0.0,0.5385967685600401,0.09090905785125168,0.0,0.0,2026-01-30,0,111,0,low,897.0,3,Basic,299.0,low,active
u001984,2026-01-12,7,212.57,15,27,0,0.0,0.0,0.0,0.0,0.0,1,192.9275,11.25,7.0,0.0,1.0,0.0,0.10181285663364283,0.33333330370370634,0.0,0.0,2026-01-30,0,82,0,high,1598.0,2,Premium,799.0,high,active
u001983,2026-01-12,7,160.71,8,14,0,0.0,0.0,0.0,0.0,0.0,1,119.14250000000001,6.5,7.0,0.0,1.0,0.0,0.3488889325900586,0.23076919526627765,0.0,0.0,2026-01-30,0,257,0,high,3992.0,8,Standard,499.0,mid,active
u000279,2026-01-12,7,0.0,0,0,0,0.0,0.0,0.0,0.0,0.0,0,0.0,0.0,7.0,0.0,0.0,0.0,0.0,0.0,0.0,0.0,2026-01-30,0,254,0,medium,2994.0,6,Standard,499.0,mid,cancelled
u001982,2026-01-12,7,214.07,10,20,1,0.0,0.0,0.0,0.0,0.0,1,291.9575,15.25,7.0,0.0,1.0,0.0,-0.26677684160613496,-0.344262272507392,0.0,0.0,2026-01-30,0,114,0,high,2397.0,3,Premium,799.0,high,active
u000114,2026-01-12,7,21.11,1,1,0,0.0,0.0,1.0,0.0,0.0,1,45.35749999999999,4.0,7.0,0.0,2.0,0.0,-0.5345863300537654,-0.7499998125000469,0.0,0.0,2026-01-30,0,155,0,medium,1495.0,5,Basic,299.0,low,active
u001981,2026-01-12,7,142.48999999999998,8,17,0,0.0,0.0,0.0,0.0,0.0,1,87.19749999999999,6.0,6.75,0.0,1.0,0.0,0.6341064751385478,0.33333327777778704,0.0,0.0,2026-01-30,0,105,0,medium,897.0,3,Basic,299.0,low,active
u001980,2026-01-12,7,35.24,3,3,0,0.0,0.0,0.0,0.0,0.0,1,42.225,3.5,7.0,1.0,1.0,1.0,-0.16542332349500713,-0.142857102040828,0.9999990000010001,0.9999990000010001,2026-01-30,1,71,0,low,299.0,1,Basic,299.0,low,expired
u001979,2026-01-12,7,206.78,17,15,0,0.0,0.0,0.0,0.0,0.0,1,439.95067890264954,15.25,7.0,0.0,1.0,0.0,-0.5299927686308942,0.11475409083579732,0.0,0.0,2026-01-30,0,256,0,high,6392.0,8,Premium,799.0,high,active
u000280,2026-01-12,7,336.16999999999996,22,38,1,0.0,0.0,0.0,0.0,0.0,1,220.21249999999998,15.25,7.0,1.0,2.0,1.0,0.5265709234191023,0.4426229217952183,0.499999750000125,0.499999750000125,2026-01-30,0,250,0,high,3493.0,7,Standard,499.0,mid,active
u001978,2026-01-12,7,0.0,0,0,0,0.0,0.0,0.0,0.0,0.0,1,47.5525,4.5,7.0,0.0,1.0,0.0,-0.9999999789706119,-0.9999997777778271,0.0,0.0,2026-01-30,0,185,0,low,2495.0,5,Standard,499.0,mid,active
u000281,2026-01-12,7,154.89,9,19,0,0.0,0.0,0.0,0.0,0.0,1,111.9625,7.25,7.0,0.0,1.0,0.0,0.38340962033350773,0.24137927705113418,0.0,0.0,2026-01-30,0,201,0,high,4794.0,6,Premium,799.0,high,active
u001977,2026-01-12,7,195.63,12,21,0,0.0,0.0,0.0,0.0,0.0,1,127.04249999999999,8.75,6.5,0.0,1.0,0.0,0.5398783829043166,0.3714285289795967,0.0,0.0,2026-01-30,0,37,0,high,799.0,1,Premium,799.0,high,active
u001990,2026-01-12,6,134.91,9,15,1,0.0,0.0,0.0,0.0,0.0,1,140.515,8.25,6.75,0.0,1.0,0.0,-0.039888979540340964,0.09090907988980851,0.0,0.0,2026-01-30,0,39,0,high,299.0,1,Basic,299.0,low,active
u000115,2026-01-12,7,0.0,0,0,0,0.0,0.0,0.0,0.0,0.0,0,0.0,0.0,7.0,0.0,0.0,0.0,0.0,0.0,0.0,0.0,2026-01-30,0,144,0,low,499.0,1,Standard,499.0,mid,cancelled
u001991,2026-01-12,7,0.0,0,0,0,0.0,0.0,0.0,0.0,0.0,0,90.3,3.5,6.75,1.0,1.0,1.0,-0.999999988925803,-0.9999997142857959,0.9999990000010001,0.9999990000010001,2026-01-30,0,137,0,medium,1497.0,3,Standard,499.0,mid,expired
u002312,2026-01-12,7,222.3,16,20,1,0.0,0.0,1.0,0.0,0.0,1,163.14999999999998,10.0,7.0,1.0,2.0,1.0,0.3625497985746261,0.599999940000006,0.499999750000125,0.499999750000125,2026-01-30,0,254,0,high,3493.0,7,Standard,499.0,mid,active
u002004,2026-01-12,7,75.95,6,9,0,0.0,0.0,0.0,0.0,0.0,1,108.2225,8.0,6.75,0.0,2.0,0.0,-0.2982050839871091,-0.24999996875000394,0.0,0.0,2026-01-30,0,155,0,high,1495.0,5,Basic,299.0,low,active
u002003,2026-01-12,6,100.86,5,9,0,0.0,0.0,0.0,0.0,0.0,1,76.92750000000001,3.75,6.75,0.0,1.0,0.0,0.3111046074407121,0.33333324444446816,0.0,0.0,2026-01-30,0,171,0,high,2495.0,5,Standard,499.0,mid,active
u000269,2026-01-12,7,26.83,2,2,0,0.0,0.0,0.0,0.0,0.0,1,31.805,1.5,7.0,1.0,2.0,1.0,-0.15642194131671308,0.3333331111112593,0.499999750000125,0.499999750000125,2026-01-30,0,117,0,low,897.0,3,Basic,299.0,low,active
u002002,2026-01-12,7,0.0,0,0,0,0.0,0.0,0.0,0.0,0.0,0,0.0,0.0,7.0,0.0,0.0,0.0,0.0,0.0,0.0,0.0,2026-01-30,0,255,0,medium,3995.0,5,Premium,799.0,high,expired
u000270,2026-01-12,7,198.07,11,24,1,0.0,0.0,0.0,0.0,0.0,1,159.73000000000002,9.75,7.0,0.0,2.0,0.0,0.24003004920785026,0.12820511505588564,0.0,0.0,2026-01-30,1,122,0,medium,1996.0,4,Standard,499.0,mid,cancelled
u002001,2026-01-12,7,36.04,2,4,0,0.0,0.0,0.0,0.0,0.0,1,58.010000000000005,5.25,7.0,0.0,1.0,0.0,-0.3787277990221032,-0.6190475011338092,0.0,0.0,2026-01-30,0,50,0,medium,299.0,1,Basic,299.0,low,active
u002000,2026-01-12,7,181.18,15,22,0,0.0,0.0,0.0,0.0,0.0,1,166.4925,11.0,6.5,0.0,1.0,0.0,0.08821718643051676,0.3636363305785154,0.0,0.0,2026-01-30,0,200,0,high,2994.0,6,Standard,499.0,mid,active
u002311,2026-01-12,7,212.69,8,22,0,0.0,0.0,0.0,0.0,0.0,1,186.65500000000003,11.5,7.0,0.0,1.0,0.0,0.13948193115918692,-0.3043477996219305,0.0,0.0,2026-01-30,0,200,0,high,2994.0,6,Standard,499.0,mid,active
u000116,2026-01-12,7,64.27,4,5,0,0.0,0.0,0.0,0.0,0.0,1,64.6275,5.5,7.0,0.0,2.0,0.0,-0.005531700815725518,-0.2727272231405049,0.0,0.0,2026-01-30,0,128,0,low,1996.0,4,Standard,499.0,mid,active
u000271,2026-01-12,7,79.92,5,5,0,0.0,0.0,1.0,0.0,0.0,1,81.67999999999999,6.5,7.0,0.0,1.0,0.0,-0.02154750218477582,-0.23076919526627765,0.0,0.0,2026-01-30,0,197,0,low,1495.0,5,Basic,299.0,low,active
u000268,2026-01-12,7,142.88,8,17,0,0.0,0.0,0.0,0.0,0.0,1,135.73000000000002,7.5,6.75,0.0,2.0,0.0,0.05267811056746383,0.06666665777777896,0.0,0.0,2026-01-30,0,183,0,high,2495.0,5,Standard,499.0,mid,active
u001999,2026-01-12,7,586.349440597241,12,20,1,0.0,0.0,0.0,0.0,0.0,1,278.6998601493102,7.25,7.0,0.0,1.0,0.0,1.1038741791231506,0.6551723234245072,0.0,0.0,2026-01-30,0,200,0,high,2994.0,6,Standard,499.0,mid,active
u001997,2026-01-12,7,0.0,0,0,0,0.0,0.0,1.0,0.0,0.0,0,0.0,0.0,7.0,1.0,1.0,1.0,0.0,0.0,0.9999990000010001,0.9999990000010001,2026-01-30,0,132,0,low,598.0,2,Basic,299.0,low,expired
u000272,2026-01-12,7,0.0,0,0,0,0.0,0.0,1.0,0.0,0.0,0,0.0,0.0,7.0,0.0,0.0,0.0,0.0,0.0,0.0,0.0,2026-01-30,0,265,0,low,897.0,3,Basic,299.0,low,cancelled
u001996,2026-01-12,7,113.24000000000001,8,13,0,0.0,0.0,0.0,0.0,0.0,1,98.82000000000001,7.25,7.0,0.0,1.0,0.0,0.14592187668567216,0.10344826159334322,0.0,0.0,2026-01-30,0,270,0,medium,2392.0,8,Basic,299.0,low,active
u000273,2026-01-12,7,35.46,5,4,0,0.0,0.0,0.0,0.0,0.0,1,42.8975,3.75,7.0,0.0,1.0,0.0,-0.17337839796308882,0.33333324444446816,0.0,0.0,2026-01-30,0,232,0,medium,2093.0,7,Basic,299.0,low,active
u000274,2026-01-12,7,286.84000000000003,16,22,1,0.0,0.0,0.0,0.0,0.0,1,178.70666666666668,9.666666666666666,6.333333333333333,0.0,1.0,0.0,0.6050884096559256,0.655172346016654,0.0,0.0,2026-01-30,0,30,0,high,499.0,1,Standard,499.0,mid,active
u001995,2026-01-12,7,117.84,8,15,0,0.0,0.0,0.0,0.0,0.0,1,124.30499999999999,9.75,7.0,1.0,2.0,1.0,-0.05200917057230859,-0.1794871610782399,0.499999750000125,0.499999750000125,2026-01-30,0,81,0,high,998.0,2,Standard,499.0,mid,active
u001994,2026-01-12,7,207.51,11,11,0,0.0,0.0,0.0,0.0,0.0,1,175.32,9.5,6.75,0.0,1.0,0.0,0.18360711736477803,0.15789472022160841,0.0,0.0,2026-01-30,0,110,0,high,1497.0,3,Standard,499.0,mid,active
u001993,2026-01-12,7,118.75,9,13,0,0.0,0.0,1.0,0.0,0.0,1,107.87250000000002,8.25,7.0,0.0,1.0,0.0,0.1008366349084646,0.09090907988980851,0.0,0.0,2026-01-30,0,198,0,medium,1794.0,6,Basic,299.0,low,active
u001992,2026-01-12,7,0.0,0,0,0,0.0,0.0,0.0,0.0,0.0,0,0.0,0.0,7.0,0.0,0.0,0.0,0.0,0.0,0.0,0.0,2026-01-30,0,161,0,low,1598.0,2,Premium,799.0,high,cancelled
u000275,2026-01-12,7,89.65,8,7,0,0.0,0.0,0.0,0.0,0.0,1,145.925,9.75,7.0,0.0,1.0,0.0,-0.38564330727672913,-0.1794871610782399,0.0,0.0,2026-01-30,0,166,0,high,1495.0,5,Basic,299.0,low,active
u001998,2026-01-12,7,280.22,25,34,0,1.0,0.0,0.0,0.0,0.0,1,190.10000000000002,15.0,5.0,0.0,1.0,0.0,0.4740662784110138,0.6666666222222252,0.0,0.0,2026-01-30,0,21,0,high,499.0,1,Standard,499.0,mid,active
u002034,2026-01-12,7,180.86,13,13,0,0.0,0.0,1.0,0.0,0.0,1,270.1475,18.25,7.0,1.0,3.0,1.0,-0.3305138847092277,-0.2876712171139059,0.33333322222225925,0.33333322222225925,2026-01-30,0,100,0,high,2397.0,3,Premium,799.0,high,active
u001920,2026-01-12,7,83.5,4,8,0,0.0,0.0,1.0,0.0,0.0,0,104.595,4.5,7.0,0.0,1.0,0.0,-0.20168267888825775,-0.11111108641975857,0.0,0.0,2026-01-30,0,138,0,medium,1996.0,4,Standard,499.0,mid,cancelled
u000313,2026-01-12,6,115.07000000000001,3,6,0,0.0,0.0,0.0,0.0,0.0,1,52.6675,3.75,6.5,0.0,1.0,0.0,1.184838824990007,-0.1999999466666809,0.0,0.0,2026-01-30,0,241,0,low,3493.0,7,Standard,499.0,mid,active
u000356,2026-01-12,7,118.03,4,6,0,0.0,0.0,0.0,0.0,0.0,1,70.77,4.0,5.0,0.0,1.0,0.0,0.667797079725914,0.0,0.0,0.0,2026-01-30,0,21,0,medium,499.0,1,Standard,499.0,mid,active
u001853,2026-01-12,7,234.62,13,23,0,0.0,0.0,0.0,0.0,0.0,1,258.6975,15.0,7.0,0.0,1.0,0.0,-0.09307202391568517,-0.13333332444444504,0.0,0.0,2026-01-30,0,156,0,high,3196.0,4,Premium,799.0,high,active
u000099,2026-01-12,7,113.1,9,11,0,0.0,0.0,0.0,0.0,0.0,1,60.855,3.5,7.0,0.0,1.0,0.0,0.8585161308271115,1.5714281224491078,0.0,0.0,2026-01-30,0,111,0,low,897.0,3,Basic,299.0,low,active
u001852,2026-01-12,7,17.76,3,2,0,0.0,0.0,0.0,0.0,0.0,1,33.235,3.5,7.0,0.0,1.0,0.0,-0.4656235755792515,-0.142857102040828,0.0,0.0,2026-01-30,0,207,0,low,1794.0,6,Basic,299.0,low,active
u000357,2026-01-12,7,0.0,0,0,0,0.0,0.0,0.0,0.0,0.0,0,0.0,0.0,7.0,0.0,0.0,0.0,0.0,0.0,0.0,0.0,2026-01-30,0,232,0,low,2397.0,3,Premium,799.0,high,cancelled
u000358,2026-01-12,7,292.59999999999997,9,35,1,0.0,0.0,1.0,0.0,0.0,1,119.99249999999998,4.5,7.0,0.0,1.0,0.0,1.4384857267038715,0.9999997777778271,0.0,0.0,2026-01-30,0,47,0,medium,499.0,1,Standard,499.0,mid,active
u001851,2026-01-12,7,210.89,7,15,1,0.0,0.0,0.0,0.0,0.0,1,136.8875,7.75,6.75,0.0,2.0,0.0,0.540608159688736,-0.09677418106139599,0.0,0.0,2026-01-30,0,250,0,high,2392.0,8,Basic,299.0,low,active
u000359,2026-01-12,7,257.97,12,22,0,0.0,0.0,0.0,0.0,0.0,1,213.53250000000003,10.75,6.75,1.0,3.0,1.0,0.20810649335297204,0.11627905895078522,0.33333322222225925,0.33333322222225925,2026-01-30,0,248,0,high,6392.0,8,Premium,799.0,high,active
u001850,2026-01-12,7,0.0,0,0,0,0.0,0.0,0.0,0.0,0.0,0,0.0,0.0,7.0,0.0,0.0,0.0,0.0,0.0,0.0,0.0,2026-01-30,0,229,0,low,998.0,2,Standard,499.0,mid,expired
u002335,2026-01-12,7,0.0,0,0,0,0.0,0.0,0.0,0.0,0.0,0,0.0,0.0,7.0,0.0,0.0,0.0,0.0,0.0,0.0,0.0,2026-01-30,0,132,0,low,299.0,1,Basic,299.0,low,expired
u000360,2026-01-12,7,234.6,16,36,1,0.0,0.0,0.0,0.0,0.0,1,129.655,8.25,6.75,0.0,1.0,0.0,0.809417293514193,0.9393938255280212,0.0,0.0,2026-01-30,0,83,0,medium,998.0,2,Standard,499.0,mid,active
u001849,2026-01-12,7,0.0,0,0,0,0.0,0.0,0.0,0.0,0.0,0,0.0,0.0,7.0,0.0,0.0,0.0,0.0,0.0,0.0,0.0,2026-01-30,0,140,0,low,799.0,1,Premium,799.0,high,cancelled
u000361,2026-01-12,7,0.0,0,0,0,0.0,0.0,0.0,0.0,0.0,0,14.254999999999999,0.5,7.0,0.0,1.0,0.0,-0.9999999298491807,-0.999998000004,0.0,0.0,2026-01-30,0,58,0,low,299.0,1,Basic,299.0,low,cancelled
u001848,2026-01-12,7,108.67,9,6,0,0.0,0.0,1.0,0.0,0.0,1,124.6325,7.5,7.0,0.0,2.0,0.0,-0.12807654401479107,0.19999997333333688,0.0,0.0,2026-01-30,0,134,0,medium,1996.0,4,Standard,499.0,mid,active
u000362,2026-01-12,7,54.480000000000004,3,10,0,0.0,0.0,0.0,0.0,0.0,0,71.0,3.5,7.0,1.0,1.0,1.0,-0.2326760530609006,-0.142857102040828,0.9999990000010001,0.9999990000010001,2026-01-30,0,47,0,medium,0.0,0,Basic,299.0,low,expired
u001847,2026-01-12,7,147.56,9,13,0,0.0,0.0,0.0,0.0,0.0,1,168.7125,9.5,7.0,0.0,1.0,0.0,-0.12537600874045488,-0.0526315734072028,0.0,0.0,2026-01-30,0,169,0,high,3995.0,5,Premium,799.0,high,active
u001846,2026-01-12,7,0.0,0,0,0,0.0,0.0,0.0,0.0,0.0,0,0.0,0.0,7.0,0.0,0.0,0.0,0.0,0.0,0.0,0.0,2026-01-30,0,116,0,medium,799.0,1,Premium,799.0,high,expired
u001845,2026-01-12,7,0.0,0,0,0,0.0,0.0,0.0,0.0,0.0,0,33.390000000000015,1.75,7.0,1.0,1.0,1.0,-0.9999999700509145,-0.9999994285717552,0.9999990000010001,0.9999990000010001,2026-01-30,0,84,0,medium,499.0,1,Standard,499.0,mid,expired
u001844,2026-01-12,7,37.22,5,3,0,0.0,0.0,0.0,0.0,0.0,1,80.02250000000001,6.0,6.75,0.0,1.0,0.0,-0.5348808080867156,-0.16666663888889352,0.0,0.0,2026-01-30,0,58,0,medium,499.0,1,Standard,499.0,mid,active
u002336,2026-01-12,7,100.43,4,10,0,0.0,0.0,1.0,0.0,0.0,1,106.63749999999999,5.0,7.0,0.0,1.0,0.0,-0.0582112290872231,-0.199999960000008,0.0,0.0,2026-01-30,0,135,0,high,1196.0,4,Basic,299.0,low,active
u001843,2026-01-12,7,52.97,3,3,0,0.0,0.0,0.0,0.0,0.0,1,77.805,4.5,7.0,0.0,2.0,0.0,-0.3191954203560772,-0.3333332592592757,0.0,0.0,2026-01-30,0,66,0,medium,598.0,2,Basic,299.0,low,active
u002334,2026-01-12,7,74.82,6,7,0,0.0,0.0,1.0,1.0,0.0,1,54.169999999999995,3.75,6.75,0.0,2.0,0.0,0.38120730328212477,0.5999998400000427,0.0,0.0,2026-01-30,0,64,0,medium,598.0,2,Basic,299.0,low,active
u001842,2026-01-12,7,109.02,5,10,0,0.0,0.0,0.0,0.0,0.0,1,82.61250000000001,5.5,7.0,0.0,2.0,0.0,0.31965501201809615,-0.09090907438016829,0.0,0.0,2026-01-30,0,246,0,medium,6392.0,8,Premium,799.0,high,active
u000355,2026-01-12,7,238.01,12,26,0,0.0,0.0,1.0,0.0,0.0,1,217.0333333333333,10.0,5.333333333333333,0.0,1.0,0.0,0.0966518195515967,0.19999998000000202,0.0,0.0,2026-01-30,0,27,0,high,499.0,1,Standard,499.0,mid,active
u001854,2026-01-12,7,97.73,8,5,0,0.0,0.0,0.0,0.0,0.0,1,197.89,12.5,7.0,0.0,1.0,0.0,-0.5061397720645824,-0.3599999712000023,0.0,0.0,2026-01-30,0,230,0,high,4794.0,6,Premium,799.0,high,active
u002331,2026-01-12,7,68.43,7,8,0,0.0,0.0,1.0,0.0,0.0,1,101.16,9.0,7.0,0.0,1.0,0.0,-0.3235468532666384,-0.22222219753086697,0.0,0.0,2026-01-30,0,254,0,medium,3992.0,8,Standard,499.0,mid,active
u000349,2026-01-12,7,60.690000000000005,3,8,0,0.0,0.0,1.0,0.0,0.0,1,99.2775,5.25,7.0,0.0,1.0,0.0,-0.3886832324677471,-0.42857134693879106,0.0,0.0,2026-01-30,0,225,0,high,3493.0,7,Standard,499.0,mid,active
u001866,2026-01-12,7,62.29,4,5,0,0.0,0.0,0.0,0.0,0.0,1,47.522499999999994,2.75,7.0,0.0,1.0,0.0,0.3107475340996891,0.4545452892562584,0.0,0.0,2026-01-30,0,169,0,medium,1495.0,5,Basic,299.0,low,active
u001865,2026-01-12,7,186.55,9,24,0,0.0,0.0,0.0,0.0,0.0,1,140.85999999999999,8.75,6.75,0.0,1.0,0.0,0.3243646150478164,0.028571425306122826,0.0,0.0,2026-01-30,0,61,0,medium,299.0,1,Basic,299.0,low,active
u001864,2026-01-12,7,113.04,7,15,0,0.0,0.0,0.0,0.0,0.0,1,130.345,9.0,7.0,0.0,1.0,0.0,-0.1327630508821738,-0.22222219753086697,0.0,0.0,2026-01-30,0,177,0,high,2495.0,5,Standard,499.0,mid,active
u002332,2026-01-12,7,0.0,0,0,0,0.0,0.0,1.0,1.0,0.0,0,9.724999999999998,0.5,6.75,0.0,1.0,0.0,-0.9999998971722471,-0.999998000004,0.0,0.0,2026-01-30,0,54,0,low,299.0,1,Basic,299.0,low,cancelled
u000100,2026-01-12,7,60.62,6,8,0,0.0,0.0,0.0,0.0,0.0,1,59.71249999999999,4.5,7.0,0.0,1.0,0.0,0.015197822646886053,0.3333332592592757,0.0,0.0,2026-01-30,0,235,0,medium,2093.0,7,Basic,299.0,low,active
u000350,2026-01-12,7,137.7,6,11,0,0.0,0.0,0.0,0.0,0.0,1,185.3975,9.0,7.0,0.0,1.0,0.0,-0.2572715367937997,-0.33333329629630043,0.0,0.0,2026-01-30,0,229,0,high,5593.0,7,Premium,799.0,high,active
u001863,2026-01-12,7,29.64,4,4,0,0.0,0.0,0.0,0.0,0.0,1,60.5825,6.75,7.0,0.0,1.0,0.0,-0.5107497955556507,-0.40740734705076337,0.0,0.0,2026-01-30,0,58,0,medium,299.0,1,Basic,299.0,low,active
u001862,2026-01-12,7,109.65,8,17,0,0.0,0.0,1.0,0.0,0.0,1,115.14500000000001,7.5,7.0,0.0,1.0,0.0,-0.04772243651289737,0.06666665777777896,0.0,0.0,2026-01-30,0,196,0,high,1794.0,6,Basic,299.0,low,active
u000351,2026-01-12,7,109.69,7,11,0,0.0,0.0,0.0,0.0,0.0,1,62.56499999999999,4.75,7.0,0.0,1.0,0.0,0.7532166426401882,0.4736841108033451,0.0,0.0,2026-01-30,0,137,0,medium,1196.0,4,Basic,299.0,low,active
u001861,2026-01-12,7,26.31,1,3,0,0.0,0.0,0.0,0.0,0.0,1,44.22,2.25,7.0,0.0,1.0,0.0,-0.4050203436223351,-0.555555308642085,0.0,0.0,2026-01-30,0,85,0,low,998.0,2,Standard,499.0,mid,active
u001860,2026-01-12,7,13.05,1,1,0,0.0,0.0,0.0,0.0,0.0,1,65.66250000000001,5.0,7.0,1.0,1.0,1.0,-0.8012564126974087,-0.799999840000032,0.9999990000010001,0.9999990000010001,2026-01-30,0,86,0,medium,499.0,1,Standard,499.0,mid,active
u001859,2026-01-12,7,158.28,5,18,0,0.0,0.0,0.0,0.0,0.0,1,118.1575,8.25,6.5,0.0,1.0,0.0,0.33956794668499296,-0.3939393461891702,0.0,0.0,2026-01-30,0,139,0,high,1996.0,4,Standard,499.0,mid,active
u001858,2026-01-12,7,230.47,17,22,0,0.0,0.0,0.0,0.0,0.0,1,158.975,11.75,7.0,0.0,1.0,0.0,0.4497247966678736,0.4468084726120449,0.0,0.0,2026-01-30,0,124,0,high,897.0,3,Basic,299.0,low,active
u001857,2026-01-12,7,85.61,3,5,0,0.0,0.0,0.0,0.0,0.0,1,45.08749999999999,2.25,7.0,0.0,1.0,0.0,0.8987524059051314,0.333333185185251,0.0,0.0,2026-01-30,0,176,0,low,1495.0,5,Basic,299.0,low,active
u000352,2026-01-12,7,0.0,0,0,0,0.0,0.0,0.0,0.0,0.0,0,0.0,0.0,7.0,0.0,0.0,0.0,0.0,0.0,0.0,0.0,2026-01-30,0,259,0,low,1996.0,4,Standard,499.0,mid,cancelled
u001856,2026-01-12,7,75.93,5,15,0,0.0,0.0,0.0,0.0,0.0,1,76.39,4.5,7.0,0.0,1.0,0.0,-0.006021730514180694,0.11111108641975857,0.0,0.0,2026-01-30,0,57,0,high,299.0,1,Basic,299.0,low,active
u001855,2026-01-12,7,57.36,6,7,0,0.0,0.0,0.0,0.0,0.0,1,88.81749999999998,5.75,7.0,0.0,1.0,0.0,-0.3541813228904064,0.043478253308129856,0.0,0.0,2026-01-30,0,244,0,high,3493.0,7,Standard,499.0,mid,active
u002333,2026-01-12,7,70.95,5,5,0,0.0,0.0,0.0,0.0,0.0,1,102.93499999999999,6.5,6.75,0.0,1.0,0.0,-0.3107300693570692,-0.23076919526627765,0.0,0.0,2026-01-30,0,203,0,high,2994.0,6,Standard,499.0,mid,active
u000353,2026-01-12,7,132.34,8,14,1,0.0,0.0,0.0,0.0,0.0,1,114.835,6.25,7.0,0.0,1.0,0.0,0.15243610264783305,0.27999995520000714,0.0,0.0,2026-01-30,0,196,0,high,1794.0,6,Basic,299.0,low,active
u000354,2026-01-12,7,92.74,4,5,0,0.0,0.0,0.0,0.0,0.0,1,49.885,2.5,7.0,0.0,1.0,0.0,0.8590758572902505,0.5999997600000959,0.0,0.0,2026-01-30,0,161,0,low,1495.0,5,Basic,299.0,low,active
u000363,2026-01-12,7,101.0,4,13,0,0.0,0.0,0.0,0.0,0.0,1,145.3275,8.5,7.0,1.0,3.0,1.0,-0.3050179745401388,-0.5294117024221527,0.33333322222225925,0.33333322222225925,2026-01-30,0,214,0,medium,3493.0,7,Standard,499.0,mid,active
u000364,2026-01-12,7,203.68,11,16,1,0.0,0.0,0.0,0.0,0.0,1,149.91000000000003,10.25,6.75,1.0,1.0,1.0,0.3586818733994937,0.07317072456870981,0.9999990000010001,0.9999990000010001,2026-01-30,0,46,0,high,0.0,0,Standard,499.0,mid,active
u001841,2026-01-12,7,160.39999999999998,8,17,0,0.0,0.0,0.0,0.0,0.0,1,176.705,9.0,7.0,0.0,1.0,0.0,-0.09227243093136925,-0.11111109876543349,0.0,0.0,2026-01-30,0,164,0,high,2495.0,5,Standard,499.0,mid,active
u000097,2026-01-12,7,137.43,11,11,0,0.0,0.0,0.0,0.0,0.0,1,65.875,4.0,7.0,0.0,1.0,0.0,1.086223892429239,1.7499995625001092,0.0,0.0,2026-01-30,0,210,0,medium,4794.0,6,Premium,799.0,high,active
u001826,2026-01-12,6,41.14,1,9,0,0.0,0.0,1.0,0.0,0.0,1,45.11,2.25,6.75,0.0,1.0,0.0,-0.08800709181983833,-0.555555308642085,0.0,0.0,2026-01-30,0,44,0,low,299.0,1,Basic,299.0,low,cancelled
u001825,2026-01-12,6,17.21,2,2,0,0.0,0.0,1.0,0.0,0.0,1,33.54,4.25,6.75,0.0,1.0,0.0,-0.4868813212021073,-0.5294116401384376,0.0,0.0,2026-01-30,0,77,0,low,598.0,2,Basic,299.0,low,active
u001824,2026-01-12,7,230.52,14,19,1,0.0,0.0,0.0,0.0,0.0,1,252.8225,14.5,7.0,0.0,1.0,0.0,-0.08821406287725941,-0.03448275624256854,0.0,0.0,2026-01-30,0,50,0,high,799.0,1,Premium,799.0,high,active
u001823,2026-01-12,6,71.32000000000001,3,7,0,0.0,0.0,0.0,0.0,0.0,1,126.1075,6.5,6.75,1.0,3.0,1.0,-0.4344507627662846,-0.5384614556213145,0.33333322222225925,0.33333322222225925,2026-01-30,0,195,0,medium,1794.0,6,Basic,299.0,low,active
u001822,2026-01-12,7,38.43,2,3,0,0.0,0.0,0.0,0.0,0.0,1,75.655,4.75,6.75,0.0,1.0,0.0,-0.49203621053418534,-0.5789472465374218,0.0,0.0,2026-01-30,0,79,0,medium,598.0,2,Basic,299.0,low,active
u001821,2026-01-12,7,98.16999999999999,7,11,0,0.0,0.0,1.0,1.0,0.0,1,65.4,4.5,7.0,0.0,2.0,0.0,0.5010703287298112,0.5555554320987929,0.0,0.0,2026-01-30,0,192,0,low,1794.0,6,Basic,299.0,low,active
u000373,2026-01-12,7,149.24,6,19,0,0.0,0.0,0.0,0.0,0.0,1,263.22,13.25,7.0,1.0,2.0,1.0,-0.433021805208488,-0.5471697700249231,0.499999750000125,0.499999750000125,2026-01-30,0,168,0,high,3995.0,5,Premium,799.0,high,active
u001820,2026-01-12,7,204.95,12,18,0,0.0,0.0,0.0,0.0,0.0,1,187.47500000000002,13.5,7.0,0.0,1.0,0.0,0.09321242782657707,-0.11111110288065905,0.0,0.0,2026-01-30,0,197,0,high,4794.0,6,Premium,799.0,high,active
u000374,2026-01-12,7,0.0,0,0,0,0.0,0.0,0.0,0.0,0.0,0,49.555,3.25,7.0,0.0,1.0,0.0,-0.999999979820402,-0.999999692307787,0.0,0.0,2026-01-30,0,177,0,medium,2495.0,5,Standard,499.0,mid,cancelled
u000375,2026-01-12,7,210.20999999999998,10,19,0,0.0,0.0,0.0,0.0,0.0,1,198.9275,10.75,7.0,0.0,1.0,0.0,0.056716642712964914,-0.06976743537047113,0.0,0.0,2026-01-30,0,48,0,high,799.0,1,Premium,799.0,high,active
u001819,2026-01-12,6,0.0,0,0,0,0.0,0.0,0.0,0.0,0.0,0,0.0,0.0,6.5,0.0,0.0,0.0,0.0,0.0,0.0,0.0,2026-01-30,0,237,0,low,897.0,3,Basic,299.0,low,expired
u000376,2026-01-12,7,59.34,7,4,0,0.0,0.0,0.0,0.0,0.0,1,63.545,5.75,7.0,0.0,2.0,0.0,-0.0661735767381607,0.2173912665406493,0.0,0.0,2026-01-30,0,247,0,medium,3992.0,8,Standard,499.0,mid,active
u001818,2026-01-12,7,64.0,7,6,0,0.0,0.0,1.0,0.0,0.0,1,58.464999999999996,6.0,6.75,0.0,1.0,0.0,0.09467202437916668,0.16666663888889352,0.0,0.0,2026-01-30,0,207,0,low,1794.0,6,Basic,299.0,low,active
u002340,2026-01-12,7,0.0,0,0,0,0.0,0.0,0.0,0.0,0.0,0,0.0,0.0,7.0,0.0,0.0,0.0,0.0,0.0,0.0,0.0,2026-01-30,0,247,0,low,1497.0,3,Standard,499.0,mid,expired
u000096,2026-01-12,7,106.31,6,12,0,0.0,0.0,0.0,0.0,0.0,1,154.3775,9.25,7.0,0.0,1.0,0.0,-0.3113633767138127,-0.3513513133674256,0.0,0.0,2026-01-30,0,198,0,high,2994.0,6,Standard,499.0,mid,active
u000377,2026-01-12,7,0.0,0,0,0,0.0,0.0,0.0,0.0,0.0,0,68.86000000000001,5.0,7.0,0.0,1.0,0.0,-0.9999999854777812,-0.99999980000004,0.0,0.0,2026-01-30,0,86,0,medium,1598.0,2,Premium,799.0,high,cancelled
u001817,2026-01-12,7,188.96,9,23,0,0.0,0.0,0.0,0.0,0.0,1,166.985,9.0,7.0,0.0,1.0,0.0,0.13159864579693595,0.0,0.0,0.0,2026-01-30,0,212,0,high,1794.0,6,Basic,299.0,low,active
u000378,2026-01-12,7,82.92999999999999,4,8,0,0.0,0.0,0.0,0.0,0.0,1,177.525,8.25,6.75,0.0,1.0,0.0,-0.5328545245297591,-0.5151514527089148,0.0,0.0,2026-01-30,0,83,0,high,598.0,2,Basic,299.0,low,active
u001816,2026-01-12,7,69.75,10,4,0,0.0,0.0,0.0,0.0,0.0,1,63.4125,7.5,7.0,0.0,2.0,0.0,0.09994086181839759,0.3333332888888948,0.0,0.0,2026-01-30,0,243,0,low,2093.0,7,Basic,299.0,low,active
u000379,2026-01-12,7,275.89,15,26,0,0.0,0.0,0.0,0.0,0.0,1,150.055,8.75,7.0,0.0,1.0,0.0,0.8385925104888705,0.7142856326530707,0.0,0.0,2026-01-30,0,175,0,high,2495.0,5,Standard,499.0,mid,active
u000372,2026-01-12,6,72.45,7,6,0,0.0,0.0,0.0,0.0,0.0,1,83.9225,5.0,6.75,0.0,1.0,0.0,-0.13670350458216202,0.399999920000016,0.0,0.0,2026-01-30,0,104,0,medium,1497.0,3,Standard,499.0,mid,active
u002339,2026-01-12,7,0.0,0,0,0,0.0,0.0,0.0,0.0,0.0,0,0.0,0.0,7.0,0.0,0.0,0.0,0.0,0.0,0.0,0.0,2026-01-30,0,260,0,low,1196.0,4,Basic,299.0,low,cancelled
u000371,2026-01-12,7,295.96000000000004,16,39,1,0.0,0.0,0.0,0.0,0.0,1,243.53750000000002,14.75,7.0,0.0,2.0,0.0,0.21525432339884282,0.08474575696638936,0.0,0.0,2026-01-30,0,186,0,high,2994.0,6,Standard,499.0,mid,active
u001827,2026-01-12,7,200.82000000000002,10,24,0,0.0,0.0,0.0,0.0,0.0,1,162.5675,7.75,6.75,0.0,2.0,0.0,0.23530225761420806,0.290322543184188,0.0,0.0,2026-01-30,0,244,0,high,6392.0,8,Premium,799.0,high,active
u001840,2026-01-12,7,79.4,7,13,0,0.0,0.0,1.0,0.0,0.0,1,91.99000000000001,7.0,6.75,0.0,2.0,0.0,-0.13686270097985978,0.0,0.0,0.0,2026-01-30,0,132,0,medium,1996.0,4,Standard,499.0,mid,active
u000365,2026-01-12,7,53.989999999999995,4,8,0,0.0,0.0,0.0,0.0,0.0,1,89.3675,5.25,7.0,0.0,1.0,0.0,-0.3958653828755938,-0.2380951927437728,0.0,0.0,2026-01-30,0,241,0,high,2093.0,7,Basic,299.0,low,active
u001839,2026-01-12,7,61.370000000000005,5,6,0,0.0,0.0,0.0,0.0,0.0,1,131.27249999999998,9.75,6.75,0.0,2.0,0.0,-0.5324991865585008,-0.48717943721236545,0.0,0.0,2026-01-30,0,215,0,high,3493.0,7,Standard,499.0,mid,active
u000366,2026-01-12,7,46.57,6,4,0,0.0,0.0,0.0,0.0,0.0,1,62.472500000000004,5.5,7.0,0.0,1.0,0.0,-0.254551998806643,0.09090907438016829,0.0,0.0,2026-01-30,0,140,0,low,1196.0,4,Basic,299.0,low,active
u001838,2026-01-12,7,0.0,0,0,0,0.0,0.0,0.0,0.0,0.0,0,0.0,0.0,7.0,0.0,0.0,0.0,0.0,0.0,0.0,0.0,2026-01-30,0,194,0,low,1196.0,4,Basic,299.0,low,cancelled
u002337,2026-01-12,7,53.769999999999996,5,5,0,0.0,0.0,0.0,0.0,0.0,1,91.86749999999999,4.5,7.0,0.0,2.0,0.0,-0.41470051525620577,0.11111108641975857,0.0,0.0,2026-01-30,0,156,0,medium,2495.0,5,Standard,499.0,mid,active
u000367,2026-01-12,7,153.24,5,15,1,0.0,0.0,0.0,0.0,0.0,1,139.04000000000002,9.25,7.0,0.0,1.0,0.0,0.10212888303992451,-0.45945940978817196,0.0,0.0,2026-01-30,0,153,0,high,1996.0,4,Standard,499.0,mid,active
u001837,2026-01-12,7,36.91,2,5,0,0.0,0.0,0.0,0.0,0.0,1,63.8175,5.0,5.75,0.0,1.0,0.0,-0.4216319908860111,-0.599999880000024,0.0,0.0,2026-01-30,0,34,0,medium,299.0,1,Basic,299.0,low,active
u001836,2026-01-12,7,105.98,7,15,0,0.0,0.0,0.0,0.0,0.0,1,197.96499999999997,9.5,7.0,0.0,1.0,0.0,-0.4646528403270636,-0.263157867036014,0.0,0.0,2026-01-30,0,236,0,high,4794.0,6,Premium,799.0,high,active
u002338,2026-01-12,7,110.56,7,13,0,0.0,0.0,0.0,0.0,0.0,1,66.30250000000001,5.0,7.0,0.0,2.0,0.0,0.6675087565701329,0.399999920000016,0.0,0.0,2026-01-30,0,65,0,medium,598.0,2,Basic,299.0,low,active
u001867,2026-01-12,7,83.96000000000001,3,6,0,0.0,0.0,0.0,0.0,0.0,1,111.6675,6.0,7.0,0.0,2.0,0.0,-0.24812501177043442,-0.49999991666668053,0.0,0.0,2026-01-30,0,243,0,medium,3992.0,8,Standard,499.0,mid,active
u000368,2026-01-12,6,338.52,18,38,1,0.0,0.0,0.0,0.0,0.0,1,280.315,16.25,6.75,0.0,2.0,0.0,0.20764140268040804,0.10769230106508916,0.0,0.0,2026-01-30,0,191,0,high,4794.0,6,Premium,799.0,high,active
u000098,2026-01-12,7,75.34,9,8,0,0.0,0.0,0.0,0.0,0.0,1,134.32750000000001,8.5,7.0,0.0,2.0,0.0,-0.43913196896293044,0.0588235224913503,0.0,0.0,2026-01-30,1,99,0,medium,2397.0,3,Premium,799.0,high,cancelled
u001834,2026-01-12,7,76.97,5,9,0,0.0,0.0,1.0,0.0,0.0,1,130.4225,7.75,7.0,0.0,2.0,0.0,-0.40984109022721477,-0.3548386638917853,0.0,0.0,2026-01-30,0,252,0,medium,3493.0,7,Standard,499.0,mid,active
u000369,2026-01-12,7,40.49,3,6,0,0.0,0.0,1.0,0.0,0.0,1,28.535,3.0,7.0,0.0,1.0,0.0,0.4189591582632151,0.0,0.0,0.0,2026-01-30,0,265,0,medium,2392.0,8,Basic,299.0,low,active
u000370,2026-01-12,7,152.56,10,19,0,0.0,0.0,0.0,0.0,0.0,1,104.11749999999999,8.0,6.75,0.0,1.0,0.0,0.46526760184150034,0.24999996875000394,0.0,0.0,2026-01-30,0,77,0,medium,598.0,2,Basic,299.0,low,active
u001833,2026-01-12,7,75.23,3,8,0,0.0,0.0,0.0,0.0,0.0,1,47.97,3.0,6.75,0.0,2.0,0.0,0.5682718247181193,0.0,0.0,0.0,2026-01-30,0,123,0,low,1196.0,4,Basic,299.0,low,active
u001832,2026-01-12,7,55.42,2,5,0,0.0,0.0,0.0,0.0,0.0,1,63.156666666666666,3.0,6.666666666666667,0.0,1.0,0.0,-0.12249960221935498,-0.33333322222225925,0.0,0.0,2026-01-30,0,31,0,medium,499.0,1,Standard,499.0,mid,active
u001831,2026-01-12,6,0.0,0,0,0,0.0,0.0,0.0,0.0,0.0,0,0.0,0.0,6.75,0.0,0.0,0.0,0.0,0.0,0.0,0.0,2026-01-30,0,181,0,medium,1996.0,4,Standard,499.0,mid,cancelled
u001830,2026-01-12,7,50.94,7,6,0,0.0,0.0,0.0,0.0,0.0,1,99.11500000000001,6.5,6.5,1.0,1.0,1.0,-0.4860515513691011,0.07692306508875922,0.9999990000010001,0.9999990000010001,2026-01-30,1,24,0,low,0.0,0,Standard,499.0,mid,expired
u001829,2026-01-12,7,180.37,9,20,1,0.0,0.0,0.0,0.0,0.0,1,289.72499999999997,15.0,7.0,0.0,1.0,0.0,-0.37744412674969663,-0.39999997333333515,0.0,0.0,2026-01-30,0,116,0,high,1497.0,3,Standard,499.0,mid,active
u001828,2026-01-12,7,317.15999999999997,20,32,1,0.0,0.0,0.0,0.0,0.0,1,230.815,16.5,6.0,0.0,1.0,0.0,0.37408747103053314,0.21212119926538184,0.0,0.0,2026-01-30,0,23,0,high,299.0,1,Basic,299.0,low,active
u001835,2026-01-12,7,145.32999999999998,9,19,0,0.0,0.0,1.0,0.0,0.0,1,105.69749999999999,6.0,6.75,1.0,1.0,1.0,0.3749615612955693,0.49999991666668053,0.9999990000010001,0.9999990000010001,2026-01-30,0,168,0,high,1996.0,4,Standard,499.0,mid,active
u001868,2026-01-12,7,109.38,9,6,0,0.0,0.0,0.0,0.0,0.0,1,121.80499999999999,8.25,7.0,0.0,1.0,0.0,-0.10200730592334216,0.09090907988980851,0.0,0.0,2026-01-30,0,80,0,high,598.0,2,Basic,299.0,low,active
u000348,2026-01-12,7,56.8,3,7,0,0.0,0.0,0.0,0.0,0.0,1,96.82000000000001,6.0,6.25,0.0,1.0,0.0,-0.4133443460716346,-0.49999991666668053,0.0,0.0,2026-01-30,1,36,0,medium,299.0,1,Basic,299.0,low,cancelled
u000347,2026-01-12,6,106.84,9,14,0,2.0,1.0,0.0,0.0,0.0,1,83.05000000000001,6.5,5.0,1.0,2.0,1.0,0.2864539399584112,0.38461532544379606,0.499999750000125,0.499999750000125,2026-01-30,0,22,0,high,299.0,1,Basic,299.0,low,active
u002326,2026-01-12,7,134.7,10,15,0,0.0,0.0,0.0,0.0,0.0,1,129.665,9.0,7.0,0.0,2.0,0.0,0.03883083300172879,0.11111109876543349,0.0,0.0,2026-01-30,0,64,0,high,598.0,2,Basic,299.0,low,active
u000323,2026-01-12,7,148.49,11,20,0,0.0,0.0,0.0,0.0,0.0,1,121.19500000000001,8.75,6.75,0.0,1.0,0.0,0.22521555983979902,0.25714282775510544,0.0,0.0,2026-01-30,0,116,0,medium,1497.0,3,Standard,499.0,mid,active
u001905,2026-01-12,7,116.86,6,9,0,0.0,0.0,0.0,0.0,0.0,1,98.41999999999999,6.0,7.0,1.0,2.0,1.0,0.1873602907197696,0.0,0.499999750000125,0.499999750000125,2026-01-30,0,187,0,medium,1495.0,5,Basic,299.0,low,active
u000324,2026-01-12,7,61.400000000000006,2,4,0,0.0,0.0,0.0,0.0,0.0,1,66.7175,3.25,6.75,1.0,1.0,1.0,-0.0797017262382174,-0.38461526627222575,0.9999990000010001,0.9999990000010001,2026-01-30,1,41,0,low,0.0,0,Basic,299.0,low,expired
u000325,2026-01-12,7,32.74,2,4,0,0.0,0.0,0.0,0.0,0.0,1,33.25666666666667,2.6666666666666665,5.0,0.0,1.0,0.0,-0.015535731716876838,-0.2499999062500351,0.0,0.0,2026-01-30,1,26,0,low,299.0,1,Basic,299.0,low,cancelled
u001904,2026-01-12,6,0.0,0,0,0,0.0,0.0,0.0,0.0,0.0,1,32.5275,1.5,6.5,0.0,1.0,0.0,-0.9999999692567837,-0.9999993333337779,0.0,0.0,2026-01-30,0,208,0,medium,1794.0,6,Basic,299.0,low,active
u000106,2026-01-12,7,67.18,6,7,0,0.0,0.0,0.0,0.0,0.0,1,39.292500000000004,3.75,7.0,0.0,1.0,0.0,0.7097410266656226,0.5999998400000427,0.0,0.0,2026-01-30,0,73,0,low,598.0,2,Basic,299.0,low,cancelled
u000326,2026-01-12,7,0.0,0,0,0,0.0,0.0,0.0,0.0,0.0,0,35.6875,3.5,7.0,0.0,1.0,0.0,-0.999999971978985,-0.9999997142857959,0.0,0.0,2026-01-30,0,213,0,medium,1794.0,6,Basic,299.0,low,cancelled
u001903,2026-01-12,7,220.87,9,16,0,0.0,0.0,0.0,0.0,0.0,1,157.28500000000003,8.75,7.0,0.0,1.0,0.0,0.40426613851119836,0.028571425306122826,0.0,0.0,2026-01-30,0,90,0,high,998.0,2,Standard,499.0,mid,active
u001902,2026-01-12,7,0.0,0,0,0,0.0,0.0,0.0,0.0,0.0,0,0.0,0.0,7.0,0.0,0.0,0.0,0.0,0.0,0.0,0.0,2026-01-30,0,137,0,low,1598.0,2,Premium,799.0,high,cancelled
u001901,2026-01-12,7,278.28,15,23,1,0.0,0.0,0.0,0.0,0.0,1,238.8625,12.0,7.0,0.0,1.0,0.0,0.16502171682444186,0.2499999791666684,0.0,0.0,2026-01-30,0,136,0,high,1996.0,4,Standard,499.0,mid,active
u001900,2026-01-12,7,51.85,3,7,0,0.0,0.0,0.0,0.0,0.0,1,62.53,3.75,7.0,0.0,2.0,0.0,-0.17079801422040597,-0.1999999466666809,0.0,0.0,2026-01-30,0,185,0,low,2994.0,6,Standard,499.0,mid,active
u000327,2026-01-12,7,225.93,14,25,0,0.0,0.0,0.0,0.0,0.0,1,161.04500000000002,11.5,6.75,1.0,3.0,1.0,0.40289980811015663,0.21739128544423605,0.33333322222225925,0.33333322222225925,2026-01-30,0,211,0,high,3493.0,7,Standard,499.0,mid,active
u001899,2026-01-12,7,66.92,6,10,0,0.0,0.0,0.0,0.0,0.0,1,106.66000000000001,8.0,7.0,0.0,1.0,0.0,-0.37258578311845325,-0.24999996875000394,0.0,0.0,2026-01-30,0,83,0,high,998.0,2,Standard,499.0,mid,active
u002327,2026-01-12,7,0.0,0,0,0,0.0,0.0,0.0,0.0,0.0,0,0.0,0.0,7.0,0.0,0.0,0.0,0.0,0.0,0.0,0.0,2026-01-30,0,185,0,low,598.0,2,Basic,299.0,low,cancelled
u001898,2026-01-12,7,50.76,3,3,0,0.0,0.0,0.0,0.0,0.0,1,39.8775,2.75,7.0,0.0,1.0,0.0,0.2728982440499469,0.09090905785125168,0.0,0.0,2026-01-30,0,51,0,low,299.0,1,Basic,299.0,low,active
u001897,2026-01-12,7,0.0,0,0,0,0.0,0.0,0.0,0.0,0.0,0,0.0,0.0,7.0,0.0,0.0,0.0,0.0,0.0,0.0,0.0,2026-01-30,0,126,0,low,998.0,2,Standard,499.0,mid,cancelled
u001896,2026-01-12,7,44.879999999999995,2,8,0,0.0,0.0,0.0,0.0,0.0,1,37.265,2.75,7.0,0.0,1.0,0.0,0.2043472372374281,-0.27272717355375503,0.0,0.0,2026-01-30,0,57,0,low,499.0,1,Standard,499.0,mid,active
u000105,2026-01-12,7,66.0,6,10,0,0.0,0.0,1.0,0.0,0.0,1,100.2025,8.5,7.0,0.0,2.0,0.0,-0.34133379565046984,-0.2941176124567515,0.0,0.0,2026-01-30,0,70,0,medium,998.0,2,Standard,499.0,mid,active
u001895,2026-01-12,7,142.51,8,17,0,0.0,0.0,0.0,0.0,0.0,1,98.23000000000002,5.25,7.0,0.0,1.0,0.0,0.45077877989637777,0.5238094240363002,0.0,0.0,2026-01-30,0,237,0,medium,3493.0,7,Standard,499.0,mid,active
u000328,2026-01-12,7,90.6,9,6,0,0.0,0.0,0.0,0.0,0.0,1,131.58499999999998,7.5,7.0,0.0,1.0,0.0,-0.3114716699359982,0.19999997333333688,0.0,0.0,2026-01-30,0,261,0,medium,6392.0,8,Premium,799.0,high,active
u001906,2026-01-12,7,82.08999999999999,4,9,0,0.0,0.0,0.0,0.0,0.0,1,60.9925,3.75,6.75,0.0,1.0,0.0,0.3459031791465641,0.06666664888889362,0.0,0.0,2026-01-30,0,209,0,low,1794.0,6,Basic,299.0,low,active
u000322,2026-01-12,7,128.52,8,17,0,0.0,0.0,0.0,0.0,0.0,1,193.86,11.5,7.0,0.0,1.0,0.0,-0.3370473520218335,-0.3043477996219305,0.0,0.0,2026-01-30,0,243,0,medium,2093.0,7,Basic,299.0,low,active
u001907,2026-01-12,6,204.16,19,23,0,0.0,0.0,1.0,0.0,0.0,1,197.17999999999998,10.5,6.75,0.0,1.0,0.0,0.03539912752105128,0.8095237324263113,0.0,0.0,2026-01-30,0,196,0,high,4794.0,6,Premium,799.0,high,active
u002325,2026-01-12,7,0.0,0,0,0,0.0,0.0,0.0,0.0,0.0,0,0.0,0.0,7.0,0.0,0.0,0.0,0.0,0.0,0.0,0.0,2026-01-30,0,83,0,low,0.0,0,Standard,499.0,mid,expired
u001918,2026-01-12,7,263.55,18,34,1,0.0,0.0,0.0,0.0,0.0,1,146.40250000000003,6.75,7.0,0.0,1.0,0.0,0.8001741718879513,1.666666419753123,0.0,0.0,2026-01-30,0,147,0,high,3196.0,4,Premium,799.0,high,active
u000107,2026-01-12,7,0.0,0,0,0,0.0,0.0,1.0,0.0,0.0,0,0.0,0.0,6.75,0.0,0.0,0.0,0.0,0.0,0.0,0.0,2026-01-30,0,75,0,low,299.0,1,Basic,299.0,low,cancelled
u001917,2026-01-12,7,0.0,0,0,0,0.0,0.0,1.0,1.0,0.0,0,23.535,1.75,7.0,0.0,1.0,0.0,-0.9999999575100931,-0.9999994285717552,0.0,0.0,2026-01-30,0,200,0,low,1794.0,6,Basic,299.0,low,cancelled
u000314,2026-01-12,7,41.739999999999995,2,5,0,0.0,0.0,0.0,0.0,0.0,0,39.50749999999999,2.75,7.0,0.0,1.0,0.0,0.05650825649539317,-0.27272717355375503,0.0,0.0,2026-01-30,0,200,0,medium,2994.0,6,Standard,499.0,mid,cancelled
u001916,2026-01-12,7,38.36,3,7,0,0.0,0.0,0.0,0.0,0.0,1,151.4025,10.5,7.0,0.0,1.0,0.0,-0.7466356186546746,-0.7142856462585099,0.0,0.0,2026-01-30,0,141,0,high,3196.0,4,Premium,799.0,high,active
u001915,2026-01-12,7,0.0,0,0,0,0.0,0.0,0.0,0.0,0.0,0,0.0,0.0,7.0,0.0,0.0,0.0,0.0,0.0,0.0,0.0,2026-01-30,0,188,0,low,897.0,3,Basic,299.0,low,cancelled
u000315,2026-01-12,7,67.42,3,8,0,0.0,0.0,0.0,0.0,0.0,1,55.305,4.5,7.0,0.0,1.0,0.0,0.21905794739972978,-0.3333332592592757,0.0,0.0,2026-01-30,0,209,0,low,2994.0,6,Standard,499.0,mid,active
u001914,2026-01-12,7,23.36,3,3,0,0.0,0.0,0.0,0.0,0.0,1,44.714999999999996,3.5,7.0,0.0,1.0,0.0,-0.47758021966722086,-0.142857102040828,0.0,0.0,2026-01-30,0,75,0,low,598.0,2,Basic,299.0,low,active
u001913,2026-01-12,7,133.31,9,15,0,0.0,0.0,0.0,0.0,0.0,1,186.745,11.25,7.0,0.0,1.0,0.0,-0.2861388509136049,-0.19999998222222382,0.0,0.0,2026-01-30,0,270,0,high,3992.0,8,Standard,499.0,mid,active
u002323,2026-01-12,7,32.1,2,6,0,0.0,0.0,1.0,1.0,0.0,1,66.12,5.5,7.0,1.0,3.0,1.0,-0.5145190484797483,-0.6363635206611781,0.33333322222225925,0.33333322222225925,2026-01-30,0,186,0,medium,1794.0,6,Basic,299.0,low,active
u001894,2026-01-12,7,47.54,3,7,0,0.0,0.0,0.0,0.0,0.0,1,67.6925,4.25,7.0,0.0,1.0,0.0,-0.29770653620849374,-0.29411757785468756,0.0,0.0,2026-01-30,0,92,0,medium,598.0,2,Basic,299.0,low,active
u000316,2026-01-12,7,57.89,3,9,0,0.0,0.0,0.0,0.0,0.0,1,64.9975,3.0,6.75,0.0,1.0,0.0,-0.10935035794683863,0.0,0.0,0.0,2026-01-30,0,105,0,medium,897.0,3,Basic,299.0,low,active
u001911,2026-01-12,7,0.0,0,0,0,0.0,0.0,1.0,0.0,0.0,0,0.0,0.0,7.0,0.0,0.0,0.0,0.0,0.0,0.0,0.0,2026-01-30,0,252,0,low,998.0,2,Standard,499.0,mid,cancelled
u000317,2026-01-12,7,0.0,0,0,0,0.0,0.0,0.0,0.0,0.0,0,0.0,0.0,7.0,0.0,0.0,0.0,0.0,0.0,0.0,0.0,2026-01-30,0,87,0,low,0.0,0,Basic,299.0,low,expired
u000318,2026-01-12,7,43.69,4,6,0,0.0,0.0,0.0,0.0,0.0,1,183.495,12.5,7.0,0.0,1.0,0.0,-0.7619008650813327,-0.6799999456000044,0.0,0.0,2026-01-30,0,88,0,high,1598.0,2,Premium,799.0,high,active
u001910,2026-01-12,7,43.760000000000005,3,2,0,0.0,0.0,0.0,0.0,0.0,1,164.16886334321006,3.25,5.75,0.0,1.0,0.0,-0.7334451866066655,-0.07692305325444515,0.0,0.0,2026-01-30,0,35,0,high,799.0,1,Premium,799.0,high,active
u002324,2026-01-12,7,0.0,0,0,0,0.0,0.0,0.0,0.0,0.0,0,0.0,0.0,7.0,0.0,0.0,0.0,0.0,0.0,0.0,0.0,2026-01-30,0,107,0,low,499.0,1,Standard,499.0,mid,cancelled
u001909,2026-01-12,7,78.96000000000001,6,5,0,0.0,0.0,0.0,0.0,0.0,1,67.545,5.0,7.0,0.0,1.0,0.0,0.16899844297877806,0.199999960000008,0.0,0.0,2026-01-30,0,261,0,medium,2392.0,8,Basic,299.0,low,active
u000319,2026-01-12,7,370.15,16,43,1,0.0,0.0,0.0,0.0,0.0,1,158.44,7.25,6.0,0.0,1.0,0.0,1.3362155936871016,1.206896385255671,0.0,0.0,2026-01-30,0,35,0,high,799.0,1,Premium,799.0,high,active
u000320,2026-01-12,7,0.0,0,0,0,0.0,0.0,0.0,0.0,0.0,0,37.85249999999999,2.75,7.0,1.0,1.0,1.0,-0.9999999735816665,-0.9999996363637685,0.9999990000010001,0.9999990000010001,2026-01-30,1,78,0,low,299.0,1,Basic,299.0,low,expired
u001908,2026-01-12,7,95.52000000000001,7,6,0,0.0,0.0,0.0,0.0,0.0,1,111.0625,9.0,7.0,0.0,1.0,0.0,-0.13994372411980882,-0.22222219753086697,0.0,0.0,2026-01-30,0,230,0,medium,3493.0,7,Standard,499.0,mid,active
u000321,2026-01-12,7,0.0,0,0,0,0.0,0.0,0.0,0.0,0.0,0,0.0,0.0,6.75,0.0,0.0,0.0,0.0,0.0,0.0,0.0,2026-01-30,0,190,0,low,598.0,2,Basic,299.0,low,expired
u001912,2026-01-12,7,25.43,2,4,0,0.0,0.0,0.0,0.0,0.0,1,44.315,2.75,7.0,0.0,1.0,0.0,-0.4261536629548987,-0.27272717355375503,0.0,0.0,2026-01-30,0,48,0,medium,299.0,1,Basic,299.0,low,active
u001919,2026-01-12,7,0.0,0,0,0,0.0,0.0,0.0,0.0,0.0,0,0.0,0.0,7.0,0.0,0.0,0.0,0.0,0.0,0.0,0.0,2026-01-30,0,157,0,low,998.0,2,Standard,499.0,mid,cancelled
u001893,2026-01-12,7,148.27,18,13,0,0.0,0.0,0.0,0.0,0.0,1,116.7175,7.75,7.0,0.0,1.0,0.0,0.27033221007704755,1.3225804745057452,0.0,0.0,2026-01-30,0,50,0,high,299.0,1,Basic,299.0,low,active
u000329,2026-01-12,7,0.0,0,0,0,0.0,0.0,0.0,0.0,0.0,0,19.387500000000003,1.5,6.75,1.0,1.0,1.0,-0.9999999484203765,-0.9999993333337779,0.9999990000010001,0.9999990000010001,2026-01-30,0,235,0,low,1495.0,5,Basic,299.0,low,expired
u000102,2026-01-12,7,0.0,0,0,0,0.0,0.0,0.0,0.0,0.0,0,0.0,0.0,7.0,0.0,1.0,0.0,0.0,0.0,0.0,0.0,2026-01-30,0,220,0,low,2495.0,5,Standard,499.0,mid,cancelled
u000340,2026-01-12,7,42.4,4,2,0,0.0,0.0,0.0,0.0,0.0,1,58.403333333333336,4.666666666666667,6.666666666666667,0.0,1.0,0.0,-0.27401403560275045,-0.14285711224490458,0.0,0.0,2026-01-30,0,31,0,medium,299.0,1,Basic,299.0,low,active
u001879,2026-01-12,7,128.99,9,14,0,0.0,0.0,0.0,0.0,0.0,1,53.6225,5.0,7.0,0.0,1.0,0.0,1.4055200446543887,0.799999840000032,0.0,0.0,2026-01-30,0,88,0,low,598.0,2,Basic,299.0,low,active
u001878,2026-01-12,7,91.56,6,13,0,0.0,0.0,0.0,0.0,0.0,1,106.12,6.25,7.0,0.0,1.0,0.0,-0.13720316493400714,-0.039999993600001026,0.0,0.0,2026-01-30,0,46,0,medium,499.0,1,Standard,499.0,mid,active
u001877,2026-01-12,7,55.8,3,5,0,0.0,0.0,0.0,0.0,0.0,1,73.49000000000001,5.0,7.0,0.0,1.0,0.0,-0.24071301890443586,-0.399999920000016,0.0,0.0,2026-01-30,0,212,0,medium,2994.0,6,Standard,499.0,mid,active
u000341,2026-01-12,7,50.94,5,4,0,0.0,0.0,0.0,0.0,0.0,1,57.61,4.5,6.75,0.0,1.0,0.0,-0.11577850866553538,0.11111108641975857,0.0,0.0,2026-01-30,0,111,0,medium,897.0,3,Basic,299.0,low,active
u001876,2026-01-12,7,136.81,11,11,0,0.0,0.0,0.0,0.0,0.0,1,148.34,10.75,7.0,0.0,1.0,0.0,-0.07772684321338248,0.023255811790157045,0.0,0.0,2026-01-30,0,240,0,high,3493.0,7,Standard,499.0,mid,active
u000342,2026-01-12,7,141.18,7,15,0,0.0,0.0,1.0,0.0,0.0,1,101.45250000000001,6.5,6.75,0.0,1.0,0.0,0.3915871921186052,0.07692306508875922,0.0,0.0,2026-01-30,0,197,0,high,2994.0,6,Standard,499.0,mid,active
u001875,2026-01-12,7,0.0,0,0,0,0.0,0.0,0.0,0.0,0.0,0,0.0,0.0,6.75,0.0,0.0,0.0,0.0,0.0,0.0,0.0,2026-01-30,0,168,0,low,0.0,0,Basic,299.0,low,expired
u001874,2026-01-12,7,122.47,10,11,0,0.0,0.0,0.0,0.0,0.0,1,68.33250000000001,5.25,5.75,0.0,1.0,0.0,0.792265747744254,0.9047617324263366,0.0,0.0,2026-01-30,1,34,0,medium,299.0,1,Basic,299.0,low,cancelled
u002330,2026-01-12,7,102.87,7,10,0,0.0,0.0,0.0,0.0,0.0,1,230.85500000000005,13.0,6.75,0.0,1.0,0.0,-0.554395613894455,-0.4615384260355057,0.0,0.0,2026-01-30,0,234,0,high,2994.0,6,Standard,499.0,mid,active
u001873,2026-01-12,7,64.78999999999999,3,13,0,0.0,0.0,0.0,0.0,0.0,1,118.19500000000001,7.25,7.0,0.0,1.0,0.0,-0.45183806039309576,-0.5862068156956116,0.0,0.0,2026-01-30,0,119,0,high,1497.0,3,Standard,499.0,mid,active
u001872,2026-01-12,7,113.09,5,13,0,0.0,0.0,0.0,0.0,0.0,1,71.70250000000001,5.0,7.0,0.0,2.0,0.0,0.577211386252761,0.0,0.0,0.0,2026-01-30,0,219,0,low,2093.0,7,Basic,299.0,low,active
u000343,2026-01-12,7,97.6,9,9,0,0.0,0.0,0.0,0.0,0.0,1,142.0775,9.25,7.0,0.0,1.0,0.0,-0.3130509734965003,-0.027027024105186585,0.0,0.0,2026-01-30,0,114,0,high,2397.0,3,Premium,799.0,high,active
u001871,2026-01-12,7,102.19,8,16,0,0.0,0.0,0.0,0.0,0.0,1,140.87,9.0,6.75,0.0,1.0,0.0,-0.27457939749712934,-0.11111109876543349,0.0,0.0,2026-01-30,0,260,0,high,6392.0,8,Premium,799.0,high,active
u000101,2026-01-12,7,257.0568771895066,4,7,1,0.0,0.0,0.0,0.0,0.0,1,129.00671929737666,5.0,7.0,0.0,1.0,0.0,0.992585173834032,-0.199999960000008,0.0,0.0,2026-01-30,0,61,0,medium,499.0,1,Standard,499.0,mid,active
u000344,2026-01-12,7,86.96,3,11,0,0.0,0.0,0.0,0.0,0.0,1,86.1925,5.75,7.0,1.0,1.0,1.0,0.008904486946027919,-0.4782607863894284,0.9999990000010001,0.9999990000010001,2026-01-30,0,141,0,medium,897.0,3,Basic,299.0,low,active
u000345,2026-01-12,7,0.0,0,0,0,0.0,0.0,0.0,0.0,0.0,0,38.545,3.5,7.0,0.0,1.0,0.0,-0.9999999740562986,-0.9999997142857959,0.0,0.0,2026-01-30,0,43,0,low,299.0,1,Basic,299.0,low,cancelled
u001870,2026-01-12,6,45.65,3,6,0,0.0,0.0,0.0,0.0,0.0,1,42.115,2.75,6.75,0.0,1.0,0.0,0.08393683761280206,0.09090905785125168,0.0,0.0,2026-01-30,0,77,0,low,598.0,2,Basic,299.0,low,active
u001869,2026-01-12,7,76.76,9,8,0,0.0,0.0,0.0,0.0,0.0,1,108.4825,7.0,7.0,0.0,1.0,0.0,-0.2924204337803753,0.285714244897965,0.0,0.0,2026-01-30,0,263,0,high,6392.0,8,Premium,799.0,high,active
u000346,2026-01-12,7,55.71,3,5,0,0.0,0.0,0.0,0.0,0.0,1,53.49249999999999,4.25,7.0,0.0,1.0,0.0,0.04145440872170117,-0.29411757785468756,0.0,0.0,2026-01-30,0,206,0,medium,1794.0,6,Basic,299.0,low,active
u000339,2026-01-12,7,104.51,5,16,0,0.0,0.0,0.0,0.0,0.0,1,54.25999999999999,3.75,6.75,0.0,2.0,0.0,0.9260965549926921,0.33333324444446816,0.0,0.0,2026-01-30,0,220,0,low,2093.0,7,Basic,299.0,low,active
u001880,2026-01-12,7,62.08,3,5,0,0.0,0.0,0.0,0.0,0.0,1,67.71000000000001,4.5,7.0,0.0,2.0,0.0,-0.0831487212649725,-0.3333332592592757,0.0,0.0,2026-01-30,0,245,0,low,2392.0,8,Basic,299.0,low,active
u000338,2026-01-12,7,180.81,13,18,0,0.0,0.0,0.0,0.0,0.0,1,178.10000000000002,11.0,6.75,0.0,1.0,0.0,0.015216170605187021,0.1818181652892577,0.0,0.0,2026-01-30,0,191,0,high,1794.0,6,Basic,299.0,low,active
u001881,2026-01-12,7,37.09,1,3,0,0.0,0.0,0.0,0.0,0.0,1,84.96500000000003,4.5,7.0,1.0,2.0,1.0,-0.5634673034370942,-0.7777776049383099,0.499999750000125,0.499999750000125,2026-01-30,0,174,0,high,2495.0,5,Standard,499.0,mid,active
u001891,2026-01-12,7,0.0,0,0,0,0.0,0.0,0.0,0.0,0.0,0,0.0,0.0,6.5,0.0,0.0,0.0,0.0,0.0,0.0,0.0,2026-01-30,0,224,0,low,3196.0,4,Premium,799.0,high,cancelled
u000330,2026-01-12,7,158.12,8,17,0,0.0,0.0,0.0,0.0,0.0,1,115.26750000000001,7.0,6.75,0.0,2.0,0.0,0.3717656722687168,0.1428571224489825,0.0,0.0,2026-01-30,0,131,0,high,897.0,3,Basic,299.0,low,active
u001890,2026-01-12,7,65.05,4,6,0,0.0,0.0,0.0,0.0,0.0,1,81.42999999999999,5.5,6.75,0.0,2.0,0.0,-0.2011543632426088,-0.2727272231405049,0.0,0.0,2026-01-30,0,158,0,high,2495.0,5,Standard,499.0,mid,active
u000331,2026-01-12,6,40.01,6,8,0,0.0,0.0,0.0,0.0,0.0,1,42.915,3.0,6.75,0.0,1.0,0.0,-0.06769194762456143,0.9999996666667778,0.0,0.0,2026-01-30,0,133,0,low,1196.0,4,Basic,299.0,low,active
u001889,2026-01-12,7,0.0,0,0,0,0.0,0.0,1.0,0.0,0.0,0,0.0,0.0,7.0,0.0,0.0,0.0,0.0,0.0,0.0,0.0,2026-01-30,0,255,0,low,897.0,3,Basic,299.0,low,cancelled
u002328,2026-01-12,7,25.66,4,2,0,0.0,0.0,0.0,0.0,0.0,1,47.262499999999996,3.0,7.0,0.0,1.0,0.0,-0.45707483825284656,0.33333322222225925,0.0,0.0,2026-01-30,0,228,0,low,3493.0,7,Standard,499.0,mid,active
u000104,2026-01-12,7,192.62,13,16,0,0.0,0.0,1.0,0.0,0.0,1,119.685,8.75,7.0,0.0,1.0,0.0,0.6093913137870969,0.485714230204088,0.0,0.0,2026-01-30,0,269,0,high,2994.0,6,Standard,499.0,mid,active
u000332,2026-01-12,6,0.0,0,0,0,0.0,0.0,0.0,0.0,0.0,0,0.0,0.0,6.75,0.0,0.0,0.0,0.0,0.0,0.0,0.0,2026-01-30,0,177,0,low,499.0,1,Standard,499.0,mid,expired
u001888,2026-01-12,7,0.0,0,0,0,0.0,0.0,0.0,0.0,0.0,0,0.0,0.0,7.0,0.0,0.0,0.0,0.0,0.0,0.0,0.0,2026-01-30,0,167,0,low,0.0,0,Premium,799.0,high,cancelled
u001887,2026-01-12,7,8.03,1,1,0,0.0,0.0,0.0,0.0,0.0,1,45.6575,4.0,7.0,0.0,1.0,0.0,-0.8241252625718609,-0.7499998125000469,0.0,0.0,2026-01-30,0,107,0,low,897.0,3,Basic,299.0,low,active
u001892,2026-01-12,7,107.93,9,7,0,0.0,0.0,0.0,0.0,0.0,1,103.42,7.5,7.0,0.0,1.0,0.0,0.043608585925269956,0.19999997333333688,0.0,0.0,2026-01-30,0,209,0,high,4794.0,6,Premium,799.0,high,active
u001886,2026-01-12,7,0.0,0,0,0,0.0,0.0,0.0,0.0,0.0,0,0.0,0.0,7.0,0.0,0.0,0.0,0.0,0.0,0.0,0.0,2026-01-30,0,225,0,medium,1495.0,5,Basic,299.0,low,cancelled
u000334,2026-01-12,7,96.2,7,7,0,0.0,0.0,0.0,0.0,0.0,1,85.25750000000001,5.75,7.0,0.0,1.0,0.0,0.12834647827643922,0.2173912665406493,0.0,0.0,2026-01-30,0,62,0,medium,299.0,1,Basic,299.0,low,active
u001885,2026-01-12,7,102.73,8,12,0,0.0,0.0,0.0,0.0,0.0,1,74.9025,7.75,7.0,0.0,1.0,0.0,0.37151629956922266,0.03225806035379866,0.0,0.0,2026-01-30,0,115,0,medium,897.0,3,Basic,299.0,low,active
u001884,2026-01-12,7,22.63,2,2,0,0.0,0.0,1.0,0.0,0.0,1,20.015,3.0,7.0,0.0,1.0,0.0,0.13065200446405165,-0.33333322222225925,0.0,0.0,2026-01-30,0,58,0,low,299.0,1,Basic,299.0,low,active
u001883,2026-01-12,7,57.64,5,9,0,0.0,0.0,0.0,0.0,0.0,1,98.98499999999999,6.0,7.0,0.0,1.0,0.0,-0.417689544701828,-0.16666663888889352,0.0,0.0,2026-01-30,0,226,0,high,2994.0,6,Standard,499.0,mid,active
u000335,2026-01-12,7,0.0,0,0,0,0.0,0.0,0.0,0.0,0.0,0,0.0,0.0,7.0,0.0,0.0,0.0,0.0,0.0,0.0,0.0,2026-01-30,0,155,0,low,598.0,2,Basic,299.0,low,cancelled
u001882,2026-01-12,7,13.38,1,1,0,0.0,0.0,0.0,0.0,0.0,1,47.60249999999999,3.5,7.0,0.0,1.0,0.0,-0.7189223104054974,-0.7142855102041399,0.0,0.0,2026-01-30,0,204,0,medium,2994.0,6,Standard,499.0,mid,active
u000336,2026-01-12,7,161.27,14,18,0,0.0,0.0,0.0,0.0,0.0,1,173.505,11.75,7.0,1.0,2.0,1.0,-0.07051669940049732,0.1914893454051621,0.499999750000125,0.499999750000125,2026-01-30,0,68,0,high,799.0,1,Premium,799.0,high,active
u000337,2026-01-12,7,215.55,19,20,0,0.0,0.0,0.0,0.0,0.0,1,152.38,10.333333333333334,6.0,0.0,1.0,0.0,0.4145557132526861,0.83870959625391,0.0,0.0,2026-01-30,0,29,0,high,499.0,1,Standard,499.0,mid,active
u002329,2026-01-12,6,0.0,0,0,0,0.0,0.0,0.0,0.0,0.0,0,0.0,0.0,6.75,0.0,0.0,0.0,0.0,0.0,0.0,0.0,2026-01-30,0,264,0,low,0.0,0,Basic,299.0,low,expired
u000103,2026-01-12,7,0.0,0,0,0,0.0,0.0,0.0,0.0,0.0,0,12.335000000000004,0.75,6.75,0.0,1.0,0.0,-0.9999999189298809,-0.9999986666684444,0.0,0.0,2026-01-30,0,68,0,low,299.0,1,Basic,299.0,low,cancelled
u000333,2026-01-12,7,93.81,4,5,0,0.0,0.0,0.0,0.0,0.0,1,72.925,4.0,6.75,1.0,2.0,1.0,0.2863901229154595,0.0,0.499999750000125,0.499999750000125,2026-01-30,0,193,0,high,1495.0,5,Basic,299.0,low,active
u001815,2026-01-12,7,165.09,7,16,0,0.0,0.0,0.0,0.0,0.0,1,236.2075,11.5,7.0,0.0,1.0,0.0,-0.3010806164026095,-0.39130431379962494,0.0,0.0,2026-01-30,0,49,0,high,799.0,1,Premium,799.0,high,active
u002035,2026-01-12,7,7.97,1,2,0,1.0,1.0,0.0,0.0,0.0,1,14.495,1.0,6.0,1.0,1.0,1.0,-0.4501551948840845,0.0,0.9999990000010001,0.9999990000010001,2026-01-30,1,23,0,low,0.0,0,Basic,299.0,low,cancelled
u002037,2026-01-12,7,103.16,5,7,0,0.0,0.0,0.0,0.0,0.0,1,135.92249999999999,7.0,7.0,0.0,1.0,0.0,-0.2410380897861789,-0.285714244897965,0.0,0.0,2026-01-30,0,124,0,high,1497.0,3,Standard,499.0,mid,active
u002199,2026-01-12,7,0.0,0,0,0,0.0,0.0,0.0,0.0,0.0,0,0.0,0.0,7.0,1.0,1.0,1.0,0.0,0.0,0.9999990000010001,0.9999990000010001,2026-01-30,0,127,0,low,598.0,2,Basic,299.0,low,expired
u002198,2026-01-12,7,129.01999999999998,8,10,0,0.0,0.0,0.0,0.0,0.0,1,162.85,9.0,7.0,0.0,1.0,0.0,-0.20773718017969195,-0.11111109876543349,0.0,0.0,2026-01-30,0,54,0,high,299.0,1,Basic,299.0,low,active
u000132,2026-01-12,7,295.15,13,29,1,0.0,0.0,0.0,0.0,0.0,1,179.8025,9.25,7.0,0.0,2.0,0.0,0.6415233345391562,0.4054053615777988,0.0,0.0,2026-01-30,0,132,0,high,3196.0,4,Premium,799.0,high,active
u002197,2026-01-12,7,49.980000000000004,3,10,0,0.0,0.0,1.0,0.0,0.0,1,70.9175,5.75,7.0,0.0,1.0,0.0,-0.29523741960394234,-0.4782607863894284,0.0,0.0,2026-01-30,0,198,0,low,1794.0,6,Basic,299.0,low,active
u000183,2026-01-12,6,61.91,5,5,0,0.0,0.0,0.0,0.0,0.0,1,76.1475,4.75,6.5,1.0,1.0,1.0,-0.18697264930598312,0.05263156786703834,0.9999990000010001,0.9999990000010001,2026-01-30,0,146,0,medium,598.0,2,Basic,299.0,low,active
u002196,2026-01-12,7,34.25,7,3,0,0.0,0.0,0.0,0.0,0.0,1,21.775,3.0,6.75,0.0,2.0,0.0,0.5729046809228621,1.333332888889037,0.0,0.0,2026-01-30,0,66,0,low,598.0,2,Basic,299.0,low,active
u002195,2026-01-12,6,23.94,1,3,0,0.0,0.0,0.0,0.0,0.0,1,54.2025,3.75,6.75,0.0,1.0,0.0,-0.5583229452825433,-0.7333331377778299,0.0,0.0,2026-01-30,0,105,0,low,1497.0,3,Standard,499.0,mid,active
u002194,2026-01-12,7,210.75,8,21,1,0.0,0.0,1.0,0.0,0.0,1,189.255,11.5,7.0,0.0,2.0,0.0,0.11357691942840657,-0.3043477996219305,0.0,0.0,2026-01-30,0,216,0,high,3493.0,7,Standard,499.0,mid,active
u000184,2026-01-12,7,9.64,1,1,0,0.0,0.0,0.0,0.0,0.0,1,43.5425,4.0,7.0,0.0,2.0,0.0,-0.77860709011639,-0.7499998125000469,0.0,0.0,2026-01-30,0,96,0,low,1497.0,3,Standard,499.0,mid,active
u002193,2026-01-12,7,0.0,0,0,0,0.0,0.0,0.0,0.0,0.0,0,0.0,0.0,7.0,0.0,0.0,0.0,0.0,0.0,0.0,0.0,2026-01-30,0,199,0,low,897.0,3,Basic,299.0,low,cancelled
u000185,2026-01-12,7,119.72,7,13,0,0.0,0.0,0.0,0.0,0.0,1,162.16,8.75,7.0,0.0,1.0,0.0,-0.26171682127702994,-0.19999997714285978,0.0,0.0,2026-01-30,0,146,0,high,1196.0,4,Basic,299.0,low,active
u002192,2026-01-12,7,118.35,8,8,0,0.0,0.0,1.0,0.0,0.0,1,112.23500000000001,7.25,7.0,0.0,1.0,0.0,0.05448389491260378,0.10344826159334322,0.0,0.0,2026-01-30,0,168,0,medium,2495.0,5,Standard,499.0,mid,active
u002278,2026-01-12,7,33.22,2,3,0,0.0,0.0,0.0,0.0,0.0,1,57.33,4.75,7.0,0.0,1.0,0.0,-0.42054769892643123,-0.5789472465374218,0.0,0.0,2026-01-30,0,258,0,low,3992.0,8,Standard,499.0,mid,active
u000186,2026-01-12,7,75.57,5,7,0,0.0,0.0,0.0,0.0,0.0,1,40.73,3.25,6.75,0.0,2.0,0.0,0.8553891270466701,0.538461372781116,0.0,0.0,2026-01-30,0,159,0,low,1495.0,5,Basic,299.0,low,active
u002191,2026-01-12,7,0.0,0,0,0,0.0,0.0,0.0,0.0,0.0,0,0.0,0.0,7.0,0.0,0.0,0.0,0.0,0.0,0.0,0.0,2026-01-30,0,180,0,low,799.0,1,Premium,799.0,high,expired
u002190,2026-01-12,7,208.12,10,29,0,0.0,0.0,0.0,0.0,0.0,1,156.76999999999998,8.0,7.0,0.0,2.0,0.0,0.3275499117972196,0.24999996875000394,0.0,0.0,2026-01-30,0,123,0,high,1996.0,4,Standard,499.0,mid,active
u000187,2026-01-12,7,13.35,1,3,0,0.0,0.0,0.0,0.0,0.0,1,61.5075,3.25,7.0,0.0,1.0,0.0,-0.7829532856488512,-0.6923074792900064,0.0,0.0,2026-01-30,0,229,0,medium,2093.0,7,Basic,299.0,low,active
u000131,2026-01-12,7,59.629999999999995,3,7,0,0.0,0.0,0.0,0.0,0.0,1,120.83,7.0,7.0,0.0,2.0,0.0,-0.5064967267524892,-0.57142848979593,0.0,0.0,2026-01-30,0,129,0,high,1996.0,4,Standard,499.0,mid,active
u002189,2026-01-12,7,0.0,0,0,0,0.0,0.0,0.0,0.0,0.0,0,8.73,0.5,7.0,0.0,1.0,0.0,-0.999999885452476,-0.999998000004,0.0,0.0,2026-01-30,0,155,0,medium,1196.0,4,Basic,299.0,low,cancelled
u002188,2026-01-12,7,215.57,13,18,0,0.0,0.0,0.0,0.0,0.0,1,144.8125,8.5,7.0,0.0,1.0,0.0,0.48861458445497047,0.5294117024221527,0.0,0.0,2026-01-30,0,206,0,medium,1794.0,6,Basic,299.0,low,active
u000188,2026-01-12,7,0.0,0,0,0,0.0,0.0,0.0,0.0,0.0,0,0.0,0.0,7.0,0.0,0.0,0.0,0.0,0.0,0.0,0.0,2026-01-30,0,175,0,low,998.0,2,Standard,499.0,mid,cancelled
u000182,2026-01-12,7,0.0,0,0,0,0.0,0.0,0.0,0.0,0.0,0,24.555,1.25,7.0,0.0,1.0,0.0,-0.9999999592750983,-0.99999920000064,0.0,0.0,2026-01-30,0,232,0,medium,2093.0,7,Basic,299.0,low,cancelled
u002187,2026-01-12,7,49.86,4,6,0,0.0,0.0,0.0,0.0,0.0,1,53.08749999999999,3.75,6.75,0.0,1.0,0.0,-0.06079585475308007,0.06666664888889362,0.0,0.0,2026-01-30,0,194,0,low,1794.0,6,Basic,299.0,low,active
u002200,2026-01-12,6,80.06,7,8,0,0.0,0.0,0.0,0.0,0.0,1,61.785,4.75,6.75,0.0,1.0,0.0,0.2957837614990086,0.4736841108033451,0.0,0.0,2026-01-30,0,228,0,medium,2495.0,5,Standard,499.0,mid,active
u002277,2026-01-12,7,28.08,1,2,0,0.0,0.0,0.0,0.0,0.0,1,42.2625,2.25,7.0,0.0,2.0,0.0,-0.33558118105693757,-0.555555308642085,0.0,0.0,2026-01-30,0,218,0,medium,2093.0,7,Basic,299.0,low,active
u002211,2026-01-12,7,37.21,5,5,0,0.0,0.0,0.0,0.0,0.0,1,66.69,6.25,7.0,0.0,2.0,0.0,-0.44204527752218803,-0.1999999680000051,0.0,0.0,2026-01-30,0,95,0,low,897.0,3,Basic,299.0,low,active
u002210,2026-01-12,7,129.72,10,15,0,0.0,0.0,0.0,0.0,0.0,1,59.775,5.0,7.0,0.0,1.0,0.0,1.1701379979901632,0.99999980000004,0.0,0.0,2026-01-30,0,236,0,low,1794.0,6,Basic,299.0,low,active
u000173,2026-01-12,7,51.59,2,4,0,0.0,0.0,0.0,0.0,0.0,1,47.03,4.25,7.0,0.0,1.0,0.0,0.0969593855632706,-0.5294116401384376,0.0,0.0,2026-01-30,0,77,0,medium,598.0,2,Basic,299.0,low,active
u002209,2026-01-12,7,74.63,5,9,0,0.0,0.0,0.0,0.0,0.0,1,99.035,5.5,7.0,1.0,1.0,1.0,-0.24642802800597743,-0.09090907438016829,0.9999990000010001,0.9999990000010001,2026-01-30,0,212,0,high,1495.0,5,Basic,299.0,low,active
u000174,2026-01-12,7,209.74,9,26,0,0.0,0.0,0.0,0.0,0.0,1,156.8175,9.25,7.0,0.0,1.0,0.0,0.337478276739023,-0.027027024105186585,0.0,0.0,2026-01-30,0,89,0,high,998.0,2,Standard,499.0,mid,active
u000175,2026-01-12,6,55.879999999999995,5,5,0,0.0,0.0,0.0,0.0,0.0,1,50.7825,4.0,6.75,0.0,2.0,0.0,0.1003790656155355,0.24999993750001562,0.0,0.0,2026-01-30,0,96,0,low,897.0,3,Basic,299.0,low,active
u002276,2026-01-12,7,0.0,0,0,0,0.0,0.0,0.0,0.0,0.0,0,0.0,0.0,7.0,0.0,0.0,0.0,0.0,0.0,0.0,0.0,2026-01-30,0,164,0,medium,2397.0,3,Premium,799.0,high,cancelled
u002208,2026-01-12,7,10.82,1,2,0,0.0,0.0,0.0,0.0,0.0,1,40.792500000000004,2.5,6.75,0.0,1.0,0.0,-0.7347551453145764,-0.5999997600000959,0.0,0.0,2026-01-30,0,60,0,medium,299.0,1,Basic,299.0,low,active
u002207,2026-01-12,7,0.0,0,0,0,0.0,0.0,0.0,0.0,0.0,0,31.8425,1.75,7.0,0.0,1.0,0.0,-0.9999999685954316,-0.9999994285717552,0.0,0.0,2026-01-30,0,237,0,medium,3493.0,7,Standard,499.0,mid,cancelled
u000176,2026-01-12,7,165.38,9,15,0,0.0,0.0,1.0,0.0,0.0,1,110.04250000000002,5.75,7.0,0.0,2.0,0.0,0.5028738850637352,0.5652172930056881,0.0,0.0,2026-01-30,0,155,0,medium,3995.0,5,Premium,799.0,high,active
u002206,2026-01-12,7,90.71000000000001,6,9,0,0.0,0.0,0.0,0.0,0.0,1,98.69000000000003,6.5,6.75,0.0,2.0,0.0,-0.0808592554376407,-0.07692306508875922,0.0,0.0,2026-01-30,0,70,0,medium,998.0,2,Standard,499.0,mid,active
u000133,2026-01-12,7,87.62,4,6,0,0.0,0.0,0.0,0.0,0.0,1,130.5625,9.25,7.0,0.0,2.0,0.0,-0.3289037791946096,-0.5675675062089183,0.0,0.0,2026-01-30,0,248,0,medium,6392.0,8,Premium,799.0,high,active
u002205,2026-01-12,7,0.0,0,0,0,0.0,0.0,1.0,0.0,0.0,0,10.9625,0.5,7.0,0.0,1.0,0.0,-0.9999999087799399,-0.999998000004,0.0,0.0,2026-01-30,0,156,0,medium,1996.0,4,Standard,499.0,mid,cancelled
u002204,2026-01-12,7,25.8,5,3,0,0.0,0.0,0.0,0.0,0.0,1,51.7725,4.5,7.0,0.0,2.0,0.0,-0.5016659326540938,0.11111108641975857,0.0,0.0,2026-01-30,0,186,0,low,1794.0,6,Basic,299.0,low,active
u000177,2026-01-12,7,147.89,6,15,0,0.0,0.0,0.0,0.0,0.0,1,111.9,6.5,6.75,0.0,1.0,0.0,0.32162644931522366,-0.07692306508875922,0.0,0.0,2026-01-30,0,91,0,medium,998.0,2,Standard,499.0,mid,active
u002203,2026-01-12,7,0.0,0,0,0,0.0,0.0,0.0,0.0,0.0,0,0.0,0.0,7.0,0.0,0.0,0.0,0.0,0.0,0.0,0.0,2026-01-30,0,261,0,low,1495.0,5,Basic,299.0,low,cancelled
u000178,2026-01-12,7,297.09,18,30,1,0.0,0.0,1.0,0.0,0.0,1,191.46249999999998,14.0,6.75,1.0,2.0,1.0,0.551687664416334,0.2857142653061239,0.499999750000125,0.499999750000125,2026-01-30,0,230,0,medium,2093.0,7,Basic,299.0,low,active
u000179,2026-01-12,7,108.96000000000001,9,7,0,0.0,0.0,0.0,0.0,0.0,1,55.92,4.0,6.75,0.0,1.0,0.0,0.948497837115561,1.249999687500078,0.0,0.0,2026-01-30,0,44,0,low,299.0,1,Basic,299.0,low,active
u002202,2026-01-12,6,148.74,8,14,0,0.0,0.0,0.0,0.0,0.0,1,173.1875,11.0,6.75,0.0,1.0,0.0,-0.1411620345512116,-0.2727272479338866,0.0,0.0,2026-01-30,0,269,0,high,3992.0,8,Standard,499.0,mid,active
u000180,2026-01-12,7,269.31,20,23,1,0.0,0.0,0.0,0.0,0.0,1,207.515,14.0,7.0,0.0,1.0,0.0,0.29778570080338446,0.42857139795918586,0.0,0.0,2026-01-30,0,145,0,high,3196.0,4,Premium,799.0,high,active
u002201,2026-01-12,7,117.42,10,8,0,0.0,0.0,1.0,0.0,0.0,1,94.5225,7.5,6.75,0.0,1.0,0.0,0.24224390761729855,0.3333332888888948,0.0,0.0,2026-01-30,0,179,0,medium,1495.0,5,Basic,299.0,low,active
u000181,2026-01-12,7,134.99,5,13,0,0.0,0.0,0.0,0.0,0.0,1,121.5475,5.5,6.0,0.0,1.0,0.0,0.11059462259121239,-0.09090907438016829,0.0,0.0,2026-01-30,1,35,0,high,499.0,1,Standard,499.0,mid,cancelled
u000189,2026-01-12,7,24.67,1,2,0,0.0,0.0,0.0,0.0,0.0,1,88.465,5.5,7.0,0.0,2.0,0.0,-0.7211326431794196,-0.8181816694215146,0.0,0.0,2026-01-30,0,211,0,medium,2093.0,7,Basic,299.0,low,active
u002186,2026-01-12,7,189.75,17,16,0,0.0,0.0,1.0,0.0,0.0,1,213.23,15.5,7.0,0.0,1.0,0.0,-0.11011583684230246,0.09677418730489115,0.0,0.0,2026-01-30,0,198,0,high,1794.0,6,Basic,299.0,low,active
u000190,2026-01-12,7,0.0,0,0,0,0.0,0.0,1.0,0.0,0.0,0,0.0,0.0,7.0,0.0,0.0,0.0,0.0,0.0,0.0,0.0,2026-01-30,0,195,0,low,1495.0,5,Basic,299.0,low,cancelled
u002282,2026-01-12,7,173.74714061391174,3,8,1,0.0,0.0,0.0,0.0,0.0,1,107.10178515347793,5.25,6.75,0.0,1.0,0.0,0.6222618487886873,-0.42857134693879106,0.0,0.0,2026-01-30,0,182,0,high,1495.0,5,Basic,299.0,low,active
u002168,2026-01-12,7,165.29000000000002,11,24,0,0.0,0.0,0.0,0.0,0.0,1,152.7425,9.0,7.0,0.0,1.0,0.0,0.0821480591050425,0.22222219753086697,0.0,0.0,2026-01-30,0,59,0,high,799.0,1,Premium,799.0,high,active
u000130,2026-01-12,7,0.0,0,0,0,0.0,0.0,0.0,0.0,0.0,0,0.0,0.0,6.75,0.0,0.0,0.0,0.0,0.0,0.0,0.0,2026-01-30,0,111,0,low,499.0,1,Standard,499.0,mid,cancelled
u002167,2026-01-12,7,44.37,1,4,0,0.0,0.0,1.0,0.0,0.0,1,168.38000000000002,8.25,7.0,0.0,2.0,0.0,-0.7364888897939845,-0.8787877722681489,0.0,0.0,2026-01-30,0,191,0,high,1794.0,6,Basic,299.0,low,active
u000197,2026-01-12,7,31.07,2,4,0,0.0,0.0,1.0,0.0,0.0,1,19.325,2.5,7.0,0.0,2.0,0.0,0.6077619349152945,-0.199999920000032,0.0,0.0,2026-01-30,0,185,0,low,1794.0,6,Basic,299.0,low,active
u002166,2026-01-12,7,198.39999999999998,11,24,0,0.0,0.0,0.0,0.0,0.0,1,168.6125,11.25,6.75,1.0,2.0,1.0,0.17666246466506041,-0.022222220246913758,0.499999750000125,0.499999750000125,2026-01-30,0,39,0,high,299.0,1,Basic,299.0,low,active
u002165,2026-01-12,7,51.3,3,5,0,0.0,0.0,0.0,0.0,0.0,1,89.12333333333333,6.333333333333333,6.666666666666667,1.0,1.0,1.0,-0.4243931582706382,-0.5263157063712042,0.9999990000010001,0.9999990000010001,2026-01-30,1,31,0,medium,0.0,0,Basic,299.0,low,expired
u002164,2026-01-12,7,56.2,6,14,0,0.0,0.0,0.0,0.0,0.0,1,47.334999999999994,3.0,7.0,0.0,1.0,0.0,0.18728213399636373,0.9999996666667778,0.0,0.0,2026-01-30,0,41,0,medium,299.0,1,Basic,299.0,low,active
u002163,2026-01-12,7,94.56,6,8,0,0.0,0.0,0.0,0.0,0.0,1,134.965,7.75,7.0,0.0,1.0,0.0,-0.2993739095367398,-0.22580642247659063,0.0,0.0,2026-01-30,0,169,0,high,2495.0,5,Standard,499.0,mid,active
u002162,2026-01-12,7,74.3,3,6,0,0.0,0.0,0.0,0.0,0.0,1,73.12999999999998,4.5,7.0,0.0,1.0,0.0,0.01599890583893218,-0.3333332592592757,0.0,0.0,2026-01-30,0,209,0,medium,2994.0,6,Standard,499.0,mid,active
u000198,2026-01-12,7,132.75,10,12,0,0.0,0.0,0.0,0.0,0.0,1,85.97,6.75,7.0,0.0,2.0,0.0,0.5441432994748948,0.4814814101509022,0.0,0.0,2026-01-30,0,241,0,low,2392.0,8,Basic,299.0,low,active
u002161,2026-01-12,7,351.97,17,30,1,0.0,0.0,0.0,0.0,0.0,1,249.87,12.75,7.0,1.0,3.0,1.0,0.408612476853514,0.33333330718954457,0.33333322222225925,0.33333322222225925,2026-01-30,0,67,0,high,1598.0,2,Premium,799.0,high,active
u002160,2026-01-12,7,55.31,3,5,0,0.0,0.0,0.0,0.0,0.0,1,42.30500000000001,3.0,7.0,0.0,2.0,0.0,0.3074104643089358,0.0,0.0,0.0,2026-01-30,0,187,0,low,1794.0,6,Basic,299.0,low,active
u002283,2026-01-12,7,61.72,6,4,0,0.0,0.0,1.0,0.0,0.0,1,54.97,4.25,6.75,0.0,1.0,0.0,0.12279424917601876,0.4117646089965626,0.0,0.0,2026-01-30,0,189,0,low,2994.0,6,Standard,499.0,mid,active
u000199,2026-01-12,7,123.81,6,9,0,0.0,0.0,0.0,0.0,0.0,1,241.24,13.25,7.0,0.0,2.0,0.0,-0.4867766519367574,-0.5471697700249231,0.0,0.0,2026-01-30,0,185,0,high,4794.0,6,Premium,799.0,high,active
u000200,2026-01-12,7,47.9,3,4,0,0.0,0.0,0.0,0.0,0.0,1,30.593333333333334,2.3333333333333335,6.0,0.0,1.0,0.0,0.5657005698725025,0.2857141632653585,0.0,0.0,2026-01-30,1,29,0,low,299.0,1,Basic,299.0,low,cancelled
u002159,2026-01-12,7,30.689999999999998,6,3,0,0.0,0.0,0.0,0.0,0.0,1,69.695,5.25,7.0,0.0,2.0,0.0,-0.5596527647657255,0.1428571156462637,0.0,0.0,2026-01-30,0,66,0,medium,598.0,2,Basic,299.0,low,active
u002158,2026-01-12,7,9.42,3,1,0,0.0,0.0,0.0,0.0,0.0,0,24.457500000000014,3.0,7.0,0.0,1.0,0.0,-0.6148420478445449,0.0,0.0,0.0,2026-01-30,0,112,0,medium,1497.0,3,Standard,499.0,mid,cancelled
u002157,2026-01-12,7,292.3,7,42,1,0.0,0.0,0.0,0.0,0.0,1,141.65,7.0,6.75,0.0,2.0,0.0,1.0635368791843496,0.0,0.0,0.0,2026-01-30,0,159,0,medium,1996.0,4,Standard,499.0,mid,active
u002284,2026-01-12,7,96.22,6,8,0,0.0,0.0,1.0,0.0,0.0,1,68.935,5.25,7.0,0.0,1.0,0.0,0.3958076391411091,0.1428571156462637,0.0,0.0,2026-01-30,0,73,0,low,598.0,2,Basic,299.0,low,active
u002156,2026-01-12,6,178.78,8,18,0,0.0,0.0,0.0,0.0,0.0,1,214.36249999999998,11.0,6.75,0.0,1.0,0.0,-0.16599218535894944,-0.2727272479338866,0.0,0.0,2026-01-30,0,148,0,high,3196.0,4,Premium,799.0,high,active
u002169,2026-01-12,7,322.25,18,34,1,0.0,0.0,0.0,0.0,0.0,1,173.625,9.0,6.25,1.0,2.0,1.0,0.8560115141482418,0.9999998888889013,0.499999750000125,0.499999750000125,2026-01-30,0,36,0,high,499.0,1,Standard,499.0,mid,active
u002170,2026-01-12,7,35.88,2,3,0,0.0,0.0,0.0,0.0,0.0,1,32.845,2.5,7.0,0.0,1.0,0.0,0.09240371160287084,-0.199999920000032,0.0,0.0,2026-01-30,0,25,0,low,299.0,1,Basic,299.0,low,active
u000196,2026-01-12,7,250.57,13,21,1,0.0,0.0,0.0,0.0,0.0,1,192.73,11.5,7.0,0.0,2.0,0.0,0.3001089591651069,0.13043477126654163,0.0,0.0,2026-01-30,0,248,0,high,6392.0,8,Premium,799.0,high,active
u002171,2026-01-12,7,141.07,5,15,0,0.0,0.0,0.0,0.0,0.0,1,99.2875,5.75,7.0,0.0,1.0,0.0,0.42082336224778183,-0.13043475992438958,0.0,0.0,2026-01-30,0,265,0,medium,2392.0,8,Basic,299.0,low,active
u002279,2026-01-12,7,69.57,5,8,0,0.0,0.0,0.0,0.0,0.0,1,168.995,8.5,7.0,0.0,1.0,0.0,-0.5883310122291725,-0.4117646574394521,0.0,0.0,2026-01-30,0,178,0,high,2495.0,5,Standard,499.0,mid,active
u002185,2026-01-12,7,0.0,0,0,0,0.0,0.0,0.0,0.0,0.0,0,0.0,0.0,7.0,0.0,0.0,0.0,0.0,0.0,0.0,0.0,2026-01-30,0,111,0,low,299.0,1,Basic,299.0,low,expired
u002184,2026-01-12,7,61.28,3,5,0,0.0,0.0,0.0,0.0,0.0,0,44.045,2.5,7.0,0.0,1.0,0.0,0.39130433894189265,0.199999920000032,0.0,0.0,2026-01-30,0,109,0,low,897.0,3,Basic,299.0,low,cancelled
u002183,2026-01-12,7,0.0,0,0,0,0.0,0.0,1.0,0.0,0.0,1,32.7625,2.75,7.0,0.0,1.0,0.0,-0.9999999694772997,-0.9999996363637685,0.0,0.0,2026-01-30,0,118,0,low,897.0,3,Basic,299.0,low,active
u002182,2026-01-12,7,0.0,0,0,0,0.0,0.0,1.0,0.0,0.0,0,0.0,0.0,7.0,0.0,0.0,0.0,0.0,0.0,0.0,0.0,2026-01-30,0,210,0,low,1196.0,4,Basic,299.0,low,expired
u000191,2026-01-12,7,107.96,5,16,0,0.0,0.0,0.0,0.0,0.0,1,49.985,3.0,7.0,0.0,2.0,0.0,1.1598479311823962,0.6666664444445185,0.0,0.0,2026-01-30,0,99,0,medium,897.0,3,Basic,299.0,low,active
u002181,2026-01-12,7,268.6,16,31,1,0.0,0.0,0.0,0.0,0.0,1,235.165,15.5,7.0,0.0,2.0,0.0,0.14217676889768147,0.032258062434963715,0.0,0.0,2026-01-30,0,95,0,high,1497.0,3,Standard,499.0,mid,active
u002280,2026-01-12,7,144.01,8,12,0,0.0,0.0,0.0,0.0,0.0,1,82.6375,4.75,7.0,0.0,2.0,0.0,0.7426712964129928,0.6842103822714984,0.0,0.0,2026-01-30,0,102,0,medium,897.0,3,Basic,299.0,low,active
u002180,2026-01-12,7,41.870000000000005,3,7,0,0.0,0.0,0.0,0.0,0.0,1,54.68,4.5,7.0,0.0,2.0,0.0,-0.2342721244646648,-0.3333332592592757,0.0,0.0,2026-01-30,0,156,0,low,2495.0,5,Standard,499.0,mid,active
u002179,2026-01-12,7,0.0,0,0,0,0.0,0.0,0.0,0.0,0.0,0,0.0,0.0,7.0,0.0,0.0,0.0,0.0,0.0,0.0,0.0,2026-01-30,0,113,0,low,799.0,1,Premium,799.0,high,cancelled
u002212,2026-01-12,7,64.17,9,6,0,0.0,0.0,0.0,0.0,0.0,1,54.0125,5.5,7.0,0.0,1.0,0.0,0.18805831635161643,0.6363635206611781,0.0,0.0,2026-01-30,0,76,0,medium,998.0,2,Standard,499.0,mid,active
u000192,2026-01-12,7,57.699999999999996,4,5,0,0.0,0.0,0.0,0.0,0.0,1,65.25,5.5,7.0,0.0,1.0,0.0,-0.11570881048722137,-0.2727272231405049,0.0,0.0,2026-01-30,0,112,0,medium,1497.0,3,Standard,499.0,mid,active
u002177,2026-01-12,7,44.45,1,5,0,0.0,0.0,0.0,0.0,0.0,1,85.43249999999999,4.25,7.0,0.0,2.0,0.0,-0.4797061951867708,-0.7647057024221876,0.0,0.0,2026-01-30,0,244,0,high,6392.0,8,Premium,799.0,high,active
u002281,2026-01-12,7,170.33999999999997,14,16,0,0.0,0.0,0.0,0.0,0.0,1,70.6525,6.0,7.0,0.0,1.0,0.0,1.4109550063910685,1.3333331111111482,0.0,0.0,2026-01-30,0,79,0,low,598.0,2,Basic,299.0,low,active
u000193,2026-01-12,7,48.25,8,7,0,0.0,0.0,0.0,0.0,0.0,1,65.33,4.75,7.0,1.0,1.0,1.0,-0.26144190629968,0.6842103822714984,0.9999990000010001,0.9999990000010001,2026-01-30,0,118,0,medium,998.0,2,Standard,499.0,mid,active
u002176,2026-01-12,7,148.51999999999998,7,17,0,0.0,0.0,0.0,0.0,0.0,1,86.895,5.25,6.75,0.0,1.0,0.0,0.7091892432339116,0.3333332698412819,0.0,0.0,2026-01-30,0,79,0,medium,598.0,2,Basic,299.0,low,active
u002175,2026-01-12,7,155.44,12,15,0,0.0,0.0,0.0,0.0,0.0,1,159.0625,10.25,7.0,0.0,1.0,0.0,-0.022774066654465606,0.17073169066032287,0.0,0.0,2026-01-30,0,212,0,medium,2994.0,6,Standard,499.0,mid,active
u000194,2026-01-12,7,55.72,5,6,0,0.0,0.0,0.0,0.0,0.0,1,181.32,12.0,7.0,0.0,1.0,0.0,-0.6926979886791419,-0.5833332847222263,0.0,0.0,2026-01-30,0,180,0,medium,2495.0,5,Standard,499.0,mid,active
u000195,2026-01-12,7,14.11,2,2,0,0.0,0.0,0.0,0.0,0.0,1,39.64333333333334,2.3333333333333335,6.333333333333333,0.0,1.0,0.0,-0.6440763311844868,-0.14285708163267935,0.0,0.0,2026-01-30,1,30,0,low,299.0,1,Basic,299.0,low,cancelled
u002174,2026-01-12,7,7.5,1,1,0,0.0,0.0,1.0,0.0,0.0,1,54.2675,3.75,7.0,0.0,1.0,0.0,-0.8617957182144799,-0.7333331377778299,0.0,0.0,2026-01-30,0,79,0,medium,598.0,2,Basic,299.0,low,active
u002173,2026-01-12,7,34.67,3,5,0,1.0,0.0,0.0,0.0,0.0,1,17.335,1.5,4.5,0.0,1.0,0.0,0.9999999423132424,0.9999993333337779,0.0,0.0,2026-01-30,0,20,0,high,299.0,1,Basic,299.0,low,active
u002172,2026-01-12,7,0.0,0,0,0,0.0,0.0,1.0,1.0,0.0,0,3.345,0.25,7.0,1.0,1.0,1.0,-0.9999997010464271,-0.9999960000160001,0.9999990000010001,0.9999990000010001,2026-01-30,0,84,0,low,299.0,1,Basic,299.0,low,expired
u002178,2026-01-12,7,206.89999999999998,11,22,1,0.0,0.0,0.0,0.0,0.0,1,216.2525,11.75,7.0,0.0,1.0,0.0,-0.04324805473579249,-0.0638297818017207,0.0,0.0,2026-01-30,0,150,0,high,1996.0,4,Standard,499.0,mid,active
u002213,2026-01-12,7,154.82999999999998,13,22,0,0.0,0.0,0.0,0.0,0.0,1,141.18,11.0,6.75,1.0,1.0,1.0,0.09668508218809246,0.1818181652892577,0.9999990000010001,0.9999990000010001,2026-01-30,0,119,0,high,598.0,2,Basic,299.0,low,active
u000172,2026-01-12,7,175.43,5,23,0,0.0,0.0,0.0,0.0,0.0,1,167.4675,9.75,7.0,0.0,2.0,0.0,0.04754653859676335,-0.48717943721236545,0.0,0.0,2026-01-30,0,248,0,high,6392.0,8,Premium,799.0,high,active
u000134,2026-01-12,7,0.0,0,0,0,0.0,0.0,0.0,0.0,0.0,0,0.0,0.0,7.0,0.0,0.0,0.0,0.0,0.0,0.0,0.0,2026-01-30,0,130,0,low,499.0,1,Standard,499.0,mid,cancelled
u000149,2026-01-12,7,149.07999999999998,9,17,1,0.0,0.0,0.0,0.0,0.0,1,58.30499999999999,4.25,7.0,1.0,2.0,1.0,1.5568990385576018,1.1176467958478127,0.499999750000125,0.499999750000125,2026-01-30,1,64,0,low,299.0,1,Basic,299.0,low,expired
u002270,2026-01-12,7,332.25,18,36,0,1.0,0.0,0.0,0.0,0.0,1,378.9,19.0,7.0,0.0,1.0,0.0,-0.12311955628630357,-0.05263157617728546,0.0,0.0,2026-01-30,0,25,0,high,499.0,1,Standard,499.0,mid,active
u002252,2026-01-12,7,66.4,3,10,0,0.0,0.0,1.0,0.0,0.0,1,53.315,3.0,7.0,0.0,2.0,0.0,0.2454281113114864,0.0,0.0,0.0,2026-01-30,0,132,0,low,1196.0,4,Basic,299.0,low,active
u000150,2026-01-12,7,92.19,5,13,0,0.0,0.0,0.0,0.0,0.0,1,65.515,4.0,7.0,1.0,1.0,1.0,0.40715865973962206,0.24999993750001562,0.9999990000010001,0.9999990000010001,2026-01-30,0,256,0,low,3493.0,7,Standard,499.0,mid,active
u002251,2026-01-12,7,201.85000000000002,10,29,1,0.0,0.0,0.0,0.0,0.0,1,132.995,7.0,7.0,0.0,1.0,0.0,0.5177262264165855,0.4285713673469475,0.0,0.0,2026-01-30,0,143,0,high,1497.0,3,Standard,499.0,mid,active
u000138,2026-01-12,7,90.00999999999999,5,7,0,0.0,0.0,0.0,0.0,0.0,1,140.92749999999998,11.0,7.0,0.0,1.0,0.0,-0.3613027949739916,-0.5454544958677732,0.0,0.0,2026-01-30,0,263,0,high,3992.0,8,Standard,499.0,mid,active
u002250,2026-01-12,7,122.57,9,7,0,0.0,0.0,2.0,0.0,0.0,1,112.96249999999999,7.75,7.0,0.0,1.0,0.0,0.08505034781409454,0.1612903017689933,0.0,0.0,2026-01-30,0,164,0,high,3995.0,5,Premium,799.0,high,active
u000151,2026-01-12,7,51.04,5,3,0,0.0,0.0,0.0,0.0,0.0,1,45.747499999999995,3.5,7.0,0.0,1.0,0.0,0.1156893794045713,0.42857130612248395,0.0,0.0,2026-01-30,0,56,0,low,299.0,1,Basic,299.0,low,active
u002249,2026-01-12,7,142.85,7,23,0,0.0,0.0,0.0,0.0,0.0,1,137.1675,8.25,7.0,0.0,1.0,0.0,0.04142745153606032,-0.15151513314968085,0.0,0.0,2026-01-30,0,231,0,high,5593.0,7,Premium,799.0,high,active
u000152,2026-01-12,7,74.61,5,9,0,0.0,0.0,0.0,0.0,0.0,1,151.22,10.5,7.0,0.0,1.0,0.0,-0.5066128785437582,-0.5238094739229073,0.0,0.0,2026-01-30,0,200,0,high,2495.0,5,Standard,499.0,mid,active
u000153,2026-01-12,7,126.03,7,20,1,0.0,0.0,0.0,0.0,0.0,1,150.2725,7.75,7.0,0.0,1.0,0.0,-0.16132359439469238,-0.09677418106139599,0.0,0.0,2026-01-30,0,40,0,high,299.0,1,Basic,299.0,low,active
u002248,2026-01-12,7,0.0,0,0,0,0.0,0.0,0.0,0.0,0.0,0,0.0,0.0,7.0,0.0,0.0,0.0,0.0,0.0,0.0,0.0,2026-01-30,0,226,0,low,998.0,2,Standard,499.0,mid,expired
u000154,2026-01-12,7,0.0,0,0,0,0.0,0.0,0.0,0.0,0.0,0,0.0,0.0,7.0,0.0,0.0,0.0,0.0,0.0,0.0,0.0,2026-01-30,0,197,0,low,1598.0,2,Premium,799.0,high,cancelled
u002247,2026-01-12,7,262.25,17,30,1,0.0,0.0,0.0,0.0,0.0,1,181.8275,11.0,7.0,0.0,1.0,0.0,0.44230107963701276,0.5454544958677732,0.0,0.0,2026-01-30,0,126,0,high,1497.0,3,Standard,499.0,mid,active
u002246,2026-01-12,6,18.85,2,2,0,0.0,0.0,0.0,0.0,0.0,1,48.487500000000004,4.75,6.75,0.0,1.0,0.0,-0.6112399977058005,-0.5789472465374218,0.0,0.0,2026-01-30,0,62,0,low,299.0,1,Basic,299.0,low,active
u002271,2026-01-12,7,119.33,7,15,0,0.0,0.0,0.0,0.0,0.0,1,185.91750000000002,10.0,7.0,0.0,2.0,0.0,-0.35815616949369394,-0.299999970000003,0.0,0.0,2026-01-30,0,190,0,high,4794.0,6,Premium,799.0,high,active
u002245,2026-01-12,7,115.96000000000001,8,13,0,0.0,0.0,0.0,0.0,0.0,1,155.16500000000002,9.0,7.0,1.0,1.0,1.0,-0.25266651466073853,-0.11111109876543349,0.9999990000010001,0.9999990000010001,2026-01-30,0,92,0,high,499.0,1,Standard,499.0,mid,active
u002244,2026-01-12,7,227.55,12,22,1,0.0,0.0,0.0,0.0,0.0,1,186.18249999999995,10.0,7.0,0.0,1.0,0.0,0.22218790583332038,0.19999998000000202,0.0,0.0,2026-01-30,0,242,0,high,5593.0,7,Premium,799.0,high,active
u000155,2026-01-12,6,0.0,0,0,0,0.0,0.0,0.0,0.0,0.0,0,11.809999999999993,0.75,6.75,0.0,1.0,0.0,-0.9999999153260022,-0.9999986666684444,0.0,0.0,2026-01-30,0,161,0,low,1497.0,3,Standard,499.0,mid,cancelled
u002243,2026-01-12,7,302.2,17,25,1,0.0,0.0,0.0,0.0,0.0,1,195.8675,11.25,7.0,0.0,2.0,0.0,0.5428797501225074,0.5111110656790164,0.0,0.0,2026-01-30,0,157,0,high,2495.0,5,Standard,499.0,mid,active
u002242,2026-01-12,7,65.78,3,7,0,0.0,0.0,0.0,0.0,0.0,1,96.6625,5.0,6.75,0.0,2.0,0.0,-0.31948790565640334,-0.399999920000016,0.0,0.0,2026-01-30,1,104,0,medium,2397.0,3,Premium,799.0,high,cancelled
u002269,2026-01-12,7,79.19999999999999,10,11,0,0.0,0.0,0.0,0.0,0.0,1,89.30499999999999,8.5,7.0,0.0,1.0,0.0,-0.11315155799617543,0.1764705674740509,0.0,0.0,2026-01-30,0,241,0,medium,2093.0,7,Basic,299.0,low,active
u002253,2026-01-12,7,261.25,17,28,1,0.0,0.0,0.0,0.0,0.0,1,177.035,13.0,7.0,0.0,1.0,0.0,0.475696893406971,0.3076922840236705,0.0,0.0,2026-01-30,0,209,0,high,2994.0,6,Standard,499.0,mid,active
u000148,2026-01-12,7,0.0,0,0,0,0.0,0.0,0.0,0.0,0.0,0,0.0,0.0,7.0,0.0,0.0,0.0,0.0,0.0,0.0,0.0,2026-01-30,0,212,0,medium,1996.0,4,Standard,499.0,mid,expired
u002254,2026-01-12,7,0.0,0,0,0,0.0,0.0,0.0,0.0,0.0,0,0.0,0.0,6.75,0.0,0.0,0.0,0.0,0.0,0.0,0.0,2026-01-30,0,145,0,low,598.0,2,Basic,299.0,low,cancelled
u000140,2026-01-12,7,75.56,3,9,0,0.0,0.0,0.0,0.0,0.0,1,80.82,4.75,7.0,0.0,1.0,0.0,-0.06508289946692765,-0.3684209750692684,0.0,0.0,2026-01-30,0,161,0,medium,1495.0,5,Basic,299.0,low,active
u000141,2026-01-12,7,58.839999999999996,2,10,0,0.0,0.0,0.0,0.0,0.0,1,39.705,2.0,6.5,0.0,1.0,0.0,0.4819292159191735,0.0,0.0,0.0,2026-01-30,0,24,0,low,299.0,1,Basic,299.0,low,active
u002265,2026-01-12,7,0.0,0,0,0,0.0,0.0,1.0,0.0,0.0,0,3.5725,0.25,6.75,1.0,2.0,1.0,-0.9999997200840531,-0.9999960000160001,0.499999750000125,0.499999750000125,2026-01-30,0,244,0,low,3493.0,7,Standard,499.0,mid,cancelled
u000142,2026-01-12,6,121.19,9,13,0,0.0,0.0,1.0,0.0,0.0,1,87.875,5.5,6.75,0.0,2.0,0.0,0.37911806111956686,0.6363635206611781,0.0,0.0,2026-01-30,0,217,0,medium,2994.0,6,Standard,499.0,mid,active
u002267,2026-01-12,7,35.75,5,3,0,0.0,0.0,0.0,0.0,0.0,1,51.9175,3.5,7.0,0.0,2.0,0.0,-0.31140751555048846,0.42857130612248395,0.0,0.0,2026-01-30,0,99,0,low,897.0,3,Basic,299.0,low,active
u002264,2026-01-12,7,168.23,10,21,0,0.0,0.0,0.0,0.0,0.0,1,128.29500000000002,7.75,7.0,0.0,1.0,0.0,0.31127479394150337,0.290322543184188,0.0,0.0,2026-01-30,0,141,0,high,1996.0,4,Standard,499.0,mid,active
u002263,2026-01-12,7,55.28,3,5,0,0.0,0.0,0.0,0.0,0.0,1,69.635,5.0,6.75,0.0,1.0,0.0,-0.20614633149786274,-0.399999920000016,0.0,0.0,2026-01-30,0,263,0,medium,2392.0,8,Basic,299.0,low,active
u000143,2026-01-12,7,85.47,5,9,0,0.0,0.0,0.0,0.0,0.0,1,127.59250000000002,8.0,7.0,0.0,1.0,0.0,-0.3301330381477514,-0.3749999531250059,0.0,0.0,2026-01-30,0,201,0,high,1794.0,6,Basic,299.0,low,active
u002262,2026-01-12,7,86.1,4,10,0,0.0,0.0,0.0,0.0,0.0,1,69.975,3.5,4.5,0.0,1.0,0.0,0.2304394393649241,0.142857102040828,0.0,0.0,2026-01-30,1,20,0,medium,799.0,1,Premium,799.0,high,cancelled
u002261,2026-01-12,7,0.0,0,0,0,0.0,0.0,0.0,0.0,0.0,0,0.0,0.0,7.0,0.0,0.0,0.0,0.0,0.0,0.0,0.0,2026-01-30,0,265,0,low,0.0,0,Standard,499.0,mid,expired
u000137,2026-01-12,7,272.3,14,23,0,0.0,0.0,0.0,0.0,0.0,1,219.075,13.0,7.0,0.0,1.0,0.0,0.2429533253773671,0.07692307100591762,0.0,0.0,2026-01-30,0,119,0,high,2397.0,3,Premium,799.0,high,active
u002268,2026-01-12,7,176.2,8,13,0,0.0,0.0,0.0,0.0,0.0,1,169.17749999999998,9.0,7.0,0.0,1.0,0.0,0.041509656771676805,-0.11111109876543349,0.0,0.0,2026-01-30,0,88,0,medium,598.0,2,Basic,299.0,low,active
u000145,2026-01-12,6,102.87,5,13,0,1.0,0.0,0.0,0.0,0.0,1,112.005,6.0,4.5,0.0,1.0,0.0,-0.08155885825133818,-0.16666663888889352,0.0,0.0,2026-01-30,0,21,0,high,499.0,1,Standard,499.0,mid,active
u000146,2026-01-12,7,0.0,0,0,0,0.0,0.0,0.0,0.0,0.0,0,55.615,2.75,7.0,0.0,1.0,0.0,-0.9999999820192398,-0.9999996363637685,0.0,0.0,2026-01-30,0,56,0,low,799.0,1,Premium,799.0,high,cancelled
u000139,2026-01-12,7,151.74,7,16,0,0.0,0.0,0.0,0.0,0.0,1,249.34750000000003,16.75,6.75,0.0,1.0,0.0,-0.39145168733814584,-0.582089517487193,0.0,0.0,2026-01-30,0,183,0,high,3995.0,5,Premium,799.0,high,active
u002260,2026-01-12,7,280.34000000000003,20,28,1,0.0,0.0,0.0,0.0,0.0,1,161.60500000000002,10.5,5.0,0.0,1.0,0.0,0.7347235497990561,0.9047618185941125,0.0,0.0,2026-01-30,0,21,0,high,799.0,1,Premium,799.0,high,active
u002259,2026-01-12,7,219.64,16,24,0,0.0,0.0,0.0,0.0,0.0,1,107.055,8.5,7.0,0.0,1.0,0.0,1.0516556811764448,0.8823528373702545,0.0,0.0,2026-01-30,0,270,0,medium,5593.0,7,Premium,799.0,high,active
u000147,2026-01-12,7,0.0,0,0,0,0.0,0.0,0.0,0.0,0.0,0,0.0,0.0,6.5,0.0,0.0,0.0,0.0,0.0,0.0,0.0,2026-01-30,0,262,0,low,2093.0,7,Basic,299.0,low,cancelled
u002258,2026-01-12,7,309.47,13,33,0,0.0,0.0,0.0,0.0,0.0,1,235.39750000000004,12.5,6.75,0.0,1.0,0.0,0.3146698655904592,0.039999996800000256,0.0,0.0,2026-01-30,0,107,0,high,1497.0,3,Standard,499.0,mid,active
u002257,2026-01-12,7,162.76,8,17,0,0.0,0.0,1.0,0.0,0.0,1,131.91,8.25,6.75,0.0,2.0,0.0,0.23387157733400363,-0.03030302662993617,0.0,0.0,2026-01-30,0,71,0,high,998.0,2,Standard,499.0,mid,active
u002256,2026-01-12,7,0.0,0,0,0,0.0,0.0,0.0,0.0,0.0,0,0.0,0.0,7.0,0.0,0.0,0.0,0.0,0.0,0.0,0.0,2026-01-30,0,98,0,low,299.0,1,Basic,299.0,low,cancelled
u002255,2026-01-12,7,15.47,1,1,0,0.0,0.0,1.0,1.0,0.0,1,58.245,4.25,6.75,0.0,1.0,0.0,-0.7343977897777013,-0.7647057024221876,0.0,0.0,2026-01-30,0,196,0,low,1794.0,6,Basic,299.0,low,cancelled
u000144,2026-01-12,6,156.94,11,15,0,0.0,0.0,0.0,0.0,0.0,1,127.09249999999999,8.0,6.5,0.0,1.0,0.0,0.23484863202117656,0.3749999531250059,0.0,0.0,2026-01-30,0,168,0,high,2495.0,5,Standard,499.0,mid,active
u000201,2026-01-12,6,109.09,6,11,0,0.0,0.0,0.0,0.0,0.0,1,125.73,8.25,6.75,0.0,1.0,0.0,-0.13234709192438485,-0.2727272396694255,0.0,0.0,2026-01-30,0,179,0,medium,3995.0,5,Premium,799.0,high,active
u002241,2026-01-12,7,0.0,0,0,0,0.0,0.0,0.0,0.0,0.0,0,0.0,0.0,7.0,0.0,0.0,0.0,0.0,0.0,0.0,0.0,2026-01-30,0,214,0,low,897.0,3,Basic,299.0,low,expired
u002240,2026-01-12,7,74.09,3,8,0,0.0,0.0,0.0,0.0,0.0,1,121.4475,7.5,7.0,1.0,1.0,1.0,-0.38994215286488276,-0.5999999200000107,0.9999990000010001,0.9999990000010001,2026-01-30,0,48,0,medium,0.0,0,Standard,499.0,mid,active
u002224,2026-01-12,7,176.89999999999998,8,14,0,0.0,0.0,0.0,0.0,0.0,1,252.1725,15.25,7.0,0.0,2.0,0.0,-0.2984960679753104,-0.47540980489116036,0.0,0.0,2026-01-30,0,164,0,high,2495.0,5,Standard,499.0,mid,active
u002223,2026-01-12,7,0.0,0,0,0,0.0,0.0,0.0,0.0,0.0,0,0.0,0.0,7.0,0.0,0.0,0.0,0.0,0.0,0.0,0.0,2026-01-30,0,264,0,low,897.0,3,Basic,299.0,low,expired
u000165,2026-01-12,7,48.019999999999996,5,3,0,0.0,0.0,1.0,0.0,0.0,1,100.45,6.5,7.0,0.0,1.0,0.0,-0.5219512143160656,-0.23076919526627765,0.0,0.0,2026-01-30,0,166,0,high,2495.0,5,Standard,499.0,mid,active
u002274,2026-01-12,7,130.98,9,17,0,0.0,0.0,0.0,0.0,0.0,1,171.20499999999998,11.25,6.75,0.0,2.0,0.0,-0.2349522488539923,-0.19999998222222382,0.0,0.0,2026-01-30,1,155,0,high,2495.0,5,Standard,499.0,mid,cancelled
u000166,2026-01-12,7,0.0,0,0,0,0.0,0.0,0.0,0.0,0.0,1,12.43,1.5,7.0,1.0,2.0,1.0,-0.9999999195494836,-0.9999993333337779,0.499999750000125,0.499999750000125,2026-01-30,1,66,0,low,299.0,1,Basic,299.0,low,expired
u002222,2026-01-12,7,0.0,0,0,0,0.0,0.0,0.0,0.0,0.0,0,0.0,0.0,7.0,0.0,0.0,0.0,0.0,0.0,0.0,0.0,2026-01-30,0,232,0,low,1497.0,3,Standard,499.0,mid,cancelled
u000167,2026-01-12,7,134.44,8,10,0,0.0,0.0,2.0,1.0,0.0,1,122.33999999999999,8.75,6.75,0.0,2.0,0.0,0.09890469103396533,-0.08571427591836847,0.0,0.0,2026-01-30,0,190,0,high,1794.0,6,Basic,299.0,low,active
u002221,2026-01-12,7,196.48,13,30,0,0.0,0.0,1.0,0.0,0.0,1,162.535,10.0,5.5,0.0,1.0,0.0,0.20884732390655963,0.299999970000003,0.0,0.0,2026-01-30,0,33,0,high,499.0,1,Standard,499.0,mid,active
u000135,2026-01-12,7,355.96,24,38,1,0.0,0.0,0.0,0.0,0.0,1,210.47,12.5,6.5,0.0,2.0,0.0,0.6912624094110209,0.9199999264000059,0.0,0.0,2026-01-30,0,71,0,high,998.0,2,Standard,499.0,mid,active
u002220,2026-01-12,7,43.05,2,2,0,0.0,0.0,0.0,0.0,0.0,1,154.955,10.25,7.0,0.0,2.0,0.0,-0.7221774016832152,-0.8048779702558079,0.0,0.0,2026-01-30,0,222,0,high,2093.0,7,Basic,299.0,low,active
u000168,2026-01-12,7,0.0,0,0,0,0.0,0.0,0.0,0.0,0.0,0,0.0,0.0,7.0,0.0,0.0,0.0,0.0,0.0,0.0,0.0,2026-01-30,0,229,0,low,0.0,0,Standard,499.0,mid,expired
u002219,2026-01-12,7,124.36999999999999,6,18,0,0.0,0.0,0.0,0.0,0.0,1,192.01508248209905,6.5,7.0,0.0,1.0,0.0,-0.3522904620584424,-0.07692306508875922,0.0,0.0,2026-01-30,0,199,0,high,1794.0,6,Basic,299.0,low,active
u000169,2026-01-12,7,81.55,3,11,0,0.0,0.0,0.0,0.0,0.0,1,98.055,5.75,6.75,0.0,2.0,0.0,-0.1683238981354965,-0.4782607863894284,0.0,0.0,2026-01-30,0,187,0,medium,2495.0,5,Standard,499.0,mid,active
u002218,2026-01-12,7,44.31999999999999,2,6,0,1.0,0.0,1.0,0.0,0.0,1,30.809999999999995,1.5,4.5,0.0,1.0,0.0,0.43849398122382405,0.3333331111112593,0.0,0.0,2026-01-30,0,20,0,low,299.0,1,Basic,299.0,low,active
u002217,2026-01-12,6,0.0,0,0,0,0.0,0.0,0.0,0.0,0.0,0,0.0,0.0,6.5,0.0,0.0,0.0,0.0,0.0,0.0,0.0,2026-01-30,0,157,0,low,0.0,0,Basic,299.0,low,expired
u002216,2026-01-12,7,69.16,10,6,0,0.0,0.0,0.0,0.0,0.0,1,96.6125,7.5,7.0,0.0,1.0,0.0,-0.2841505986890869,0.3333332888888948,0.0,0.0,2026-01-30,0,173,0,medium,1495.0,5,Basic,299.0,low,active
u000170,2026-01-12,7,65.93,2,9,0,0.0,0.0,0.0,0.0,0.0,1,153.0375,9.25,7.0,0.0,1.0,0.0,-0.569190554150515,-0.783783699050411,0.0,0.0,2026-01-30,0,265,0,high,2392.0,8,Basic,299.0,low,active
u002215,2026-01-12,7,52.86,2,6,0,0.0,0.0,1.0,0.0,0.0,1,75.64999999999999,3.75,7.0,0.0,2.0,0.0,-0.30125577922993013,-0.4666665422222554,0.0,0.0,2026-01-30,0,242,0,medium,3992.0,8,Standard,499.0,mid,active
u000171,2026-01-12,7,77.24000000000001,7,9,0,0.0,0.0,0.0,0.0,0.0,1,44.620000000000005,4.5,7.0,0.0,2.0,0.0,0.7310622875154127,0.5555554320987929,0.0,0.0,2026-01-30,0,244,0,medium,2392.0,8,Basic,299.0,low,active
u002275,2026-01-12,7,99.83000000000001,5,16,0,0.0,0.0,0.0,0.0,0.0,1,99.5875,6.0,6.5,0.0,1.0,0.0,0.0024350445343538324,-0.16666663888889352,0.0,0.0,2026-01-30,0,226,0,medium,3493.0,7,Standard,499.0,mid,active
u002214,2026-01-12,7,0.0,0,0,0,0.0,0.0,0.0,0.0,0.0,0,0.0,0.0,6.75,0.0,0.0,0.0,0.0,0.0,0.0,0.0,2026-01-30,0,241,0,low,299.0,1,Basic,299.0,low,cancelled
u000164,2026-01-12,7,81.71000000000001,8,6,0,0.0,0.0,0.0,0.0,0.0,1,114.165,9.0,7.0,0.0,1.0,0.0,-0.2842815198678971,-0.11111109876543349,0.0,0.0,2026-01-30,0,168,0,high,897.0,3,Basic,299.0,low,active
u002225,2026-01-12,7,260.31,16,21,0,0.0,0.0,0.0,0.0,0.0,1,149.615,9.75,7.0,0.0,1.0,0.0,0.7398656502365026,0.6410255752794283,0.0,0.0,2026-01-30,0,170,0,high,3995.0,5,Premium,799.0,high,active
u002226,2026-01-12,7,0.0,0,0,0,0.0,0.0,0.0,0.0,0.0,0,0.0,0.0,7.0,0.0,0.0,0.0,0.0,0.0,0.0,0.0,2026-01-30,0,115,0,low,998.0,2,Standard,499.0,mid,cancelled
u002227,2026-01-12,7,37.370000000000005,3,3,0,0.0,0.0,0.0,0.0,0.0,1,87.0925,4.5,7.0,0.0,1.0,0.0,-0.5709159735807793,-0.3333332592592757,0.0,0.0,2026-01-30,0,50,0,medium,499.0,1,Standard,499.0,mid,active
u002239,2026-01-12,7,289.49,23,31,1,0.0,0.0,0.0,0.0,0.0,1,200.4475,14.0,7.0,0.0,2.0,0.0,0.4442185587536959,0.6428570969387788,0.0,0.0,2026-01-30,0,151,0,high,2495.0,5,Standard,499.0,mid,active
u000157,2026-01-12,7,69.14,2,8,0,0.0,0.0,0.0,0.0,0.0,1,120.10750000000002,8.75,6.75,0.0,1.0,0.0,-0.42434901713590734,-0.7714284832653162,0.0,0.0,2026-01-30,0,239,0,high,2093.0,7,Basic,299.0,low,active
u002238,2026-01-12,7,17.31,1,1,0,0.0,0.0,0.0,0.0,0.0,1,46.6125,3.5,7.0,0.0,1.0,0.0,-0.6286403726759909,-0.7142855102041399,0.0,0.0,2026-01-30,0,203,0,medium,2994.0,6,Standard,499.0,mid,active
u000158,2026-01-12,7,251.77,12,20,0,0.0,0.0,0.0,0.0,0.0,1,201.47250000000003,9.25,7.0,1.0,3.0,1.0,0.24964945464195126,0.29729726515705246,0.33333322222225925,0.33333322222225925,2026-01-30,0,131,0,high,3196.0,4,Premium,799.0,high,active
u002272,2026-01-12,7,141.65,5,13,0,0.0,0.0,0.0,0.0,0.0,1,190.50749999999996,8.75,7.0,0.0,2.0,0.0,-0.2564597180874257,-0.4285713795918424,0.0,0.0,2026-01-30,0,191,0,high,2495.0,5,Standard,499.0,mid,active
u002237,2026-01-12,7,0.0,0,0,0,0.0,0.0,0.0,0.0,0.0,0,0.0,0.0,7.0,0.0,0.0,0.0,0.0,0.0,0.0,0.0,2026-01-30,0,208,0,low,897.0,3,Basic,299.0,low,cancelled
u000159,2026-01-12,7,0.0,0,0,0,0.0,0.0,1.0,0.0,0.0,0,0.0,0.0,7.0,0.0,0.0,0.0,0.0,0.0,0.0,0.0,2026-01-30,0,144,0,low,299.0,1,Basic,299.0,low,cancelled
u002236,2026-01-12,7,0.0,0,0,0,0.0,0.0,1.0,0.0,0.0,0,0.0,0.0,7.0,0.0,0.0,0.0,0.0,0.0,0.0,0.0,2026-01-30,0,72,0,low,0.0,0,Basic,299.0,low,expired
u002235,2026-01-12,7,84.25999999999999,6,7,0,0.0,0.0,1.0,0.0,0.0,1,96.26749999999998,6.0,7.0,0.0,2.0,0.0,-0.12473056717240427,0.0,0.0,0.0,2026-01-30,0,123,0,high,1996.0,4,Standard,499.0,mid,active
u002234,2026-01-12,7,31.43,3,5,0,0.0,0.0,0.0,0.0,0.0,1,67.24249999999999,5.0,7.0,0.0,1.0,0.0,-0.532587269471134,-0.399999920000016,0.0,0.0,2026-01-30,0,236,0,medium,2093.0,7,Basic,299.0,low,active
u000156,2026-01-12,7,121.53,5,14,0,0.0,0.0,1.0,0.0,0.0,1,93.8,5.25,7.0,0.0,1.0,0.0,0.2956289947161089,-0.04761903854875456,0.0,0.0,2026-01-30,0,104,0,medium,998.0,2,Standard,499.0,mid,active
u000160,2026-01-12,7,25.35,1,1,0,0.0,0.0,1.0,0.0,0.0,0,83.89999999999999,5.25,7.0,0.0,1.0,0.0,-0.6978545804784912,-0.8095236553288275,0.0,0.0,2026-01-30,0,74,0,medium,998.0,2,Standard,499.0,mid,cancelled
u000161,2026-01-12,7,63.08,7,10,0,1.0,0.0,0.0,0.0,0.0,1,62.629999999999995,4.5,4.5,0.0,1.0,0.0,0.00718505497070011,0.5555554320987929,0.0,0.0,2026-01-30,0,20,0,medium,499.0,1,Standard,499.0,mid,active
u002233,2026-01-12,7,98.94,5,7,0,0.0,0.0,0.0,0.0,0.0,1,122.38,6.0,6.0,1.0,2.0,1.0,-0.19153456290623824,-0.16666663888889352,0.499999750000125,0.499999750000125,2026-01-30,0,35,0,high,499.0,1,Standard,499.0,mid,active
u002232,2026-01-12,7,0.0,0,0,0,0.0,0.0,0.0,0.0,0.0,0,0.0,0.0,7.0,0.0,0.0,0.0,0.0,0.0,0.0,0.0,2026-01-30,0,253,0,low,0.0,0,Basic,299.0,low,expired
u000162,2026-01-12,7,0.0,0,0,0,0.0,0.0,0.0,0.0,0.0,0,0.0,0.0,7.0,0.0,0.0,0.0,0.0,0.0,0.0,0.0,2026-01-30,0,104,0,low,499.0,1,Standard,499.0,mid,cancelled
u002231,2026-01-12,7,106.87,8,11,0,0.0,0.0,0.0,0.0,0.0,1,125.315,7.0,7.0,0.0,1.0,0.0,-0.14718908233500308,0.1428571224489825,0.0,0.0,2026-01-30,0,112,0,high,1497.0,3,Standard,499.0,mid,active
u002230,2026-01-12,7,52.07,4,6,0,0.0,0.0,0.0,0.0,0.0,1,78.685,4.5,6.5,0.0,1.0,0.0,-0.3382474380346008,-0.11111108641975857,0.0,0.0,2026-01-30,0,24,0,high,499.0,1,Standard,499.0,mid,active
u002229,2026-01-12,6,76.96000000000001,5,11,0,0.0,0.0,0.0,0.0,0.0,1,54.56000000000001,3.0,6.5,0.0,1.0,0.0,0.4105571772258581,0.6666664444445185,0.0,0.0,2026-01-30,0,198,0,medium,1794.0,6,Basic,299.0,low,active
u002273,2026-01-12,7,70.75,7,8,0,0.0,0.0,0.0,0.0,0.0,1,63.525,4.0,7.0,0.0,1.0,0.0,0.11373474830799297,0.7499998125000469,0.0,0.0,2026-01-30,0,196,0,low,1794.0,6,Basic,299.0,low,active
u000163,2026-01-12,7,164.87,11,14,0,0.0,0.0,0.0,0.0,0.0,1,135.55,8.75,7.0,0.0,1.0,0.0,0.21630394528731867,0.25714282775510544,0.0,0.0,2026-01-30,0,168,0,high,3196.0,4,Premium,799.0,high,active
u002228,2026-01-12,7,20.66,2,4,0,0.0,0.0,1.0,1.0,0.0,1,49.1125,4.0,6.25,0.0,1.0,0.0,-0.5793331518588313,-0.49999987500003124,0.0,0.0,2026-01-30,0,36,0,low,499.0,1,Standard,499.0,mid,active
u000136,2026-01-12,7,0.0,0,0,0,0.0,0.0,0.0,0.0,0.0,0,0.0,0.0,7.0,0.0,0.0,0.0,0.0,0.0,0.0,0.0,2026-01-30,0,194,0,low,299.0,1,Basic,299.0,low,expired
u002036,2026-01-12,7,271.43,9,26,0,0.0,0.0,0.0,0.0,0.0,1,192.87,9.75,7.0,0.0,1.0,0.0,0.4073209913033598,-0.07692306903353138,0.0,0.0,2026-01-30,0,58,0,high,299.0,1,Basic,299.0,low,active
u002155,2026-01-12,6,106.52000000000001,7,12,0,0.0,0.0,0.0,0.0,0.0,1,98.265,6.5,6.75,0.0,2.0,0.0,0.08400752980198932,0.07692306508875922,0.0,0.0,2026-01-30,0,94,0,medium,1497.0,3,Standard,499.0,mid,active
u000202,2026-01-12,7,378.44,23,36,1,0.0,0.0,0.0,0.0,0.0,1,186.08249999999998,10.0,6.75,0.0,1.0,0.0,1.0337215964224387,1.299999870000013,0.0,0.0,2026-01-30,0,42,0,high,499.0,1,Standard,499.0,mid,active
u000236,2026-01-12,7,0.0,0,0,0,0.0,0.0,0.0,0.0,0.0,0,0.0,0.0,7.0,0.0,0.0,0.0,0.0,0.0,0.0,0.0,2026-01-30,0,90,0,low,299.0,1,Basic,299.0,low,cancelled
u002079,2026-01-12,7,94.34,4,11,0,0.0,0.0,1.0,0.0,0.0,1,93.1825,6.0,7.0,0.0,1.0,0.0,0.012421860194544455,-0.33333327777778704,0.0,0.0,2026-01-30,0,206,0,medium,4794.0,6,Premium,799.0,high,active
u002299,2026-01-12,6,17.28,1,1,0,0.0,0.0,0.0,0.0,0.0,1,79.14500000000001,5.25,6.75,0.0,2.0,0.0,-0.7816665514983063,-0.8095236553288275,0.0,0.0,2026-01-30,0,215,0,low,2093.0,7,Basic,299.0,low,active
u000237,2026-01-12,7,53.510000000000005,4,6,0,0.0,0.0,1.0,0.0,0.0,1,59.69,5.25,7.0,0.0,1.0,0.0,-0.1035349287395722,-0.2380951927437728,0.0,0.0,2026-01-30,0,104,0,medium,897.0,3,Basic,299.0,low,active
u002078,2026-01-12,7,0.0,0,0,0,0.0,0.0,0.0,0.0,0.0,0,0.0,0.0,7.0,0.0,0.0,0.0,0.0,0.0,0.0,0.0,2026-01-30,0,160,0,low,598.0,2,Basic,299.0,low,cancelled
u002300,2026-01-12,7,116.71,6,11,0,0.0,0.0,0.0,0.0,0.0,1,107.0825,6.75,7.0,0.0,1.0,0.0,0.08990731361420105,-0.1111110946502082,0.0,0.0,2026-01-30,0,46,0,high,499.0,1,Standard,499.0,mid,active
u000123,2026-01-12,7,100.61,10,11,0,0.0,0.0,0.0,0.0,0.0,1,70.275,5.25,7.0,1.0,2.0,1.0,0.43166132434491167,0.9047617324263366,0.499999750000125,0.499999750000125,2026-01-30,0,106,0,medium,897.0,3,Basic,299.0,low,active
u002077,2026-01-12,7,93.0,4,6,0,0.0,0.0,0.0,0.0,0.0,1,112.5575,5.75,7.0,0.0,1.0,0.0,-0.17375563446455697,-0.30434777315690903,0.0,0.0,2026-01-30,0,154,0,high,1196.0,4,Basic,299.0,low,active
u000238,2026-01-12,7,97.34,10,8,0,0.0,0.0,0.0,0.0,0.0,1,111.2475,9.25,7.0,1.0,3.0,1.0,-0.12501404413569703,0.08108107231555976,0.33333322222225925,0.33333322222225925,2026-01-30,0,162,0,medium,2495.0,5,Standard,499.0,mid,active
u002076,2026-01-12,7,75.03,8,7,0,0.0,0.0,0.0,0.0,0.0,1,70.44,4.5,7.0,0.0,1.0,0.0,0.06516183893864516,0.7777776049383099,0.0,0.0,2026-01-30,0,168,0,medium,1495.0,5,Basic,299.0,low,active
u002075,2026-01-12,7,86.08,8,11,0,0.0,0.0,0.0,0.0,0.0,1,62.69499999999999,5.0,7.0,0.0,2.0,0.0,0.37299624574533474,0.599999880000024,0.0,0.0,2026-01-30,0,96,0,low,897.0,3,Basic,299.0,low,active
u002074,2026-01-12,7,64.1,3,5,0,0.0,0.0,0.0,0.0,0.0,1,48.25,3.75,6.75,0.0,1.0,0.0,0.32849740251818843,-0.1999999466666809,0.0,0.0,2026-01-30,0,185,0,medium,1495.0,5,Basic,299.0,low,active
u000239,2026-01-12,7,181.38,10,15,1,0.0,0.0,0.0,0.0,0.0,1,208.7375,13.75,7.0,0.0,1.0,0.0,-0.1310617395960873,-0.27272725289256344,0.0,0.0,2026-01-30,0,193,0,high,2495.0,5,Standard,499.0,mid,cancelled
u002073,2026-01-12,7,32.96,3,3,0,0.0,0.0,0.0,0.0,0.0,0,52.2275,3.25,7.0,0.0,1.0,0.0,-0.3689148366489907,-0.07692305325444515,0.0,0.0,2026-01-30,0,169,0,medium,1495.0,5,Basic,299.0,low,cancelled
u000240,2026-01-12,7,170.7,4,15,0,0.0,0.0,0.0,0.0,0.0,1,200.875,12.5,7.0,0.0,1.0,0.0,-0.15021779638970612,-0.6799999456000044,0.0,0.0,2026-01-30,0,113,0,high,2397.0,3,Premium,799.0,high,active
u002072,2026-01-12,7,50.5,4,3,0,0.0,0.0,0.0,0.0,0.0,1,54.997499999999995,4.0,7.0,0.0,1.0,0.0,-0.08177644289692355,0.0,0.0,0.0,2026-01-30,0,108,0,medium,897.0,3,Basic,299.0,low,active
u002071,2026-01-12,7,29.68,3,4,0,0.0,0.0,1.0,1.0,0.0,1,51.4075,3.0,6.75,1.0,2.0,1.0,-0.42265232849968726,0.0,0.499999750000125,0.499999750000125,2026-01-30,0,223,0,medium,2093.0,7,Basic,299.0,low,active
u000241,2026-01-12,7,0.0,0,0,0,0.0,0.0,1.0,0.0,0.0,0,73.85249999999999,5.0,7.0,1.0,1.0,1.0,-0.9999999864594972,-0.99999980000004,0.9999990000010001,0.9999990000010001,2026-01-30,0,235,0,high,4794.0,6,Premium,799.0,high,expired
u002070,2026-01-12,7,38.74,3,5,0,0.0,0.0,0.0,0.0,0.0,1,147.7875,9.25,7.0,0.0,1.0,0.0,-0.7378668646680749,-0.6756756026296646,0.0,0.0,2026-01-30,0,165,0,medium,1996.0,4,Standard,499.0,mid,active
u002069,2026-01-12,7,0.0,0,0,0,0.0,0.0,0.0,0.0,0.0,0,0.0,0.0,7.0,0.0,0.0,0.0,0.0,0.0,0.0,0.0,2026-01-30,0,188,0,low,897.0,3,Basic,299.0,low,expired
u002301,2026-01-12,6,0.0,0,0,0,0.0,0.0,1.0,0.0,0.0,0,0.0,0.0,6.75,0.0,0.0,0.0,0.0,0.0,0.0,0.0,2026-01-30,0,203,0,medium,2495.0,5,Standard,499.0,mid,cancelled
u002080,2026-01-12,7,189.47,10,17,0,0.0,0.0,0.0,0.0,0.0,1,151.1275,8.0,7.0,0.0,1.0,0.0,0.25370961437389217,0.24999996875000394,0.0,0.0,2026-01-30,0,239,0,medium,3493.0,7,Standard,499.0,mid,active
u000122,2026-01-12,6,32.36,2,4,0,0.0,0.0,0.0,0.0,0.0,1,53.94,4.5,6.75,0.0,2.0,0.0,-0.4000741490531304,-0.5555554320987929,0.0,0.0,2026-01-30,0,103,0,low,897.0,3,Basic,299.0,low,active
u002081,2026-01-12,7,47.46,3,3,0,0.0,0.0,0.0,0.0,0.0,1,110.6725,6.75,6.75,0.0,1.0,0.0,-0.571167177291855,-0.555555473251041,0.0,0.0,2026-01-30,0,63,0,medium,499.0,1,Standard,499.0,mid,active
u002082,2026-01-12,7,0.0,0,0,0,0.0,0.0,0.0,0.0,0.0,1,48.3275,3.0,6.75,0.0,2.0,0.0,-0.999999979307848,-0.9999996666667778,0.0,0.0,2026-01-30,0,247,0,low,2093.0,7,Basic,299.0,low,active
u002297,2026-01-12,7,142.36,4,12,0,0.0,0.0,0.0,0.0,0.0,1,194.5425,12.75,7.0,0.0,1.0,0.0,-0.26823187597449455,-0.686274455978474,0.0,0.0,2026-01-30,0,228,0,high,2994.0,6,Standard,499.0,mid,active
u000125,2026-01-12,7,147.07,8,13,0,0.0,0.0,0.0,0.0,0.0,1,241.8025,13.25,6.75,0.0,1.0,0.0,-0.3917763447781709,-0.3962263851904615,0.0,0.0,2026-01-30,0,56,0,high,799.0,1,Premium,799.0,high,active
u002093,2026-01-12,7,0.0,0,0,0,0.0,0.0,0.0,0.0,0.0,1,19.4225,1.25,7.0,1.0,2.0,1.0,-0.9999999485133247,-0.99999920000064,0.499999750000125,0.499999750000125,2026-01-30,1,68,0,low,299.0,1,Basic,299.0,low,expired
u002092,2026-01-12,7,72.09,7,6,0,0.0,0.0,1.0,1.0,0.0,1,46.905,3.5,7.0,1.0,2.0,1.0,0.5369363492818175,0.9999997142857959,0.499999750000125,0.499999750000125,2026-01-30,0,189,0,medium,1495.0,5,Basic,299.0,low,active
u000229,2026-01-12,7,131.46,6,15,0,0.0,0.0,0.0,0.0,0.0,1,132.05,7.25,7.0,0.0,2.0,0.0,-0.004468004509897757,-0.1724137693222387,0.0,0.0,2026-01-30,0,133,0,high,1196.0,4,Basic,299.0,low,active
u002091,2026-01-12,7,44.93,3,5,0,0.0,0.0,1.0,0.0,0.0,1,74.56,6.0,7.0,0.0,1.0,0.0,-0.3973980633396183,-0.49999991666668053,0.0,0.0,2026-01-30,0,48,0,medium,299.0,1,Basic,299.0,low,active
u002090,2026-01-12,7,20.93,1,1,0,0.0,0.0,0.0,0.0,0.0,1,50.667500000000004,2.75,7.0,0.0,1.0,0.0,-0.5869146773194913,-0.6363634049587618,0.0,0.0,2026-01-30,0,266,0,low,2392.0,8,Basic,299.0,low,active
u000230,2026-01-12,6,0.0,0,0,0,0.0,0.0,0.0,0.0,0.0,0,0.0,0.0,6.75,0.0,0.0,0.0,0.0,0.0,0.0,0.0,2026-01-30,0,226,0,medium,1996.0,4,Standard,499.0,mid,cancelled
u002089,2026-01-12,7,90.41,4,10,0,0.0,0.0,0.0,0.0,0.0,1,91.805,4.25,6.75,0.0,1.0,0.0,-0.015195250637816671,-0.05882351557093751,0.0,0.0,2026-01-30,0,194,0,medium,2994.0,6,Standard,499.0,mid,active
u000231,2026-01-12,7,0.0,0,0,0,0.0,0.0,0.0,0.0,0.0,0,0.0,0.0,7.0,0.0,0.0,0.0,0.0,0.0,0.0,0.0,2026-01-30,0,154,0,low,299.0,1,Basic,299.0,low,cancelled
u002088,2026-01-12,7,218.26,8,15,0,0.0,0.0,0.0,0.0,0.0,1,205.93,11.0,7.0,0.0,1.0,0.0,0.059874714418128826,-0.2727272479338866,0.0,0.0,2026-01-30,0,104,0,high,897.0,3,Basic,299.0,low,active
u002298,2026-01-12,7,0.0,0,0,0,0.0,0.0,0.0,0.0,0.0,0,0.0,0.0,7.0,0.0,0.0,0.0,0.0,0.0,0.0,0.0,2026-01-30,0,147,0,low,598.0,2,Basic,299.0,low,cancelled
u002087,2026-01-12,7,297.65,12,31,1,0.0,0.0,0.0,0.0,0.0,1,235.89,12.0,7.0,0.0,1.0,0.0,0.2618169474678157,0.0,0.0,0.0,2026-01-30,0,87,0,high,1598.0,2,Premium,799.0,high,active
u000124,2026-01-12,7,35.51,5,7,0,0.0,0.0,0.0,0.0,0.0,1,26.3675,2.75,7.0,0.0,1.0,0.0,0.3467336551916694,0.8181815206612651,0.0,0.0,2026-01-30,0,152,0,low,1196.0,4,Basic,299.0,low,active
u002086,2026-01-12,7,9.27,3,1,0,0.0,0.0,1.0,0.0,0.0,1,38.92999999999999,3.0,7.0,0.0,1.0,0.0,-0.7618802784001983,0.0,0.0,0.0,2026-01-30,0,106,0,medium,897.0,3,Basic,299.0,low,active
u002085,2026-01-12,6,157.95999999999998,13,17,0,0.0,0.0,0.0,0.0,0.0,1,162.235,10.0,6.75,1.0,2.0,1.0,-0.026350663997592196,0.299999970000003,0.499999750000125,0.499999750000125,2026-01-30,0,238,0,high,2093.0,7,Basic,299.0,low,active
u000232,2026-01-12,7,228.14999999999998,10,29,0,0.0,0.0,0.0,0.0,0.0,1,135.82999999999998,7.5,7.0,1.0,1.0,1.0,0.6796731158089294,0.3333332888888948,0.9999990000010001,0.9999990000010001,2026-01-30,0,55,0,high,0.0,0,Premium,799.0,high,active
u002084,2026-01-12,7,140.54,12,23,0,0.0,0.0,1.0,0.0,0.0,1,130.1225,9.75,7.0,0.0,2.0,0.0,0.08005917439290526,0.23076920710059415,0.0,0.0,2026-01-30,0,103,0,high,897.0,3,Basic,299.0,low,active
u002083,2026-01-12,7,0.0,0,0,0,0.0,0.0,0.0,0.0,0.0,0,0.0,0.0,7.0,0.0,0.0,0.0,0.0,0.0,0.0,0.0,2026-01-30,0,189,0,low,299.0,1,Basic,299.0,low,cancelled
u000233,2026-01-12,7,0.0,0,0,0,0.0,0.0,0.0,0.0,0.0,0,0.0,0.0,7.0,0.0,0.0,0.0,0.0,0.0,0.0,0.0,2026-01-30,0,266,0,low,1196.0,4,Basic,299.0,low,cancelled
u000234,2026-01-12,6,0.0,0,0,0,0.0,0.0,0.0,0.0,0.0,0,18.674999999999997,2.25,6.75,0.0,1.0,0.0,-0.9999999464524794,-0.999999555555753,0.0,0.0,2026-01-30,0,80,0,low,598.0,2,Basic,299.0,low,cancelled
u000235,2026-01-12,7,80.24,4,3,0,0.0,0.0,0.0,0.0,0.0,1,37.425,2.25,7.0,0.0,1.0,0.0,1.1440213455171317,0.777777432098919,0.0,0.0,2026-01-30,0,147,0,medium,1497.0,3,Standard,499.0,mid,active
u000242,2026-01-12,7,0.0,0,0,0,0.0,0.0,0.0,0.0,0.0,0,0.0,0.0,7.0,0.0,0.0,0.0,0.0,0.0,0.0,0.0,2026-01-30,0,124,0,low,299.0,1,Basic,299.0,low,expired
u002068,2026-01-12,7,46.6,4,12,0,0.0,0.0,0.0,0.0,0.0,1,52.644999999999996,3.75,7.0,0.0,1.0,0.0,-0.11482571726040988,0.06666664888889362,0.0,0.0,2026-01-30,0,43,0,medium,299.0,1,Basic,299.0,low,active
u002067,2026-01-12,7,63.97,8,7,0,0.0,0.0,0.0,0.0,0.0,1,54.775,5.5,7.0,0.0,1.0,0.0,0.16786855010737473,0.4545453719008415,0.0,0.0,2026-01-30,0,88,0,low,998.0,2,Standard,499.0,mid,active
u002305,2026-01-12,7,31.45,4,1,0,0.0,0.0,0.0,0.0,0.0,1,47.84,4.5,7.0,0.0,1.0,0.0,-0.3426003272867825,-0.11111108641975857,0.0,0.0,2026-01-30,1,41,0,low,499.0,1,Standard,499.0,mid,cancelled
u000249,2026-01-12,7,25.41,2,6,0,0.0,0.0,0.0,0.0,0.0,1,30.987499999999997,3.25,7.0,0.0,2.0,0.0,-0.1799919264222048,-0.38461526627222575,0.0,0.0,2026-01-30,0,73,0,low,598.0,2,Basic,299.0,low,active
u002050,2026-01-12,7,127.8,10,17,0,0.0,0.0,0.0,0.0,0.0,1,139.755,9.0,7.0,0.0,2.0,0.0,-0.08554255600484736,0.11111109876543349,0.0,0.0,2026-01-30,0,105,0,high,2397.0,3,Premium,799.0,high,active
u002049,2026-01-12,7,97.91,5,11,0,0.0,0.0,0.0,0.0,0.0,1,178.555,9.5,7.0,0.0,1.0,0.0,-0.45165354959730314,-0.4736841606648252,0.0,0.0,2026-01-30,0,82,0,high,998.0,2,Standard,499.0,mid,active
u002048,2026-01-12,7,196.56,12,29,0,0.0,0.0,0.0,0.0,0.0,1,270.92,15.0,7.0,0.0,1.0,0.0,-0.2744721678928386,-0.19999998666666757,0.0,0.0,2026-01-30,0,137,0,high,3196.0,4,Premium,799.0,high,active
u002047,2026-01-12,7,87.03,5,5,0,0.0,0.0,0.0,0.0,0.0,1,115.5275,7.25,7.0,0.0,2.0,0.0,-0.2466728679606772,-0.3103447847800297,0.0,0.0,2026-01-30,0,157,0,high,2495.0,5,Standard,499.0,mid,active
u000250,2026-01-12,7,0.0,0,0,0,0.0,0.0,0.0,0.0,0.0,0,0.0,0.0,6.75,0.0,0.0,0.0,0.0,0.0,0.0,0.0,2026-01-30,0,260,0,low,0.0,0,Standard,499.0,mid,expired
u000120,2026-01-12,7,47.28,3,6,0,0.0,0.0,0.0,0.0,0.0,1,147.10000000000002,10.0,7.0,0.0,1.0,0.0,-0.6785859913080491,-0.699999930000007,0.0,0.0,2026-01-30,0,242,0,high,2093.0,7,Basic,299.0,low,active
u002046,2026-01-12,7,200.37,8,27,0,1.0,0.0,0.0,0.0,0.0,1,116.51,5.0,5.5,0.0,1.0,0.0,0.7197665374665991,0.599999880000024,0.0,0.0,2026-01-30,0,22,0,medium,499.0,1,Standard,499.0,mid,active
u002045,2026-01-12,7,94.58,6,10,0,0.0,0.0,0.0,0.0,0.0,1,92.14,6.0,7.0,0.0,1.0,0.0,0.026481440997596667,0.0,0.0,0.0,2026-01-30,0,201,0,medium,1794.0,6,Basic,299.0,low,active
u000251,2026-01-12,7,55.03,5,4,0,0.0,0.0,0.0,0.0,0.0,1,74.97749999999999,5.5,7.0,0.0,1.0,0.0,-0.26604647706249895,-0.09090907438016829,0.0,0.0,2026-01-30,0,225,0,high,3493.0,7,Standard,499.0,mid,active
u002044,2026-01-12,7,74.37,5,14,0,0.0,0.0,0.0,0.0,0.0,1,80.2625,6.0,7.0,1.0,2.0,1.0,-0.07341535494888202,-0.16666663888889352,0.499999750000125,0.499999750000125,2026-01-30,0,82,0,medium,598.0,2,Basic,299.0,low,active
u002043,2026-01-12,7,106.34,10,7,0,0.0,0.0,0.0,0.0,0.0,1,65.49000000000001,7.0,6.75,0.0,1.0,0.0,0.6237593430484142,0.4285713673469475,0.0,0.0,2026-01-30,0,83,0,low,998.0,2,Standard,499.0,mid,active
u002042,2026-01-12,7,18.93,1,2,0,0.0,0.0,0.0,0.0,0.0,0,114.0825,8.5,7.0,0.0,1.0,0.0,-0.8340674438755512,-0.8823528373702545,0.0,0.0,2026-01-30,0,46,0,medium,799.0,1,Premium,799.0,high,cancelled
u002041,2026-01-12,7,60.3,5,9,0,0.0,0.0,0.0,0.0,0.0,1,145.39249999999998,8.5,6.75,0.0,1.0,0.0,-0.5852605836940654,-0.4117646574394521,0.0,0.0,2026-01-30,0,198,0,high,2994.0,6,Standard,499.0,mid,active
u002306,2026-01-12,7,0.0,0,0,0,0.0,0.0,0.0,0.0,0.0,0,0.0,0.0,7.0,0.0,0.0,0.0,0.0,0.0,0.0,0.0,2026-01-30,0,246,0,low,897.0,3,Basic,299.0,low,cancelled
u002040,2026-01-12,7,142.56,10,19,1,0.0,0.0,0.0,0.0,0.0,1,105.27250000000001,7.0,7.0,0.0,2.0,0.0,0.3541998114018398,0.4285713673469475,0.0,0.0,2026-01-30,0,158,0,medium,3995.0,5,Premium,799.0,high,active
u000252,2026-01-12,7,106.27,7,13,0,0.0,0.0,0.0,0.0,0.0,1,79.62499999999999,5.75,7.0,0.0,1.0,0.0,0.33463107899992384,0.2173912665406493,0.0,0.0,2026-01-30,0,147,0,medium,1196.0,4,Basic,299.0,low,active
u002039,2026-01-12,6,94.87,5,8,0,0.0,0.0,0.0,0.0,0.0,1,83.36000000000001,5.0,5.5,0.0,1.0,0.0,0.13807581408258368,0.0,0.0,0.0,2026-01-30,1,23,0,medium,499.0,1,Standard,499.0,mid,cancelled
u002038,2026-01-12,7,0.0,0,0,0,0.0,0.0,0.0,0.0,0.0,0,0.0,0.0,6.75,0.0,0.0,0.0,0.0,0.0,0.0,0.0,2026-01-30,0,260,0,medium,3493.0,7,Standard,499.0,mid,cancelled
u000253,2026-01-12,7,228.18,17,22,1,0.0,0.0,0.0,0.0,0.0,1,230.8475,14.75,7.0,0.0,1.0,0.0,-0.011555247461829746,0.15254236253950085,0.0,0.0,2026-01-30,0,223,0,high,3493.0,7,Standard,499.0,mid,active
u002051,2026-01-12,7,63.15,3,3,0,0.0,0.0,0.0,0.0,0.0,1,109.64999999999999,7.5,7.0,0.0,1.0,0.0,-0.4240766035195932,-0.5999999200000107,0.0,0.0,2026-01-30,0,227,0,high,1794.0,6,Basic,299.0,low,active
u000248,2026-01-12,7,158.70000000000002,7,26,0,0.0,0.0,0.0,0.0,0.0,1,154.1525,8.75,7.0,0.0,1.0,0.0,0.029500007917484347,-0.19999997714285978,0.0,0.0,2026-01-30,0,166,0,high,2495.0,5,Standard,499.0,mid,active
u002304,2026-01-12,6,35.74,2,5,0,0.0,0.0,0.0,0.0,0.0,1,69.37209864298055,3.75,6.75,1.0,1.0,1.0,-0.4848072757789684,-0.4666665422222554,0.9999990000010001,0.9999990000010001,2026-01-30,0,50,0,low,0.0,0,Basic,299.0,low,active
u002052,2026-01-12,7,249.04000000000002,14,16,1,0.0,0.0,0.0,0.0,0.0,1,187.93249999999998,12.5,6.75,0.0,1.0,0.0,0.32515663695658503,0.11999999040000077,0.0,0.0,2026-01-30,0,195,0,high,2994.0,6,Standard,499.0,mid,active
u002066,2026-01-12,7,0.0,0,0,0,0.0,0.0,0.0,0.0,0.0,0,0.0,0.0,6.5,0.0,0.0,0.0,0.0,0.0,0.0,0.0,2026-01-30,0,143,0,low,299.0,1,Basic,299.0,low,cancelled
u002065,2026-01-12,7,0.0,0,0,0,0.0,0.0,0.0,0.0,0.0,0,0.0,0.0,6.75,0.0,0.0,0.0,0.0,0.0,0.0,0.0,2026-01-30,0,123,0,medium,998.0,2,Standard,499.0,mid,cancelled
u002064,2026-01-12,7,0.0,0,0,0,0.0,0.0,0.0,0.0,0.0,0,0.0,0.0,7.0,0.0,0.0,0.0,0.0,0.0,0.0,0.0,2026-01-30,0,90,0,low,0.0,0,Basic,299.0,low,expired
u002063,2026-01-12,7,89.4,6,10,0,0.0,0.0,0.0,0.0,0.0,1,107.25500000000001,8.5,7.0,0.0,1.0,0.0,-0.16647242397582937,-0.2941176124567515,0.0,0.0,2026-01-30,0,233,0,high,3493.0,7,Standard,499.0,mid,active
u000243,2026-01-12,7,0.0,0,0,0,0.0,0.0,0.0,0.0,0.0,0,0.0,0.0,7.0,0.0,0.0,0.0,0.0,0.0,0.0,0.0,2026-01-30,0,247,0,low,2495.0,5,Standard,499.0,mid,cancelled
u000244,2026-01-12,7,0.0,0,0,0,0.0,0.0,0.0,0.0,0.0,0,0.0,0.0,7.0,0.0,0.0,0.0,0.0,0.0,0.0,0.0,2026-01-30,0,107,0,low,598.0,2,Basic,299.0,low,cancelled
u002062,2026-01-12,7,0.0,0,0,0,0.0,0.0,0.0,0.0,0.0,0,0.0,0.0,7.0,0.0,0.0,0.0,0.0,0.0,0.0,0.0,2026-01-30,0,129,0,low,299.0,1,Basic,299.0,low,cancelled
u002061,2026-01-12,7,123.50999999999999,10,9,0,0.0,0.0,0.0,0.0,0.0,1,192.95499999999998,12.75,7.0,0.0,1.0,0.0,-0.3599025660910442,-0.2156862575932347,0.0,0.0,2026-01-30,0,46,0,high,299.0,1,Basic,299.0,low,active
u002060,2026-01-12,7,171.88,11,19,0,0.0,0.0,0.0,0.0,0.0,1,131.185,9.25,7.0,0.0,1.0,0.0,0.3102107686838375,0.1891891687363061,0.0,0.0,2026-01-30,0,169,0,high,2495.0,5,Standard,499.0,mid,active
u002059,2026-01-12,7,0.0,0,0,0,0.0,0.0,1.0,0.0,0.0,0,0.0,0.0,6.75,0.0,0.0,0.0,0.0,0.0,0.0,0.0,2026-01-30,0,172,0,low,897.0,3,Basic,299.0,low,expired
u000228,2026-01-12,7,0.0,0,0,0,0.0,0.0,0.0,0.0,0.0,0,0.0,0.0,6.75,0.0,0.0,0.0,0.0,0.0,0.0,0.0,2026-01-30,0,125,0,low,299.0,1,Basic,299.0,low,expired
u002302,2026-01-12,7,91.75,6,14,0,0.0,0.0,0.0,0.0,0.0,1,115.3125,7.25,7.0,0.0,1.0,0.0,-0.20433604158841373,-0.1724137693222387,0.0,0.0,2026-01-30,0,234,0,high,1794.0,6,Basic,299.0,low,active
u000245,2026-01-12,7,33.370000000000005,3,8,0,0.0,0.0,0.0,0.0,0.0,1,44.760000000000005,3.25,7.0,0.0,1.0,0.0,-0.25446826956058377,-0.07692305325444515,0.0,0.0,2026-01-30,0,113,0,low,1497.0,3,Standard,499.0,mid,active
u002058,2026-01-12,7,205.71,15,16,0,0.0,0.0,0.0,0.0,0.0,1,81.42500000000001,5.25,7.0,0.0,1.0,0.0,1.5263739450245752,1.857142503401428,0.0,0.0,2026-01-30,0,85,0,medium,598.0,2,Basic,299.0,low,active
u002057,2026-01-12,7,259.01,14,24,1,0.0,0.0,0.0,0.0,0.0,1,241.03499999999997,13.75,7.0,0.0,1.0,0.0,0.07457423164862279,0.018181816859504228,0.0,0.0,2026-01-30,0,86,0,high,998.0,2,Standard,499.0,mid,active
u002056,2026-01-12,6,182.09,14,18,1,0.0,0.0,0.0,0.0,0.0,1,174.6875,11.75,6.5,0.0,1.0,0.0,0.04237567059820727,0.1914893454051621,0.0,0.0,2026-01-30,0,179,0,high,2495.0,5,Standard,499.0,mid,active
u000246,2026-01-12,7,0.0,0,0,0,0.0,0.0,0.0,0.0,0.0,0,0.0,0.0,6.75,0.0,0.0,0.0,0.0,0.0,0.0,0.0,2026-01-30,0,249,0,low,897.0,3,Basic,299.0,low,expired
u002055,2026-01-12,7,140.26,6,14,0,0.0,0.0,0.0,0.0,0.0,1,110.53500000000001,6.25,7.0,0.0,1.0,0.0,0.26891934438033777,-0.039999993600001026,0.0,0.0,2026-01-30,0,91,0,medium,598.0,2,Basic,299.0,low,active
u002054,2026-01-12,7,72.74000000000001,3,3,0,0.0,0.0,0.0,0.0,0.0,1,67.665,4.75,5.5,0.0,1.0,0.0,0.07500184622771235,-0.3684209750692684,0.0,0.0,2026-01-30,1,33,0,medium,499.0,1,Standard,499.0,mid,cancelled
u002053,2026-01-12,7,13.77,5,1,0,0.0,0.0,0.0,0.0,0.0,1,99.7175,7.5,6.75,0.0,1.0,0.0,-0.8619098868111427,-0.3333332888888948,0.0,0.0,2026-01-30,0,180,0,medium,3995.0,5,Premium,799.0,high,active
u002303,2026-01-12,7,331.28,18,34,1,0.0,0.0,0.0,0.0,0.0,1,147.5475,8.75,6.75,0.0,2.0,0.0,1.2452430488809156,1.0571427363265444,0.0,0.0,2026-01-30,0,127,0,medium,1996.0,4,Standard,499.0,mid,active
u000247,2026-01-12,7,0.0,0,0,0,0.0,0.0,0.0,0.0,0.0,0,66.5925,3.25,7.0,0.0,1.0,0.0,-0.9999999849832942,-0.999999692307787,0.0,0.0,2026-01-30,0,80,0,low,299.0,1,Basic,299.0,low,cancelled
u000121,2026-01-12,7,60.34,3,6,0,0.0,0.0,1.0,0.0,0.0,1,62.745000000000005,5.75,7.0,0.0,2.0,0.0,-0.03832974677934902,-0.4782607863894284,0.0,0.0,2026-01-30,0,160,0,low,1495.0,5,Basic,299.0,low,active
u002094,2026-01-12,7,88.73,5,10,0,0.0,0.0,0.0,0.0,0.0,1,138.88250000000002,8.5,6.75,0.0,2.0,0.0,-0.3611146086719738,-0.4117646574394521,0.0,0.0,2026-01-30,0,221,0,medium,1794.0,6,Basic,299.0,low,active
u000227,2026-01-12,7,0.0,0,0,0,0.0,0.0,1.0,0.0,0.0,0,0.0,0.0,7.0,0.0,0.0,0.0,0.0,0.0,0.0,0.0,2026-01-30,0,68,0,low,0.0,0,Basic,299.0,low,expired
u002095,2026-01-12,7,92.5,4,12,0,0.0,0.0,0.0,0.0,0.0,1,125.3125,7.0,7.0,0.0,1.0,0.0,-0.26184538444412664,-0.4285713673469475,0.0,0.0,2026-01-30,0,230,0,high,3493.0,7,Standard,499.0,mid,active
u002139,2026-01-12,6,44.89,6,5,0,0.0,0.0,1.0,0.0,0.0,1,91.6175,5.75,6.75,0.0,1.0,0.0,-0.5100281004171899,0.043478253308129856,0.0,0.0,2026-01-30,0,135,0,high,1196.0,4,Basic,299.0,low,active
u002138,2026-01-12,7,0.0,0,0,0,0.0,0.0,0.0,0.0,0.0,0,37.15,2.5,7.0,1.0,2.0,1.0,-0.9999999730821004,-0.99999960000016,0.499999750000125,0.499999750000125,2026-01-30,0,265,0,low,2093.0,7,Basic,299.0,low,cancelled
u002290,2026-01-12,7,183.85,12,19,0,0.0,0.0,1.0,0.0,0.0,1,132.26000000000002,7.75,7.0,0.0,1.0,0.0,0.3900650204894522,0.5483870260145772,0.0,0.0,2026-01-30,0,166,0,high,2495.0,5,Standard,499.0,mid,active
u000209,2026-01-12,7,77.85,4,14,0,0.0,0.0,0.0,0.0,0.0,1,79.685,5.5,7.0,0.0,1.0,0.0,-0.02302817314390205,-0.2727272231405049,0.0,0.0,2026-01-30,0,204,0,medium,2994.0,6,Standard,499.0,mid,active
u002137,2026-01-12,6,75.06,6,8,0,0.0,0.0,0.0,0.0,0.0,1,62.675,4.75,6.5,0.0,2.0,0.0,0.1976066980836587,0.2631578393351917,0.0,0.0,2026-01-30,0,134,0,low,1196.0,4,Basic,299.0,low,active
u002136,2026-01-12,7,0.0,0,0,0,0.0,0.0,0.0,0.0,0.0,0,0.0,0.0,7.0,1.0,1.0,1.0,0.0,0.0,0.9999990000010001,0.9999990000010001,2026-01-30,0,98,0,low,299.0,1,Basic,299.0,low,expired
u002135,2026-01-12,7,131.88,9,19,0,0.0,0.0,1.0,0.0,0.0,1,140.7575,8.75,7.0,0.0,1.0,0.0,-0.06306946299082135,0.028571425306122826,0.0,0.0,2026-01-30,0,160,0,high,3995.0,5,Premium,799.0,high,active
u000210,2026-01-12,7,232.26999999999998,8,25,0,0.0,0.0,0.0,0.0,0.0,1,195.51749999999998,10.0,6.75,0.0,1.0,0.0,0.18797549995281498,-0.19999998000000202,0.0,0.0,2026-01-30,0,75,0,high,598.0,2,Basic,299.0,low,active
u002134,2026-01-12,7,103.67,4,5,0,0.0,0.0,0.0,0.0,0.0,1,173.115,11.75,7.0,0.0,1.0,0.0,-0.4011495225650607,-0.6595744119511139,0.0,0.0,2026-01-30,0,170,0,high,3995.0,5,Premium,799.0,high,active
u000211,2026-01-12,7,34.41,2,6,0,0.0,0.0,0.0,0.0,0.0,1,80.9275,5.75,7.0,0.0,1.0,0.0,-0.5748046019609576,-0.6521737996219479,0.0,0.0,2026-01-30,0,205,0,medium,2994.0,6,Standard,499.0,mid,active
u002133,2026-01-12,7,63.82,5,8,0,0.0,0.0,0.0,0.0,0.0,1,133.375,8.5,6.75,0.0,1.0,0.0,-0.5214995274864141,-0.4117646574394521,0.0,0.0,2026-01-30,0,140,0,high,3196.0,4,Premium,799.0,high,active
u002132,2026-01-12,7,68.29,7,14,0,1.0,0.0,0.0,0.0,0.0,1,82.45,6.0,7.0,0.0,1.0,0.0,-0.1717404466738575,0.16666663888889352,0.0,0.0,2026-01-30,0,25,0,medium,299.0,1,Basic,299.0,low,active
u002131,2026-01-12,6,43.160000000000004,2,3,0,0.0,0.0,0.0,0.0,0.0,1,63.2975,4.25,6.75,1.0,3.0,1.0,-0.31814052185093367,-0.5294116401384376,0.33333322222225925,0.33333322222225925,2026-01-30,0,90,0,low,897.0,3,Basic,299.0,low,active
u002130,2026-01-12,7,0.0,0,0,0,0.0,0.0,0.0,0.0,0.0,0,0.0,0.0,7.0,0.0,0.0,0.0,0.0,0.0,0.0,0.0,2026-01-30,0,190,0,low,0.0,0,Basic,299.0,low,expired
u002291,2026-01-12,7,167.11,3,19,0,0.0,0.0,0.0,0.0,0.0,1,119.70249999999999,6.25,7.0,0.0,1.0,0.0,0.3960443566672014,-0.5199999168000133,0.0,0.0,2026-01-30,0,171,0,high,2495.0,5,Standard,499.0,mid,active
u000128,2026-01-12,7,242.81,16,28,0,0.0,0.0,0.0,0.0,0.0,1,192.16750000000002,11.0,6.75,0.0,1.0,0.0,0.2635331142699305,0.4545454132231443,0.0,0.0,2026-01-30,0,78,0,high,1598.0,2,Premium,799.0,high,active
u000212,2026-01-12,7,86.07,6,7,0,0.0,0.0,0.0,0.0,0.0,1,62.417500000000004,3.5,6.75,0.0,1.0,0.0,0.3789401949943492,0.7142855102041399,0.0,0.0,2026-01-30,0,91,0,medium,998.0,2,Standard,499.0,mid,active
u002129,2026-01-12,7,137.48,11,13,0,0.0,0.0,1.0,0.0,0.0,1,162.8,11.0,7.0,0.0,2.0,0.0,-0.15552825457292238,0.0,0.0,0.0,2026-01-30,0,254,0,high,2392.0,8,Basic,299.0,low,active
u000213,2026-01-12,7,85.00999999999999,5,6,0,0.0,0.0,0.0,0.0,0.0,1,113.445,6.5,7.0,0.0,2.0,0.0,-0.25065009255013365,-0.23076919526627765,0.0,0.0,2026-01-30,0,72,0,high,998.0,2,Standard,499.0,mid,active
u002128,2026-01-12,7,98.55,7,11,0,0.0,0.0,0.0,0.0,0.0,1,47.1025,3.25,7.0,0.0,1.0,0.0,1.0922456113317636,1.1538457988166773,0.0,0.0,2026-01-30,0,114,0,low,598.0,2,Basic,299.0,low,active
u002127,2026-01-12,7,179.51,11,18,0,0.0,0.0,1.0,0.0,0.0,1,139.88,8.75,6.75,0.0,1.0,0.0,0.28331426734833953,0.25714282775510544,0.0,0.0,2026-01-30,0,193,0,high,1495.0,5,Basic,299.0,low,active
u000208,2026-01-12,7,257.87,17,35,0,0.0,0.0,0.0,0.0,0.0,1,162.42333333333332,8.666666666666666,5.333333333333333,0.0,1.0,0.0,0.587641345120931,0.961538350591729,0.0,0.0,2026-01-30,0,27,0,high,799.0,1,Premium,799.0,high,active
u000207,2026-01-12,7,285.77,17,23,1,0.0,0.0,0.0,0.0,0.0,1,251.5025,14.0,7.0,0.0,1.0,0.0,0.13625113016271748,0.21428569897959293,0.0,0.0,2026-01-30,0,79,0,high,1598.0,2,Premium,799.0,high,active
u002140,2026-01-12,6,8.23,1,1,0,0.0,0.0,0.0,0.0,0.0,1,32.085,2.5,6.5,0.0,1.0,0.0,-0.7434938213029821,-0.5999997600000959,0.0,0.0,2026-01-30,0,170,0,low,2495.0,5,Standard,499.0,mid,active
u002141,2026-01-12,7,219.84,13,27,0,0.0,0.0,0.0,0.0,0.0,1,206.5325,12.25,7.0,0.0,2.0,0.0,0.06443295818124047,0.061224484798001244,0.0,0.0,2026-01-30,0,95,0,high,1497.0,3,Standard,499.0,mid,active
u002153,2026-01-12,7,0.0,0,0,0,0.0,0.0,0.0,0.0,0.0,0,9.085,0.75,7.0,1.0,1.0,1.0,-0.9999998899284657,-0.9999986666684444,0.9999990000010001,0.9999990000010001,2026-01-30,0,55,0,low,0.0,0,Basic,299.0,low,expired
u002285,2026-01-12,7,302.12,15,33,1,0.0,0.0,0.0,0.0,0.0,1,234.35000000000002,11.5,7.0,0.0,2.0,0.0,0.2891828449362796,0.3043477996219305,0.0,0.0,2026-01-30,0,100,0,high,2397.0,3,Premium,799.0,high,active
u002152,2026-01-12,7,101.38,4,11,0,0.0,0.0,0.0,0.0,0.0,1,49.120000000000005,2.5,7.0,0.0,2.0,0.0,1.0639250597735124,0.5999997600000959,0.0,0.0,2026-01-30,0,190,0,medium,2994.0,6,Standard,499.0,mid,active
u002151,2026-01-12,7,274.05,11,30,1,0.0,0.0,0.0,0.0,0.0,1,158.77,8.75,7.0,0.0,2.0,0.0,0.7260817489067094,0.25714282775510544,0.0,0.0,2026-01-30,0,188,0,high,4794.0,6,Premium,799.0,high,active
u000203,2026-01-12,7,156.98,7,14,0,0.0,0.0,0.0,0.0,0.0,1,203.53,8.75,7.0,0.0,1.0,0.0,-0.22871321068779443,-0.19999997714285978,0.0,0.0,2026-01-30,0,146,0,high,1996.0,4,Standard,499.0,mid,active
u002286,2026-01-12,7,183.18,8,16,0,0.0,0.0,0.0,0.0,0.0,1,258.5125,11.75,7.0,1.0,2.0,1.0,-0.29140757104044257,-0.3191489090086035,0.499999750000125,0.499999750000125,2026-01-30,0,62,0,high,799.0,1,Premium,799.0,high,active
u002150,2026-01-12,7,90.01,8,8,0,0.0,0.0,0.0,0.0,0.0,1,86.92750000000001,6.0,7.0,0.0,1.0,0.0,0.0354605845623009,0.33333327777778704,0.0,0.0,2026-01-30,0,56,0,medium,299.0,1,Basic,299.0,low,active
u002149,2026-01-12,7,152.87,9,15,0,0.0,0.0,0.0,0.0,0.0,1,141.29999999999998,6.75,7.0,1.0,1.0,1.0,0.08188251888264335,0.3333332839506246,0.9999990000010001,0.9999990000010001,2026-01-30,0,58,0,high,0.0,0,Basic,299.0,low,active
u002287,2026-01-12,7,260.2,17,22,1,0.0,0.0,0.0,0.0,0.0,1,247.99999999999997,13.75,7.0,0.0,1.0,0.0,0.04919354818873577,0.23636361917355497,0.0,0.0,2026-01-30,0,43,0,high,799.0,1,Premium,799.0,high,active
u002148,2026-01-12,7,86.17,8,4,0,0.0,0.0,0.0,0.0,0.0,1,161.7775,9.0,6.0,0.0,1.0,0.0,-0.4673548517726207,-0.11111109876543349,0.0,0.0,2026-01-30,0,36,0,high,299.0,1,Basic,299.0,low,active
u000214,2026-01-12,7,44.04,3,8,0,0.0,0.0,0.0,0.0,0.0,1,24.169999999999998,1.5,7.0,0.0,2.0,0.0,0.822093470331259,0.9999993333337779,0.0,0.0,2026-01-30,1,158,0,low,2495.0,5,Standard,499.0,mid,cancelled
u002147,2026-01-12,7,27.44,1,5,0,0.0,0.0,1.0,0.0,0.0,1,66.62,5.75,7.0,0.0,1.0,0.0,-0.5881116693468679,-0.8260868128544673,0.0,0.0,2026-01-30,0,226,0,medium,1794.0,6,Basic,299.0,low,active
u002288,2026-01-12,7,0.0,0,0,0,0.0,0.0,0.0,0.0,0.0,0,3.6375,0.25,7.0,1.0,2.0,1.0,-0.9999997250859862,-0.9999960000160001,0.499999750000125,0.499999750000125,2026-01-30,0,64,0,low,499.0,1,Standard,499.0,mid,cancelled
u002146,2026-01-12,7,126.81,15,11,0,0.0,0.0,0.0,0.0,0.0,1,109.13,9.75,7.0,0.0,2.0,0.0,0.16200861209558687,0.5384614832347198,0.0,0.0,2026-01-30,0,159,0,high,2495.0,5,Standard,499.0,mid,active
u000205,2026-01-12,7,65.72,3,9,0,0.0,0.0,0.0,0.0,0.0,1,78.365,4.5,7.0,0.0,2.0,0.0,-0.16136029909576594,-0.3333332592592757,0.0,0.0,2026-01-30,1,156,0,low,1196.0,4,Basic,299.0,low,cancelled
u002289,2026-01-12,7,31.82,4,3,0,0.0,0.0,0.0,0.0,0.0,1,26.78,2.25,6.0,0.0,1.0,0.0,0.18820014233756,0.777777432098919,0.0,0.0,2026-01-30,0,35,0,low,299.0,1,Basic,299.0,low,active
u002145,2026-01-12,7,20.74,1,1,0,0.0,0.0,0.0,0.0,0.0,1,46.465,3.25,6.75,0.0,1.0,0.0,-0.5536425147176905,-0.6923074792900064,0.0,0.0,2026-01-30,0,179,0,medium,1495.0,5,Basic,299.0,low,active
u000206,2026-01-12,7,100.97,8,9,0,0.0,0.0,0.0,0.0,0.0,1,114.95750000000001,7.75,7.0,0.0,1.0,0.0,-0.12167540072048026,0.03225806035379866,0.0,0.0,2026-01-30,0,204,0,medium,1794.0,6,Basic,299.0,low,active
u002144,2026-01-12,7,0.0,0,0,0,0.0,0.0,0.0,0.0,0.0,0,21.405,1.5,6.75,0.0,1.0,0.0,-0.9999999532819456,-0.9999993333337779,0.0,0.0,2026-01-30,0,117,0,medium,897.0,3,Basic,299.0,low,cancelled
u000129,2026-01-12,7,29.05,4,4,0,0.0,0.0,0.0,0.0,0.0,1,14.1175,1.5,6.75,0.0,2.0,0.0,1.0577296930951166,1.6666655555562964,0.0,0.0,2026-01-30,0,126,0,low,1196.0,4,Basic,299.0,low,active
u002143,2026-01-12,7,89.62,6,3,0,0.0,0.0,1.0,0.0,0.0,1,52.38333333333333,3.6666666666666665,6.0,0.0,1.0,0.0,0.7108494932704521,0.6363634628099647,0.0,0.0,2026-01-30,1,29,0,medium,499.0,1,Standard,499.0,mid,cancelled
u002142,2026-01-12,7,253.2,15,25,0,0.0,0.0,0.0,0.0,0.0,1,136.25,9.75,6.75,0.0,1.0,0.0,0.8583486175534045,0.5384614832347198,0.0,0.0,2026-01-30,0,51,0,high,299.0,1,Basic,299.0,low,active
u000204,2026-01-12,7,0.0,0,0,0,0.0,0.0,0.0,0.0,0.0,0,46.695,2.25,7.0,0.0,1.0,0.0,-0.9999999785844313,-0.999999555555753,0.0,0.0,2026-01-30,0,95,0,medium,598.0,2,Basic,299.0,low,cancelled
u002154,2026-01-12,7,0.0,0,0,0,0.0,0.0,1.0,0.0,0.0,0,0.0,0.0,7.0,0.0,0.0,0.0,0.0,0.0,0.0,0.0,2026-01-30,0,134,0,low,299.0,1,Basic,299.0,low,expired
u002126,2026-01-12,6,89.0,6,12,0,0.0,0.0,0.0,0.0,0.0,1,102.74499999999999,6.75,6.75,0.0,1.0,0.0,-0.13377779810426,-0.1111110946502082,0.0,0.0,2026-01-30,0,206,0,medium,2994.0,6,Standard,499.0,mid,active
u002125,2026-01-12,7,0.0,0,0,0,0.0,0.0,0.0,0.0,0.0,0,13.235,2.0,7.0,1.0,1.0,1.0,-0.9999999244427712,-0.99999950000025,0.9999990000010001,0.9999990000010001,2026-01-30,0,83,0,low,299.0,1,Basic,299.0,low,expired
u000221,2026-01-12,7,0.0,0,0,0,0.0,0.0,0.0,0.0,0.0,0,0.0,0.0,7.0,0.0,0.0,0.0,0.0,0.0,0.0,0.0,2026-01-30,0,238,0,low,998.0,2,Standard,499.0,mid,cancelled
u002107,2026-01-12,7,68.42999999999999,3,6,0,0.0,0.0,0.0,0.0,0.0,0,64.96749999999999,4.5,7.0,1.0,1.0,1.0,0.053295877888238405,-0.3333332592592757,0.9999990000010001,0.9999990000010001,2026-01-30,0,78,0,medium,499.0,1,Standard,499.0,mid,expired
u002106,2026-01-12,7,71.34,3,12,0,0.0,0.0,0.0,0.0,0.0,1,100.5875,6.25,6.75,0.0,1.0,0.0,-0.2907667424802611,-0.5199999168000133,0.0,0.0,2026-01-30,0,201,0,medium,1794.0,6,Basic,299.0,low,active
u000222,2026-01-12,7,85.96000000000001,11,7,0,0.0,0.0,0.0,0.0,0.0,1,56.30750000000001,5.5,7.0,0.0,2.0,0.0,0.5266172263620791,0.9999998181818512,0.0,0.0,2026-01-30,0,156,0,medium,1495.0,5,Basic,299.0,low,active
u002295,2026-01-12,7,0.0,0,0,0,0.0,0.0,1.0,0.0,0.0,0,44.7325,3.0,7.0,0.0,1.0,0.0,-0.9999999776448896,-0.9999996666667778,0.0,0.0,2026-01-30,0,91,0,medium,998.0,2,Standard,499.0,mid,cancelled
u000223,2026-01-12,7,43.16,1,1,0,0.0,0.0,0.0,0.0,0.0,1,97.5175,6.5,7.0,0.0,1.0,0.0,-0.5574127663505242,-0.8461537159763514,0.0,0.0,2026-01-30,0,94,0,medium,998.0,2,Standard,499.0,mid,active
u002105,2026-01-12,6,10.03,1,1,0,0.0,0.0,0.0,0.0,0.0,1,62.99,5.5,6.75,0.0,1.0,0.0,-0.8407683625850395,-0.8181816694215146,0.0,0.0,2026-01-30,0,52,0,medium,499.0,1,Standard,499.0,mid,active
u002104,2026-01-12,7,64.71,3,7,0,0.0,0.0,1.0,0.0,0.0,1,71.0025,3.5,7.0,0.0,1.0,0.0,-0.08862363876449936,-0.142857102040828,0.0,0.0,2026-01-30,0,238,0,low,2093.0,7,Basic,299.0,low,active
u000224,2026-01-12,7,71.33,3,6,0,0.0,0.0,0.0,0.0,0.0,1,46.8875,2.25,7.0,0.0,2.0,0.0,0.521300975285503,0.333333185185251,0.0,0.0,2026-01-30,0,220,0,low,1794.0,6,Basic,299.0,low,active
u002103,2026-01-12,6,122.16,6,7,0,0.0,0.0,1.0,0.0,0.0,1,69.6425,4.5,6.5,0.0,1.0,0.0,0.7541012922554289,0.3333332592592757,0.0,0.0,2026-01-30,0,227,0,low,1794.0,6,Basic,299.0,low,active
u002296,2026-01-12,7,120.58,14,13,0,0.0,0.0,0.0,0.0,0.0,1,103.2425,9.25,7.0,0.0,2.0,0.0,0.16792987221415714,0.5135134579985451,0.0,0.0,2026-01-30,0,69,0,medium,998.0,2,Standard,499.0,mid,active
u000126,2026-01-12,7,77.22999999999999,8,4,0,0.0,0.0,0.0,0.0,0.0,1,119.43499999999999,7.75,7.0,0.0,2.0,0.0,-0.3533721241397235,0.03225806035379866,0.0,0.0,2026-01-30,0,129,0,high,1996.0,4,Standard,499.0,mid,active
u000225,2026-01-12,7,198.67000000000002,14,27,0,0.0,0.0,0.0,0.0,0.0,1,98.36000000000001,5.75,7.0,0.0,1.0,0.0,1.0198251217992564,1.4347823591682853,0.0,0.0,2026-01-30,0,89,0,medium,998.0,2,Standard,499.0,mid,active
u002102,2026-01-12,7,55.98,4,5,0,0.0,0.0,0.0,0.0,0.0,1,187.19,12.0,7.0,0.0,1.0,0.0,-0.7009455595868073,-0.6666666111111158,0.0,0.0,2026-01-30,0,103,0,high,2397.0,3,Premium,799.0,high,active
u002101,2026-01-12,7,164.19,9,16,0,0.0,0.0,0.0,0.0,0.0,1,207.9525,11.25,7.0,0.0,1.0,0.0,-0.2104446918866342,-0.19999998222222382,0.0,0.0,2026-01-30,0,41,0,high,799.0,1,Premium,799.0,high,active
u002100,2026-01-12,7,76.65,4,11,0,0.0,0.0,0.0,0.0,0.0,1,136.31000000000003,8.0,7.0,0.0,1.0,0.0,-0.4376788171250913,-0.4999999375000079,0.0,0.0,2026-01-30,0,209,0,high,4794.0,6,Premium,799.0,high,active
u000226,2026-01-12,7,57.519999999999996,6,5,0,0.0,0.0,0.0,0.0,0.0,1,32.305,3.0,6.75,0.0,1.0,0.0,0.7805293056638506,0.9999996666667778,0.0,0.0,2026-01-30,0,194,0,low,1794.0,6,Basic,299.0,low,active
u002099,2026-01-12,7,26.87,1,3,0,0.0,0.0,0.0,0.0,0.0,1,32.115,2.25,7.0,0.0,1.0,0.0,-0.1633193161040226,-0.555555308642085,0.0,0.0,2026-01-30,0,82,0,low,499.0,1,Standard,499.0,mid,active
u002098,2026-01-12,7,45.63,4,3,0,0.0,0.0,1.0,0.0,0.0,1,57.9275,5.0,7.0,0.0,1.0,0.0,-0.21229122243681803,-0.199999960000008,0.0,0.0,2026-01-30,0,54,0,medium,299.0,1,Basic,299.0,low,active
u002097,2026-01-12,6,220.04000000000002,11,18,1,0.0,0.0,1.0,0.0,0.0,1,143.2175,7.0,5.75,1.0,2.0,1.0,0.536404416105543,0.57142848979593,0.499999750000125,0.499999750000125,2026-01-30,0,35,0,high,799.0,1,Premium,799.0,high,active
u002096,2026-01-12,7,223.13,18,18,0,0.0,0.0,0.0,0.0,0.0,1,160.05,10.5,7.0,0.0,1.0,0.0,0.3941268329014255,0.7142856462585099,0.0,0.0,2026-01-30,0,75,0,high,1598.0,2,Premium,799.0,high,active
u002108,2026-01-12,7,0.0,0,0,0,0.0,0.0,0.0,0.0,0.0,0,0.0,0.0,7.0,0.0,0.0,0.0,0.0,0.0,0.0,0.0,2026-01-30,0,236,0,low,1497.0,3,Standard,499.0,mid,cancelled
u002294,2026-01-12,7,168.55,10,17,0,0.0,0.0,0.0,0.0,0.0,1,248.965,15.5,6.75,0.0,1.0,0.0,-0.3229972071455939,-0.35483868678460084,0.0,0.0,2026-01-30,0,83,0,high,1598.0,2,Premium,799.0,high,active
u002109,2026-01-12,7,0.0,0,0,0,0.0,0.0,0.0,0.0,0.0,0,0.0,0.0,7.0,0.0,0.0,0.0,0.0,0.0,0.0,0.0,2026-01-30,0,200,0,medium,1497.0,3,Standard,499.0,mid,cancelled
u000220,2026-01-12,7,60.03,6,9,0,0.0,0.0,0.0,0.0,0.0,1,67.24249999999999,6.0,7.0,0.0,1.0,0.0,-0.10726103123380246,0.0,0.0,0.0,2026-01-30,0,44,0,low,299.0,1,Basic,299.0,low,active
u002124,2026-01-12,7,0.0,0,0,0,0.0,0.0,0.0,0.0,0.0,0,0.0,0.0,7.0,0.0,0.0,0.0,0.0,0.0,0.0,0.0,2026-01-30,0,117,0,low,299.0,1,Basic,299.0,low,cancelled
u002123,2026-01-12,7,0.0,0,0,0,0.0,0.0,0.0,0.0,0.0,0,16.4575,1.75,7.0,0.0,1.0,0.0,-0.9999999392374334,-0.9999994285717552,0.0,0.0,2026-01-30,0,124,0,low,897.0,3,Basic,299.0,low,cancelled
u002292,2026-01-12,7,68.03,5,8,0,0.0,0.0,0.0,0.0,0.0,1,89.31,6.5,7.0,0.0,2.0,0.0,-0.23827118756834412,-0.23076919526627765,0.0,0.0,2026-01-30,0,190,0,medium,1794.0,6,Basic,299.0,low,active
u000127,2026-01-12,7,62.25,3,6,0,0.0,0.0,0.0,0.0,0.0,1,127.44797443237397,6.75,7.0,0.0,2.0,0.0,-0.5115653992241651,-0.555555473251041,0.0,0.0,2026-01-30,0,251,0,medium,2392.0,8,Basic,299.0,low,active
u000216,2026-01-12,7,27.94,4,6,0,0.0,0.0,0.0,0.0,0.0,1,64.5275,4.0,7.0,0.0,1.0,0.0,-0.5670063063499081,0.0,0.0,0.0,2026-01-30,0,202,0,medium,2994.0,6,Standard,499.0,mid,active
u002122,2026-01-12,7,64.0,4,10,0,0.0,0.0,0.0,0.0,0.0,1,57.699999999999996,5.666666666666667,6.666666666666667,1.0,2.0,1.0,0.1091854400487793,-0.29411759515571856,0.499999750000125,0.499999750000125,2026-01-30,0,31,0,low,499.0,1,Standard,499.0,mid,active
u002121,2026-01-12,7,111.21000000000001,8,9,0,0.0,0.0,0.0,0.0,0.0,1,166.23000000000002,9.75,7.0,0.0,1.0,0.0,-0.3309871844373027,-0.1794871610782399,0.0,0.0,2026-01-30,0,77,0,medium,998.0,2,Standard,499.0,mid,active
u002120,2026-01-12,7,101.44,9,7,0,0.0,0.0,0.0,0.0,0.0,1,46.065,4.25,7.0,0.0,2.0,0.0,1.2021056940821515,1.1176467958478127,0.0,0.0,2026-01-30,0,94,0,low,897.0,3,Basic,299.0,low,active
u002119,2026-01-12,7,56.05,4,9,0,0.0,0.0,0.0,0.0,0.0,1,49.05999999999999,3.75,7.0,1.0,3.0,1.0,0.14247859473137825,0.06666664888889362,0.33333322222225925,0.33333322222225925,2026-01-30,0,133,0,medium,1996.0,4,Standard,499.0,mid,active
u002118,2026-01-12,7,0.0,0,0,0,0.0,0.0,0.0,0.0,0.0,0,0.0,0.0,7.0,0.0,0.0,0.0,0.0,0.0,0.0,0.0,2026-01-30,0,134,0,low,499.0,1,Standard,499.0,mid,expired
u000215,2026-01-12,7,42.03,4,5,0,0.0,0.0,0.0,0.0,0.0,1,46.6875,3.5,6.75,0.0,1.0,0.0,-0.09975903400783862,0.142857102040828,0.0,0.0,2026-01-30,0,86,0,medium,598.0,2,Basic,299.0,low,active
u002117,2026-01-12,7,72.3,4,7,0,0.0,0.0,0.0,0.0,0.0,1,72.39333333333333,6.0,6.0,0.0,1.0,0.0,-0.0012892531362567537,-0.33333327777778704,0.0,0.0,2026-01-30,0,29,0,medium,299.0,1,Basic,299.0,low,active
u000217,2026-01-12,7,193.68,14,21,0,0.0,0.0,0.0,0.0,0.0,1,160.5675,10.5,7.0,0.0,2.0,0.0,0.2062216811856592,0.3333333015873046,0.0,0.0,2026-01-30,0,251,0,high,2392.0,8,Basic,299.0,low,active
u002115,2026-01-12,7,206.48,10,19,0,0.0,0.0,0.0,0.0,0.0,1,89.5075,4.75,6.75,0.0,1.0,0.0,1.3068457804447027,1.1052629252078052,0.0,0.0,2026-01-30,0,84,0,medium,998.0,2,Standard,499.0,mid,active
u002114,2026-01-12,7,46.03,4,6,0,0.0,0.0,0.0,0.0,0.0,1,136.4525,9.25,7.0,0.0,1.0,0.0,-0.6626664908106008,-0.5675675062089183,0.0,0.0,2026-01-30,0,42,0,high,499.0,1,Standard,499.0,mid,active
u002113,2026-01-12,7,17.37,1,1,0,0.0,0.0,0.0,0.0,0.0,1,80.21,5.75,7.0,0.0,1.0,0.0,-0.7834434511476941,-0.8260868128544673,0.0,0.0,2026-01-30,0,41,0,low,299.0,1,Basic,299.0,low,cancelled
u002112,2026-01-12,7,41.17,2,5,0,0.0,0.0,0.0,0.0,0.0,1,45.885,2.75,6.5,1.0,2.0,1.0,-0.10275688999113232,-0.27272717355375503,0.499999750000125,0.499999750000125,2026-01-30,0,101,0,medium,598.0,2,Basic,299.0,low,active
u002111,2026-01-12,6,143.39,4,13,0,0.0,0.0,0.0,0.0,0.0,1,144.115,9.75,6.75,0.0,1.0,0.0,-0.005030704610688118,-0.589743529257074,0.0,0.0,2026-01-30,0,200,0,high,2994.0,6,Standard,499.0,mid,active
u002293,2026-01-12,7,120.53999999999999,12,16,1,0.0,0.0,0.0,0.0,0.0,1,112.35,8.25,6.75,0.0,2.0,0.0,0.07289719561284204,0.45454539944904254,0.0,0.0,2026-01-30,0,211,0,high,3493.0,7,Standard,499.0,mid,active
u000218,2026-01-12,7,44.6,3,5,0,0.0,0.0,0.0,0.0,0.0,1,56.540000000000006,3.25,7.0,0.0,2.0,0.0,-0.2111779233962165,-0.07692305325444515,0.0,0.0,2026-01-30,0,246,0,medium,2392.0,8,Basic,299.0,low,active
u002110,2026-01-12,7,0.0,0,0,0,0.0,0.0,0.0,0.0,0.0,0,0.0,0.0,7.0,0.0,0.0,0.0,0.0,0.0,0.0,0.0,2026-01-30,0,199,0,low,998.0,2,Standard,499.0,mid,cancelled
u000219,2026-01-12,7,322.27,16,27,1,0.0,0.0,0.0,0.0,0.0,1,152.98999999999998,7.25,7.0,0.0,2.0,0.0,1.1064775403197757,1.206896385255671,0.0,0.0,2026-01-30,0,158,0,medium,3196.0,4,Premium,799.0,high,active
u002116,2026-01-12,7,0.0,0,0,0,0.0,0.0,0.0,0.0,0.0,0,0.0,0.0,7.0,0.0,1.0,0.0,0.0,0.0,0.0,0.0,2026-01-30,0,220,0,low,1794.0,6,Basic,299.0,low,cancelled
u000632,2026-01-12,7,16.56,2,2,0,0.0,0.0,0.0,0.0,0.0,1,53.405,3.0,7.0,0.0,2.0,0.0,-0.6899166615501047,-0.33333322222225925,0.0,0.0,2026-01-30,0,188,0,medium,1794.0,6,Basic,299.0,low,cancelled
u001814,2026-01-12,7,35.36,3,5,0,0.0,0.0,0.0,0.0,0.0,1,50.582499999999996,3.75,7.0,0.0,1.0,0.0,-0.3009439964227945,-0.1999999466666809,0.0,0.0,2026-01-30,0,146,0,medium,1196.0,4,Basic,299.0,low,active
u001813,2026-01-12,7,80.81,4,7,0,0.0,0.0,0.0,0.0,0.0,1,41.2575,3.25,7.0,0.0,2.0,0.0,0.9586741572156783,0.23076915976333545,0.0,0.0,2026-01-30,0,101,0,low,897.0,3,Basic,299.0,low,active
u001525,2026-01-12,7,66.66,4,4,0,0.0,0.0,0.0,0.0,0.0,1,75.70249999999999,4.5,7.0,0.0,1.0,0.0,-0.11944783700078801,-0.11111108641975857,0.0,0.0,2026-01-30,0,119,0,high,1497.0,3,Standard,499.0,mid,active
u001524,2026-01-12,7,241.37,6,22,0,0.0,0.0,0.0,0.0,0.0,1,230.255,11.0,7.0,0.0,1.0,0.0,0.04827256716131004,-0.4545454132231443,0.0,0.0,2026-01-30,0,233,0,high,4794.0,6,Premium,799.0,high,active
u000543,2026-01-12,7,6.04,1,3,0,0.0,0.0,1.0,0.0,0.0,1,37.074999999999996,4.25,7.0,0.0,1.0,0.0,-0.8370869632613092,-0.7647057024221876,0.0,0.0,2026-01-30,0,222,0,low,3493.0,7,Standard,499.0,mid,active
u001523,2026-01-12,7,0.0,0,0,0,0.0,0.0,0.0,0.0,0.0,0,0.0,0.0,7.0,0.0,0.0,0.0,0.0,0.0,0.0,0.0,2026-01-30,0,222,0,low,998.0,2,Standard,499.0,mid,expired
u000544,2026-01-12,7,64.59,5,9,0,0.0,0.0,0.0,0.0,0.0,1,85.2475,5.75,7.0,1.0,2.0,1.0,-0.24232381897036487,-0.13043475992438958,0.499999750000125,0.499999750000125,2026-01-30,0,227,0,medium,2093.0,7,Basic,299.0,low,active
u001522,2026-01-12,7,0.0,0,0,0,0.0,0.0,0.0,0.0,0.0,0,93.6425,5.75,6.5,1.0,1.0,1.0,-0.9999999893210884,-0.9999998260869868,0.9999990000010001,0.9999990000010001,2026-01-30,0,92,0,high,499.0,1,Standard,499.0,mid,expired
u001521,2026-01-12,7,365.85,30,41,1,0.0,0.0,0.0,0.0,0.0,1,230.68500000000003,16.25,6.75,1.0,2.0,1.0,0.5859288614954207,0.8461537940828434,0.499999750000125,0.499999750000125,2026-01-30,0,54,0,high,799.0,1,Premium,799.0,high,active
u001520,2026-01-12,7,39.75,5,3,0,0.0,0.0,0.0,0.0,0.0,1,70.44749999999999,7.75,6.75,1.0,3.0,1.0,-0.4357500204301072,-0.3548386638917853,0.33333322222225925,0.33333322222225925,2026-01-30,1,155,0,medium,1996.0,4,Standard,499.0,mid,cancelled
u002395,2026-01-12,7,200.62,12,23,1,0.0,0.0,0.0,0.0,0.0,1,93.765,6.25,7.0,1.0,2.0,1.0,1.1396043178200361,0.9199998528000235,0.499999750000125,0.499999750000125,2026-01-30,0,152,0,medium,1996.0,4,Standard,499.0,mid,active
u000545,2026-01-12,7,210.33999999999997,14,17,0,0.0,0.0,0.0,0.0,0.0,1,179.57,11.0,7.0,0.0,2.0,0.0,0.17135378865426404,0.2727272479338866,0.0,0.0,2026-01-30,0,62,0,high,598.0,2,Basic,299.0,low,active
u001519,2026-01-12,6,242.88,12,25,0,0.0,0.0,0.0,0.0,0.0,1,202.7625,11.5,6.5,1.0,1.0,1.0,0.1978546319075045,0.043478257088847214,0.9999990000010001,0.9999990000010001,2026-01-30,0,146,0,high,2397.0,3,Premium,799.0,high,active
u001518,2026-01-12,7,219.24,12,14,0,0.0,0.0,0.0,0.0,0.0,1,208.5325,10.25,7.0,0.0,1.0,0.0,0.051346912105561957,0.17073169066032287,0.0,0.0,2026-01-30,0,258,0,high,6392.0,8,Premium,799.0,high,active
u000546,2026-01-12,7,55.24,3,7,0,0.0,0.0,0.0,0.0,0.0,1,135.345,10.0,7.0,0.0,1.0,0.0,-0.5918578403941198,-0.699999930000007,0.0,0.0,2026-01-30,0,257,0,high,5593.0,7,Premium,799.0,high,active
u001517,2026-01-12,7,136.4,8,20,0,0.0,0.0,0.0,0.0,0.0,1,102.61749999999999,5.75,7.0,0.0,1.0,0.0,0.3292079778867351,0.39130427977316873,0.0,0.0,2026-01-30,0,149,0,medium,1196.0,4,Basic,299.0,low,active
u000547,2026-01-12,7,117.42,6,11,0,0.0,0.0,1.0,0.0,0.0,1,135.26,9.75,7.0,0.0,1.0,0.0,-0.13189412884892696,-0.38461534516765694,0.0,0.0,2026-01-30,0,163,0,high,2495.0,5,Standard,499.0,mid,active
u002396,2026-01-12,7,171.51,11,17,0,0.0,0.0,1.0,1.0,0.0,1,143.7175,9.25,7.0,0.0,1.0,0.0,0.19338285042960768,0.1891891687363061,0.0,0.0,2026-01-30,0,106,0,medium,897.0,3,Basic,299.0,low,active
u001516,2026-01-12,7,66.21,7,8,0,0.0,0.0,0.0,0.0,0.0,1,79.41000000000001,5.0,6.5,0.0,1.0,0.0,-0.16622591403820805,0.399999920000016,0.0,0.0,2026-01-30,0,37,0,medium,299.0,1,Basic,299.0,low,active
u001515,2026-01-12,7,135.48,13,11,0,0.0,0.0,0.0,0.0,0.0,1,68.13749999999999,5.5,7.0,0.0,1.0,0.0,0.9883324015654759,1.3636361157025243,0.0,0.0,2026-01-30,0,209,0,medium,1495.0,5,Basic,299.0,low,active
u002397,2026-01-12,7,64.94,5,5,0,0.0,0.0,0.0,0.0,0.0,1,92.565,6.0,5.5,0.0,1.0,0.0,-0.29843893157846996,-0.16666663888889352,0.0,0.0,2026-01-30,0,33,0,medium,299.0,1,Basic,299.0,low,active
u000066,2026-01-12,7,190.2,9,17,0,0.0,0.0,0.0,0.0,0.0,1,132.045,6.75,6.75,0.0,2.0,0.0,0.4404180359694193,0.3333332839506246,0.0,0.0,2026-01-30,0,189,0,high,2994.0,6,Standard,499.0,mid,active
u000548,2026-01-12,7,125.54,5,12,0,0.0,0.0,0.0,0.0,0.0,1,115.405,5.5,7.0,0.0,1.0,0.0,0.08782115083556911,-0.09090907438016829,0.0,0.0,2026-01-30,0,122,0,medium,897.0,3,Basic,299.0,low,active
u000542,2026-01-12,7,44.54,4,6,0,0.0,0.0,1.0,0.0,0.0,1,33.087500000000006,3.75,7.0,0.0,1.0,0.0,0.3461276812655024,0.06666664888889362,0.0,0.0,2026-01-30,0,257,0,low,2994.0,6,Standard,499.0,mid,active
u001514,2026-01-12,7,365.46,25,43,0,0.0,0.0,0.0,0.0,0.0,1,243.6775,14.5,7.0,0.0,2.0,0.0,0.49976916005881056,0.7241378810939393,0.0,0.0,2026-01-30,0,187,0,high,4794.0,6,Premium,799.0,high,active
u000067,2026-01-12,7,72.55,5,6,0,0.0,0.0,1.0,0.0,0.0,1,95.0525,6.0,7.0,1.0,1.0,1.0,-0.23673758989255841,-0.16666663888889352,0.9999990000010001,0.9999990000010001,2026-01-30,0,43,0,high,0.0,0,Standard,499.0,mid,active
u002394,2026-01-12,7,196.26999999999998,11,22,0,0.0,0.0,0.0,0.0,0.0,1,158.2775,10.25,7.0,1.0,3.0,1.0,0.2400372747861364,0.07317072456870981,0.33333322222225925,0.33333322222225925,2026-01-30,0,215,0,medium,2093.0,7,Basic,299.0,low,active
u001537,2026-01-12,7,0.0,0,0,0,0.0,0.0,0.0,0.0,0.0,1,95.42749999999998,6.25,7.0,0.0,1.0,0.0,-0.9999999895208406,-0.9999998400000256,0.0,0.0,2026-01-30,0,232,0,high,5593.0,7,Premium,799.0,high,active
u000534,2026-01-12,7,50.07,4,6,0,0.0,0.0,1.0,0.0,0.0,1,78.835,5.5,7.0,0.0,1.0,0.0,-0.36487600222139904,-0.2727272231405049,0.0,0.0,2026-01-30,0,199,0,low,2994.0,6,Standard,499.0,mid,active
u001536,2026-01-12,7,100.08,12,6,0,0.0,0.0,0.0,0.0,0.0,1,61.69749999999999,5.75,7.0,0.0,1.0,0.0,0.6221078549032321,1.0869563327032465,0.0,0.0,2026-01-30,0,263,0,medium,2392.0,8,Basic,299.0,low,active
u000535,2026-01-12,7,297.73,16,30,1,0.0,0.0,0.0,0.0,0.0,1,237.42000000000002,14.25,7.0,0.0,1.0,0.0,0.25402240647787716,0.12280700892582394,0.0,0.0,2026-01-30,0,126,0,high,1497.0,3,Standard,499.0,mid,active
u001535,2026-01-12,7,111.52,10,12,0,0.0,0.0,0.0,0.0,0.0,1,69.39,6.25,7.0,0.0,2.0,0.0,0.6071479952853726,0.5999999040000153,0.0,0.0,2026-01-30,0,66,0,low,998.0,2,Standard,499.0,mid,active
u001534,2026-01-12,7,79.61,7,6,0,0.0,0.0,1.0,0.0,0.0,1,111.32353428399774,4.0,6.75,0.0,1.0,0.0,-0.2848771753708079,0.7499998125000469,0.0,0.0,2026-01-30,0,223,0,low,2994.0,6,Standard,499.0,mid,active
u002393,2026-01-12,7,33.510000000000005,2,4,0,0.0,0.0,0.0,0.0,0.0,1,60.15,5.25,7.0,0.0,1.0,0.0,-0.4428927607166622,-0.6190475011338092,0.0,0.0,2026-01-30,0,116,0,medium,897.0,3,Basic,299.0,low,active
u000536,2026-01-12,7,105.25999999999999,6,16,0,0.0,0.0,0.0,0.0,0.0,1,73.27000000000001,5.0,6.75,0.0,1.0,0.0,0.4366043341530728,0.199999960000008,0.0,0.0,2026-01-30,0,232,0,medium,3493.0,7,Standard,499.0,mid,active
u000068,2026-01-12,7,59.75,5,3,0,0.0,0.0,0.0,0.0,0.0,1,63.905,3.25,7.0,0.0,1.0,0.0,-0.06501838565028739,0.538461372781116,0.0,0.0,2026-01-30,0,178,0,medium,1495.0,5,Basic,299.0,low,active
u001533,2026-01-12,7,188.53,14,13,1,0.0,0.0,0.0,0.0,0.0,1,134.9125,8.25,6.25,0.0,1.0,0.0,0.3974242535167294,0.6969696124885318,0.0,0.0,2026-01-30,0,36,0,medium,799.0,1,Premium,799.0,high,active
u001532,2026-01-12,7,0.0,0,0,0,0.0,0.0,0.0,0.0,0.0,0,0.0,0.0,7.0,0.0,0.0,0.0,0.0,0.0,0.0,0.0,2026-01-30,0,268,0,low,598.0,2,Basic,299.0,low,expired
u000537,2026-01-12,7,154.46,6,11,0,0.0,0.0,0.0,0.0,0.0,1,208.7425,11.75,6.75,0.0,2.0,0.0,-0.26004526984181336,-0.48936166047985874,0.0,0.0,2026-01-30,0,156,0,high,3995.0,5,Premium,799.0,high,active
u001531,2026-01-12,7,0.0,0,0,0,0.0,0.0,0.0,0.0,0.0,0,0.0,0.0,7.0,0.0,0.0,0.0,0.0,0.0,0.0,0.0,2026-01-30,0,248,0,medium,2397.0,3,Premium,799.0,high,expired
u000538,2026-01-12,7,46.64,3,4,0,0.0,0.0,0.0,0.0,0.0,1,45.465,3.5,7.0,1.0,3.0,1.0,0.025844055298712018,-0.142857102040828,0.33333322222225925,0.33333322222225925,2026-01-30,0,242,0,medium,2392.0,8,Basic,299.0,low,active
u001530,2026-01-12,7,135.47,7,18,0,0.0,0.0,0.0,0.0,0.0,1,140.285,7.75,7.0,0.0,1.0,0.0,-0.03432298510658312,-0.09677418106139599,0.0,0.0,2026-01-30,0,40,0,high,499.0,1,Standard,499.0,mid,active
u001529,2026-01-12,7,17.83,3,1,0,0.0,0.0,0.0,0.0,0.0,1,37.0925,4.0,6.75,0.0,1.0,0.0,-0.519309819523898,-0.24999993750001562,0.0,0.0,2026-01-30,0,265,0,medium,2392.0,8,Basic,299.0,low,active
u000539,2026-01-12,7,174.99,12,12,0,0.0,0.0,0.0,0.0,0.0,1,201.58749999999998,11.5,7.0,1.0,2.0,1.0,-0.13194022381377687,0.043478257088847214,0.499999750000125,0.499999750000125,2026-01-30,0,135,0,high,1996.0,4,Standard,499.0,mid,active
u001528,2026-01-12,7,0.0,0,0,0,0.0,0.0,0.0,0.0,0.0,0,0.0,0.0,6.75,0.0,0.0,0.0,0.0,0.0,0.0,0.0,2026-01-30,0,236,0,medium,3196.0,4,Premium,799.0,high,expired
u000540,2026-01-12,7,158.28,8,26,0,0.0,0.0,0.0,0.0,0.0,1,96.875,6.5,7.0,0.0,1.0,0.0,0.6338580579730781,0.23076919526627765,0.0,0.0,2026-01-30,0,265,0,high,3992.0,8,Standard,499.0,mid,active
u001527,2026-01-12,7,0.0,0,0,0,0.0,0.0,0.0,0.0,0.0,0,0.0,0.0,7.0,0.0,0.0,0.0,0.0,0.0,0.0,0.0,2026-01-30,0,190,0,medium,1996.0,4,Standard,499.0,mid,cancelled
u000541,2026-01-12,7,110.85,7,14,0,0.0,0.0,0.0,0.0,0.0,1,86.1925,4.75,6.75,0.0,2.0,0.0,0.28607477116831775,0.4736841108033451,0.0,0.0,2026-01-30,0,93,0,medium,897.0,3,Basic,299.0,low,active
u001526,2026-01-12,7,186.7,12,24,0,0.0,0.0,0.0,0.0,0.0,1,137.6325,8.75,7.0,0.0,1.0,0.0,0.35651099590205076,0.3714285289795967,0.0,0.0,2026-01-30,0,259,0,high,3992.0,8,Standard,499.0,mid,active
u001513,2026-01-12,6,58.08,7,5,0,0.0,0.0,0.0,0.0,0.0,1,68.9875,4.75,6.75,0.0,1.0,0.0,-0.15810835067065265,0.4736841108033451,0.0,0.0,2026-01-30,0,84,0,medium,598.0,2,Basic,299.0,low,active
u001512,2026-01-12,7,63.74,3,9,0,0.0,0.0,0.0,0.0,0.0,1,80.005,5.75,7.0,0.0,2.0,0.0,-0.2032997912218012,-0.4782607863894284,0.0,0.0,2026-01-30,0,213,0,medium,2093.0,7,Basic,299.0,low,active
u000549,2026-01-12,6,0.0,0,0,0,0.0,0.0,0.0,0.0,0.0,0,0.0,0.0,6.75,0.0,0.0,0.0,0.0,0.0,0.0,0.0,2026-01-30,0,141,0,low,0.0,0,Premium,799.0,high,expired
u001497,2026-01-12,7,104.31,6,9,0,0.0,0.0,0.0,0.0,0.0,1,150.77,10.0,7.0,0.0,2.0,0.0,-0.3081514869791637,-0.39999996000000404,0.0,0.0,2026-01-30,0,132,0,high,1196.0,4,Basic,299.0,low,active
u000559,2026-01-12,7,79.84,4,6,0,0.0,0.0,0.0,0.0,0.0,1,98.7775,6.25,7.0,0.0,2.0,0.0,-0.1917187599228695,-0.3599999424000092,0.0,0.0,2026-01-30,1,72,0,medium,1598.0,2,Premium,799.0,high,cancelled
u002400,2026-01-12,7,0.0,0,0,0,0.0,0.0,0.0,0.0,0.0,0,57.062499999999986,2.5,7.0,1.0,1.0,1.0,-0.9999999824753564,-0.99999960000016,0.9999990000010001,0.9999990000010001,2026-01-30,0,86,0,medium,499.0,1,Standard,499.0,mid,expired
u001496,2026-01-12,7,199.14,14,25,0,0.0,0.0,0.0,0.0,0.0,1,123.8,7.5,7.0,0.0,2.0,0.0,0.6085621921763958,0.8666665511111264,0.0,0.0,2026-01-30,0,162,0,medium,2495.0,5,Standard,499.0,mid,active
u000560,2026-01-12,7,75.35000000000001,3,10,0,0.0,0.0,0.0,0.0,0.0,1,159.595,7.75,6.75,0.0,1.0,0.0,-0.5278674110851379,-0.6129031467221746,0.0,0.0,2026-01-30,0,57,0,medium,799.0,1,Premium,799.0,high,active
u000064,2026-01-12,7,20.759999999999998,2,2,0,0.0,0.0,0.0,0.0,0.0,1,41.056666666666665,2.0,5.666666666666667,0.0,1.0,0.0,-0.49435738018127684,0.0,0.0,0.0,2026-01-30,1,28,0,low,299.0,1,Basic,299.0,low,cancelled
u001495,2026-01-12,7,174.5,8,28,0,0.0,0.0,1.0,0.0,0.0,1,132.255,8.75,6.75,0.0,1.0,0.0,0.3194208134329832,-0.08571427591836847,0.0,0.0,2026-01-30,0,168,0,medium,2495.0,5,Standard,499.0,mid,active
u000063,2026-01-12,7,215.89999999999998,11,24,0,0.0,0.0,0.0,0.0,0.0,1,108.01249999999999,8.5,7.0,0.0,1.0,0.0,0.9988427172888071,0.2941176124567515,0.0,0.0,2026-01-30,0,178,0,high,2495.0,5,Standard,499.0,mid,active
u001494,2026-01-12,7,23.830000000000002,2,2,0,0.0,0.0,0.0,0.0,0.0,1,38.42750000000001,3.5,7.0,0.0,2.0,0.0,-0.3798711761142106,-0.42857130612248395,0.0,0.0,2026-01-30,1,187,0,low,2994.0,6,Standard,499.0,mid,cancelled
u000561,2026-01-12,7,61.58,4,12,0,0.0,0.0,0.0,0.0,0.0,1,140.675,9.25,7.0,0.0,1.0,0.0,-0.5622534170090392,-0.5675675062089183,0.0,0.0,2026-01-30,0,136,0,high,1996.0,4,Standard,499.0,mid,active
u001493,2026-01-12,7,0.0,0,0,0,0.0,0.0,0.0,0.0,0.0,0,0.0,0.0,7.0,0.0,0.0,0.0,0.0,0.0,0.0,0.0,2026-01-30,0,263,0,low,1495.0,5,Basic,299.0,low,cancelled
u000562,2026-01-12,7,103.09,8,9,0,0.0,0.0,0.0,0.0,0.0,1,106.1275,10.75,7.0,0.0,1.0,0.0,-0.028621233623507204,-0.2558139296917275,0.0,0.0,2026-01-30,0,260,0,high,3992.0,8,Standard,499.0,mid,active
u001492,2026-01-12,7,0.0,0,0,0,0.0,0.0,0.0,0.0,0.0,1,30.767500000000005,2.0,7.0,0.0,1.0,0.0,-0.9999999674981728,-0.99999950000025,0.0,0.0,2026-01-30,0,148,0,low,1996.0,4,Standard,499.0,mid,active
u000563,2026-01-12,7,65.84,4,9,0,0.0,0.0,0.0,0.0,0.0,1,49.8275,4.0,7.0,0.0,1.0,0.0,0.32135868102235354,0.0,0.0,0.0,2026-01-30,0,147,0,medium,1996.0,4,Standard,499.0,mid,active
u001491,2026-01-12,7,0.0,0,0,0,0.0,0.0,0.0,0.0,0.0,0,36.6425,2.0,7.0,0.0,1.0,0.0,-0.9999999727092865,-0.99999950000025,0.0,0.0,2026-01-30,0,202,0,low,2994.0,6,Standard,499.0,mid,cancelled
u000564,2026-01-12,7,252.02,9,24,0,0.0,0.0,1.0,1.0,0.0,1,136.985,8.0,7.0,0.0,1.0,0.0,0.8397634716227069,0.12499998437500197,0.0,0.0,2026-01-30,0,225,0,medium,3493.0,7,Standard,499.0,mid,active
u001490,2026-01-12,7,0.0,0,0,0,0.0,0.0,0.0,0.0,0.0,0,32.7675,1.5,7.0,1.0,1.0,1.0,-0.9999999694819572,-0.9999993333337779,0.9999990000010001,0.9999990000010001,2026-01-30,0,143,0,medium,1497.0,3,Standard,499.0,mid,expired
u001489,2026-01-12,7,0.0,0,0,0,0.0,0.0,0.0,0.0,0.0,0,0.0,0.0,7.0,0.0,0.0,0.0,0.0,0.0,0.0,0.0,2026-01-30,0,243,0,low,299.0,1,Basic,299.0,low,cancelled
u002401,2026-01-12,7,99.75,9,7,0,0.0,0.0,0.0,0.0,0.0,1,143.5575,9.0,7.0,1.0,2.0,1.0,-0.305156468278171,0.0,0.499999750000125,0.499999750000125,2026-01-30,0,269,0,high,6392.0,8,Premium,799.0,high,active
u000565,2026-01-12,7,13.72,1,1,0,0.0,0.0,0.0,0.0,0.0,1,34.9125,2.5,7.0,0.0,1.0,0.0,-0.6070175264728243,-0.5999997600000959,0.0,0.0,2026-01-30,0,47,0,low,299.0,1,Basic,299.0,low,cancelled
u001488,2026-01-12,7,49.33,5,4,0,0.0,0.0,0.0,0.0,0.0,1,51.33,3.25,7.0,0.0,1.0,0.0,-0.03896356830384633,0.538461372781116,0.0,0.0,2026-01-30,0,270,0,low,2392.0,8,Basic,299.0,low,active
u001498,2026-01-12,7,49.75,4,6,0,0.0,0.0,0.0,0.0,0.0,1,31.7125,4.25,6.75,0.0,1.0,0.0,0.5687820080794007,-0.05882351557093751,0.0,0.0,2026-01-30,0,75,0,low,598.0,2,Basic,299.0,low,active
u001499,2026-01-12,7,99.82,10,8,0,0.0,0.0,0.0,0.0,0.0,1,73.8025,6.75,7.0,0.0,2.0,0.0,0.35252870360043764,0.4814814101509022,0.0,0.0,2026-01-30,0,153,0,medium,1495.0,5,Basic,299.0,low,active
u001500,2026-01-12,7,273.65,17,34,1,0.0,0.0,1.0,0.0,0.0,1,154.555,10.0,7.0,0.0,1.0,0.0,0.7705671070456009,0.699999930000007,0.0,0.0,2026-01-30,0,59,0,medium,499.0,1,Standard,499.0,mid,active
u002399,2026-01-12,7,221.32999999999998,13,26,0,0.0,0.0,0.0,0.0,0.0,1,210.5125,9.75,7.0,0.0,1.0,0.0,0.0513864969947794,0.3333332991453027,0.0,0.0,2026-01-30,0,207,0,high,2994.0,6,Standard,499.0,mid,active
u000550,2026-01-12,7,74.77,8,8,0,0.0,0.0,0.0,0.0,0.0,1,150.12,11.5,7.0,0.0,2.0,0.0,-0.501931784559474,-0.3043477996219305,0.0,0.0,2026-01-30,0,100,0,high,897.0,3,Basic,299.0,low,active
u001511,2026-01-12,7,123.14999999999999,13,13,0,0.0,0.0,0.0,0.0,0.0,1,147.005,8.75,7.0,0.0,2.0,0.0,-0.16227339095763146,0.485714230204088,0.0,0.0,2026-01-30,0,187,0,high,1794.0,6,Basic,299.0,low,active
u000551,2026-01-12,6,31.79,1,3,0,0.0,0.0,0.0,0.0,0.0,1,94.87249999999999,5.25,6.5,0.0,2.0,0.0,-0.6649186996767377,-0.8095236553288275,0.0,0.0,2026-01-30,0,69,0,high,598.0,2,Basic,299.0,low,active
u001510,2026-01-12,7,0.0,0,0,0,0.0,0.0,0.0,0.0,0.0,0,0.0,0.0,6.75,0.0,1.0,0.0,0.0,0.0,0.0,0.0,2026-01-30,0,99,0,low,598.0,2,Basic,299.0,low,cancelled
u001509,2026-01-12,7,170.06,12,22,0,0.0,0.0,0.0,0.0,0.0,1,166.6175,13.0,7.0,0.0,1.0,0.0,0.020661094899028617,-0.07692307100591762,0.0,0.0,2026-01-30,0,54,0,high,299.0,1,Basic,299.0,low,active
u001508,2026-01-12,7,106.93,8,12,0,0.0,0.0,0.0,0.0,0.0,1,100.41749999999998,8.0,6.75,0.0,1.0,0.0,0.06485423292897952,0.0,0.0,0.0,2026-01-30,0,150,0,high,1196.0,4,Basic,299.0,low,active
u001507,2026-01-12,7,171.36,19,14,0,0.0,0.0,1.0,0.0,0.0,1,146.79,10.5,7.0,0.0,1.0,0.0,0.16738197310864533,0.8095237324263113,0.0,0.0,2026-01-30,0,41,0,high,299.0,1,Basic,299.0,low,active
u002398,2026-01-12,7,25.41,2,2,0,0.0,0.0,0.0,0.0,0.0,1,34.897499999999994,2.25,7.0,0.0,1.0,0.0,-0.2718676045026833,-0.111111061728417,0.0,0.0,2026-01-30,0,198,0,low,2994.0,6,Standard,499.0,mid,active
u001506,2026-01-12,7,26.52,2,3,0,0.0,0.0,0.0,0.0,0.0,1,200.85499999999996,10.25,7.0,0.0,1.0,0.0,-0.867964447646489,-0.8048779702558079,0.0,0.0,2026-01-30,0,210,0,high,4794.0,6,Premium,799.0,high,active
u000065,2026-01-12,7,171.8,8,19,0,0.0,0.0,0.0,0.0,0.0,1,122.30999999999999,7.25,6.75,0.0,1.0,0.0,0.404627582334825,0.10344826159334322,0.0,0.0,2026-01-30,0,167,0,medium,1495.0,5,Basic,299.0,low,active
u000533,2026-01-12,7,0.0,0,0,0,0.0,0.0,0.0,0.0,0.0,0,0.0,0.0,6.75,0.0,0.0,0.0,0.0,0.0,0.0,0.0,2026-01-30,0,231,0,low,1196.0,4,Basic,299.0,low,cancelled
u000552,2026-01-12,7,41.71000000000001,3,4,0,0.0,0.0,0.0,0.0,0.0,1,89.875,5.5,7.0,0.0,1.0,0.0,-0.5359109815197665,-0.4545453719008415,0.0,0.0,2026-01-30,0,172,0,medium,2495.0,5,Standard,499.0,mid,active
u001505,2026-01-12,7,0.0,0,0,0,0.0,0.0,0.0,0.0,0.0,0,0.0,0.0,7.0,0.0,0.0,0.0,0.0,0.0,0.0,0.0,2026-01-30,0,121,0,low,0.0,0,Standard,499.0,mid,expired
u001504,2026-01-12,7,98.69,7,8,0,0.0,0.0,0.0,0.0,0.0,1,112.05749999999999,5.0,7.0,0.0,1.0,0.0,-0.11929143413612261,0.399999920000016,0.0,0.0,2026-01-30,0,190,0,medium,2994.0,6,Standard,499.0,mid,active
u000554,2026-01-12,7,0.0,0,0,0,0.0,0.0,0.0,0.0,0.0,0,0.0,0.0,7.0,0.0,0.0,0.0,0.0,0.0,0.0,0.0,2026-01-30,0,191,0,low,598.0,2,Basic,299.0,low,expired
u001503,2026-01-12,7,135.19,11,15,0,0.0,0.0,0.0,0.0,0.0,1,84.16499999999999,7.0,7.0,0.0,2.0,0.0,0.6062496215024106,0.57142848979593,0.0,0.0,2026-01-30,0,213,0,low,2093.0,7,Basic,299.0,low,active
u000555,2026-01-12,7,64.01,4,7,0,0.0,0.0,0.0,0.0,0.0,1,52.160000000000004,3.5,6.0,0.0,1.0,0.0,0.22718557846653417,0.142857102040828,0.0,0.0,2026-01-30,0,23,0,low,299.0,1,Basic,299.0,low,active
u001502,2026-01-12,7,14.91,2,3,0,0.0,0.0,0.0,0.0,0.0,1,40.105000000000004,3.25,7.0,0.0,1.0,0.0,-0.6282258913296126,-0.38461526627222575,0.0,0.0,2026-01-30,0,205,0,low,1794.0,6,Basic,299.0,low,active
u000556,2026-01-12,7,43.95,4,6,0,0.0,0.0,0.0,0.0,0.0,1,39.897499999999994,3.0,7.0,0.0,1.0,0.0,0.10157277770354614,0.33333322222225925,0.0,0.0,2026-01-30,0,144,0,low,1196.0,4,Basic,299.0,low,active
u000557,2026-01-12,7,163.12,10,20,0,0.0,0.0,1.0,1.0,0.0,1,133.46,9.0,7.0,0.0,1.0,0.0,0.22223887140537332,0.11111109876543349,0.0,0.0,2026-01-30,0,86,0,medium,998.0,2,Standard,499.0,mid,active
u001501,2026-01-12,7,87.04,7,5,0,0.0,0.0,1.0,0.0,0.0,1,103.3825,6.75,7.0,0.0,1.0,0.0,-0.15807800973977199,0.0370370315500694,0.0,0.0,2026-01-30,0,138,0,medium,1996.0,4,Standard,499.0,mid,active
u000558,2026-01-12,7,0.0,0,0,0,0.0,0.0,0.0,0.0,0.0,0,33.065,3.0,7.0,1.0,1.0,1.0,-0.9999999697565412,-0.9999996666667778,0.9999990000010001,0.9999990000010001,2026-01-30,0,51,0,low,0.0,0,Basic,299.0,low,expired
u000553,2026-01-12,7,91.04,5,7,0,0.0,0.0,0.0,0.0,0.0,1,145.01500000000001,6.0,7.0,0.0,1.0,0.0,-0.37220287299794597,-0.16666663888889352,0.0,0.0,2026-01-30,0,63,0,high,799.0,1,Premium,799.0,high,active
u002392,2026-01-12,7,0.0,0,0,0,0.0,0.0,0.0,0.0,0.0,0,6.6425,0.5,7.0,1.0,1.0,1.0,-0.9999998494542944,-0.999998000004,0.9999990000010001,0.9999990000010001,2026-01-30,0,222,0,low,1196.0,4,Basic,299.0,low,expired
u001538,2026-01-12,7,14.11,1,1,0,0.0,0.0,0.0,0.0,0.0,1,51.885,3.0,6.75,0.0,2.0,0.0,-0.7280524095971397,-0.6666664444445185,0.0,0.0,2026-01-30,0,243,0,high,3992.0,8,Standard,499.0,mid,active
u001539,2026-01-12,7,65.07,4,11,0,0.0,0.0,0.0,0.0,0.0,1,76.6275,5.25,7.0,0.0,2.0,0.0,-0.15082705098264923,-0.2380951927437728,0.0,0.0,2026-01-30,0,93,0,medium,897.0,3,Basic,299.0,low,active
u001577,2026-01-12,7,204.26999999999998,11,18,1,0.0,0.0,0.0,0.0,0.0,1,129.1325,9.5,6.75,0.0,2.0,0.0,0.5818635852177911,0.15789472022160841,0.0,0.0,2026-01-30,0,133,0,medium,1996.0,4,Standard,499.0,mid,active
u000512,2026-01-12,6,138.51,8,15,0,0.0,0.0,0.0,0.0,0.0,1,142.2075,9.0,6.75,0.0,1.0,0.0,-0.026000738174845075,-0.11111109876543349,0.0,0.0,2026-01-30,0,83,0,high,1598.0,2,Premium,799.0,high,active
u001576,2026-01-12,7,145.18,13,20,0,0.0,0.0,1.0,0.0,0.0,1,76.505,7.0,6.5,0.0,1.0,0.0,0.8976537363877691,0.857142734693895,0.0,0.0,2026-01-30,0,191,0,low,1794.0,6,Basic,299.0,low,active
u002382,2026-01-12,7,0.0,0,0,0,0.0,0.0,0.0,0.0,0.0,0,0.0,0.0,7.0,0.0,0.0,0.0,0.0,0.0,0.0,0.0,2026-01-30,0,158,0,low,998.0,2,Standard,499.0,mid,cancelled
u002266,2026-01-12,7,87.96,7,10,0,0.0,0.0,0.0,0.0,0.0,1,48.4675,3.75,6.75,0.0,2.0,0.0,0.8148243500319935,0.8666664355556172,0.0,0.0,2026-01-30,0,247,0,medium,3493.0,7,Standard,499.0,mid,active
u000514,2026-01-12,7,130.57,10,15,0,0.0,0.0,0.0,0.0,0.0,1,136.9225,8.0,7.0,0.0,1.0,0.0,-0.04639485806646214,0.24999996875000394,0.0,0.0,2026-01-30,0,66,0,medium,499.0,1,Standard,499.0,mid,active
u002383,2026-01-12,6,162.01999999999998,9,13,0,0.0,0.0,0.0,0.0,0.0,1,131.9475,7.0,6.75,0.0,1.0,0.0,0.2279126150331562,0.285714244897965,0.0,0.0,2026-01-30,0,40,0,high,499.0,1,Standard,499.0,mid,active
u001575,2026-01-12,7,82.12,7,10,0,0.0,0.0,0.0,0.0,0.0,1,62.53250000000001,6.0,6.5,0.0,1.0,0.0,0.31323711169012713,0.16666663888889352,0.0,0.0,2026-01-30,0,233,0,medium,2093.0,7,Basic,299.0,low,active
u000515,2026-01-12,7,53.95,3,12,0,0.0,0.0,0.0,0.0,0.0,1,96.98,7.0,6.333333333333333,0.0,1.0,0.0,-0.4436997273283179,-0.57142848979593,0.0,0.0,2026-01-30,0,30,0,medium,299.0,1,Basic,299.0,low,active
u001574,2026-01-12,7,10.42,1,1,0,0.0,0.0,0.0,0.0,0.0,1,44.912499999999994,2.25,7.0,0.0,1.0,0.0,-0.7679933032453481,-0.555555308642085,0.0,0.0,2026-01-30,0,66,0,medium,499.0,1,Standard,499.0,mid,active
u001573,2026-01-12,7,216.86,10,18,1,0.0,0.0,0.0,0.0,0.0,1,214.79749999999996,12.5,7.0,0.0,1.0,0.0,0.00960206701846153,-0.1999999840000013,0.0,0.0,2026-01-30,0,86,0,high,1598.0,2,Premium,799.0,high,active
u001572,2026-01-12,7,0.0,0,0,0,0.0,0.0,0.0,0.0,0.0,0,0.0,0.0,7.0,0.0,0.0,0.0,0.0,0.0,0.0,0.0,2026-01-30,0,180,0,low,299.0,1,Basic,299.0,low,cancelled
u000516,2026-01-12,6,141.15,8,14,0,0.0,0.0,0.0,0.0,0.0,1,99.64250000000001,7.0,6.75,0.0,2.0,0.0,0.41656421289545903,0.1428571224489825,0.0,0.0,2026-01-30,0,244,0,high,2392.0,8,Basic,299.0,low,active
u000517,2026-01-12,7,0.0,0,0,0,0.0,0.0,0.0,0.0,0.0,0,10.212499999999999,1.25,6.75,0.0,1.0,0.0,-0.999999902080793,-0.99999920000064,0.0,0.0,2026-01-30,0,49,0,low,299.0,1,Basic,299.0,low,cancelled
u001571,2026-01-12,7,53.65,2,4,0,0.0,0.0,1.0,0.0,0.0,1,87.07000000000001,5.25,6.75,0.0,1.0,0.0,-0.38382909861227643,-0.6190475011338092,0.0,0.0,2026-01-30,0,251,0,low,3493.0,7,Standard,499.0,mid,active
u000518,2026-01-12,7,107.74000000000001,7,12,0,0.0,0.0,0.0,0.0,0.0,1,77.3775,5.75,6.75,0.0,1.0,0.0,0.3923944248341648,0.2173912665406493,0.0,0.0,2026-01-30,0,254,0,medium,4794.0,6,Premium,799.0,high,active
u001570,2026-01-12,7,63.26,6,7,0,1.0,0.0,0.0,0.0,0.0,1,66.86,6.0,6.0,0.0,1.0,0.0,-0.053843852021479954,0.0,0.0,0.0,2026-01-30,1,23,0,medium,299.0,1,Basic,299.0,low,cancelled
u001569,2026-01-12,7,57.099999999999994,4,7,0,0.0,0.0,0.0,0.0,0.0,1,146.815,11.75,7.0,0.0,1.0,0.0,-0.6110751584574113,-0.6595744119511139,0.0,0.0,2026-01-30,0,42,0,medium,499.0,1,Standard,499.0,mid,active
u002384,2026-01-12,7,0.0,0,0,0,0.0,0.0,0.0,0.0,0.0,0,0.0,0.0,7.0,0.0,0.0,0.0,0.0,0.0,0.0,0.0,2026-01-30,0,172,0,low,598.0,2,Basic,299.0,low,cancelled
u001568,2026-01-12,7,0.0,0,0,0,0.0,0.0,1.0,0.0,0.0,0,0.0,0.0,7.0,0.0,0.0,0.0,0.0,0.0,0.0,0.0,2026-01-30,0,119,0,low,499.0,1,Standard,499.0,mid,cancelled
u000071,2026-01-12,6,0.0,0,0,0,0.0,0.0,0.0,0.0,0.0,0,7.4875,1.0,6.75,0.0,1.0,0.0,-0.9999998664440912,-0.9999990000010001,0.0,0.0,2026-01-30,0,71,0,low,499.0,1,Standard,499.0,mid,cancelled
u001578,2026-01-12,7,77.44999999999999,3,11,0,0.0,0.0,0.0,0.0,0.0,1,197.9725,9.25,7.0,0.0,2.0,0.0,-0.6087840452144412,-0.6756756026296646,0.0,0.0,2026-01-30,0,70,0,high,1598.0,2,Premium,799.0,high,active
u000511,2026-01-12,7,260.4,12,33,0,1.0,0.0,0.0,0.0,0.0,1,184.82999999999998,8.0,5.0,0.0,1.0,0.0,0.40886219548308067,0.4999999375000079,0.0,0.0,2026-01-30,0,21,0,high,799.0,1,Premium,799.0,high,active
u000510,2026-01-12,7,0.0,0,0,0,0.0,0.0,0.0,0.0,0.0,0,0.0,0.0,7.0,0.0,0.0,0.0,0.0,0.0,0.0,0.0,2026-01-30,0,211,0,low,598.0,2,Basic,299.0,low,cancelled
u001579,2026-01-12,6,198.12,10,22,0,0.0,0.0,1.0,0.0,0.0,1,136.485,7.5,6.75,0.0,2.0,0.0,0.4515880832942221,0.3333332888888948,0.0,0.0,2026-01-30,0,242,0,high,5593.0,7,Premium,799.0,high,active
u000504,2026-01-12,7,0.0,0,0,0,0.0,0.0,0.0,0.0,0.0,0,24.402500000000003,2.5,7.0,0.0,1.0,0.0,-0.9999999590205938,-0.99999960000016,0.0,0.0,2026-01-30,0,53,0,medium,799.0,1,Premium,799.0,high,cancelled
u001591,2026-01-12,7,59.849999999999994,3,11,0,0.0,0.0,0.0,0.0,0.0,1,73.23249999999999,5.75,7.0,1.0,1.0,1.0,-0.18273990123592795,-0.4782607863894284,0.9999990000010001,0.9999990000010001,2026-01-30,0,86,0,medium,299.0,1,Basic,299.0,low,active
u002380,2026-01-12,7,133.67000000000002,9,16,0,0.0,0.0,0.0,0.0,0.0,1,68.39250000000001,5.25,7.0,0.0,2.0,0.0,0.9544540563007046,0.7142855782313184,0.0,0.0,2026-01-30,0,106,0,medium,897.0,3,Basic,299.0,low,active
u001590,2026-01-12,7,44.370000000000005,2,3,0,0.0,0.0,0.0,0.0,0.0,1,51.935,5.25,7.0,0.0,1.0,0.0,-0.14566284498579288,-0.6190475011338092,0.0,0.0,2026-01-30,0,263,0,low,2093.0,7,Basic,299.0,low,active
u000073,2026-01-12,7,95.33,4,9,0,0.0,0.0,0.0,0.0,0.0,1,118.8425,7.0,6.75,1.0,3.0,1.0,-0.19784588680105278,-0.4285713673469475,0.33333322222225925,0.33333322222225925,2026-01-30,0,154,0,medium,1996.0,4,Standard,499.0,mid,active
u000505,2026-01-12,7,124.37,8,12,0,0.0,0.0,0.0,0.0,0.0,1,118.3525,7.75,7.0,0.0,1.0,0.0,0.05084387697054241,0.03225806035379866,0.0,0.0,2026-01-30,0,202,0,high,4794.0,6,Premium,799.0,high,active
u001589,2026-01-12,7,105.32,6,11,0,0.0,0.0,0.0,0.0,0.0,1,87.1875,5.75,7.0,0.0,1.0,0.0,0.2079713237795403,0.043478253308129856,0.0,0.0,2026-01-30,0,54,0,medium,499.0,1,Standard,499.0,mid,active
u001588,2026-01-12,7,18.08,2,1,0,0.0,0.0,0.0,0.0,0.0,1,157.5225,9.75,7.0,0.0,2.0,0.0,-0.8852227403372677,-0.794871713346491,0.0,0.0,2026-01-30,0,251,0,medium,6392.0,8,Premium,799.0,high,active
u000506,2026-01-12,7,55.46,5,6,0,0.0,0.0,0.0,0.0,0.0,1,39.3775,3.5,7.0,0.0,2.0,0.0,0.40841850273840397,0.42857130612248395,0.0,0.0,2026-01-30,0,157,0,low,1196.0,4,Basic,299.0,low,active
u001587,2026-01-12,7,0.0,0,0,0,0.0,0.0,0.0,0.0,0.0,0,26.89250000000001,1.0,7.0,1.0,1.0,1.0,-0.9999999628149125,-0.9999990000010001,0.9999990000010001,0.9999990000010001,2026-01-30,0,64,0,low,0.0,0,Standard,499.0,mid,cancelled
u001567,2026-01-12,7,76.53,3,10,0,0.0,0.0,0.0,0.0,0.0,1,63.083333333333336,3.6666666666666665,5.333333333333333,0.0,1.0,0.0,0.21315719609262038,-0.18181813223141843,0.0,0.0,2026-01-30,0,27,0,medium,299.0,1,Basic,299.0,low,active
u001586,2026-01-12,7,76.71000000000001,9,4,0,0.0,0.0,0.0,0.0,0.0,1,82.39750000000001,6.5,6.75,0.0,1.0,0.0,-0.06902515162444064,0.38461532544379606,0.0,0.0,2026-01-30,0,191,0,high,2994.0,6,Standard,499.0,mid,active
u001584,2026-01-12,7,30.45,2,3,0,0.0,0.0,0.0,0.0,0.0,1,44.997499999999995,2.75,7.0,0.0,1.0,0.0,-0.32329573146739854,-0.27272717355375503,0.0,0.0,2026-01-30,0,167,0,low,1495.0,5,Basic,299.0,low,active
u000507,2026-01-12,7,0.0,0,0,0,0.0,0.0,0.0,0.0,0.0,1,46.715,3.25,7.0,0.0,1.0,0.0,-0.9999999785936,-0.999999692307787,0.0,0.0,2026-01-30,0,137,0,low,1196.0,4,Basic,299.0,low,active
u001583,2026-01-12,7,46.15,2,6,0,0.0,0.0,0.0,0.0,0.0,1,61.660000000000004,3.75,7.0,0.0,1.0,0.0,-0.2515407030239913,-0.4666665422222554,0.0,0.0,2026-01-30,0,141,0,medium,1996.0,4,Standard,499.0,mid,active
u001582,2026-01-12,7,0.0,0,0,0,0.0,0.0,0.0,0.0,0.0,0,11.6225,1.0,7.0,0.0,1.0,0.0,-0.9999999139599989,-0.9999990000010001,0.0,0.0,2026-01-30,0,216,0,medium,2994.0,6,Standard,499.0,mid,cancelled
u000508,2026-01-12,7,99.72,7,6,0,0.0,0.0,0.0,0.0,0.0,1,124.14999999999999,7.25,7.0,0.0,1.0,0.0,-0.19677808943392594,-0.03448275386444774,0.0,0.0,2026-01-30,0,208,0,high,4794.0,6,Premium,799.0,high,active
u001581,2026-01-12,7,112.93,7,16,0,0.0,0.0,2.0,0.0,0.0,1,123.03,8.25,7.0,0.0,1.0,0.0,-0.0820937975933203,-0.15151513314968085,0.0,0.0,2026-01-30,0,196,0,high,1794.0,6,Basic,299.0,low,active
u002381,2026-01-12,7,66.89,8,6,0,0.0,0.0,1.0,0.0,0.0,1,53.5925,4.5,6.75,0.0,1.0,0.0,0.2481224005574959,0.7777776049383099,0.0,0.0,2026-01-30,0,225,0,low,2093.0,7,Basic,299.0,low,active
u000509,2026-01-12,7,204.19,15,18,1,0.0,0.0,0.0,0.0,0.0,1,268.76,16.5,7.0,0.0,1.0,0.0,-0.24025152463070573,-0.09090908539944936,0.0,0.0,2026-01-30,0,203,0,high,4794.0,6,Premium,799.0,high,active
u000072,2026-01-12,7,92.03999999999999,6,10,0,0.0,0.0,0.0,0.0,0.0,1,98.49,7.25,7.0,0.0,2.0,0.0,-0.06548888145508297,-0.1724137693222387,0.0,0.0,2026-01-30,0,223,0,high,3493.0,7,Standard,499.0,mid,active
u001580,2026-01-12,7,0.0,0,0,0,0.0,0.0,0.0,0.0,0.0,0,0.0,0.0,7.0,0.0,0.0,0.0,0.0,0.0,0.0,0.0,2026-01-30,0,120,0,low,0.0,0,Basic,299.0,low,cancelled
u001585,2026-01-12,6,29.17,4,4,0,0.0,0.0,0.0,0.0,0.0,1,169.3252430204677,4.75,6.75,0.0,1.0,0.0,-0.8277279848687301,-0.15789470360111502,0.0,0.0,2026-01-30,0,111,0,medium,1497.0,3,Standard,499.0,mid,active
u000566,2026-01-12,7,45.14,4,2,0,0.0,0.0,0.0,0.0,0.0,1,85.6875,5.75,7.0,0.0,2.0,0.0,-0.47320203678247075,-0.30434777315690903,0.0,0.0,2026-01-30,0,211,0,high,3493.0,7,Standard,499.0,mid,active
u001566,2026-01-12,7,110.25999999999999,5,12,0,0.0,0.0,0.0,0.0,0.0,1,150.73749999999998,6.5,6.75,0.0,2.0,0.0,-0.2685297270517971,-0.23076919526627765,0.0,0.0,2026-01-30,0,156,0,medium,1495.0,5,Basic,299.0,low,active
u000519,2026-01-12,7,87.94,6,10,0,0.0,0.0,0.0,0.0,0.0,1,144.41500000000002,10.0,7.0,1.0,2.0,1.0,-0.3910604826987469,-0.39999996000000404,0.499999750000125,0.499999750000125,2026-01-30,0,151,0,medium,1996.0,4,Standard,499.0,mid,active
u001550,2026-01-12,7,22.9,2,3,0,0.0,0.0,0.0,0.0,0.0,1,46.9025,3.0,7.0,0.0,1.0,0.0,-0.5117530939341594,-0.33333322222225925,0.0,0.0,2026-01-30,0,269,0,medium,2392.0,8,Basic,299.0,low,active
u000525,2026-01-12,7,0.0,0,0,0,0.0,0.0,0.0,0.0,0.0,0,0.0,0.0,7.0,0.0,0.0,0.0,0.0,0.0,0.0,0.0,2026-01-30,0,191,0,low,299.0,1,Basic,299.0,low,expired
u001549,2026-01-12,7,22.25,2,2,0,0.0,0.0,1.0,0.0,0.0,1,59.425000000000004,4.5,6.75,0.0,1.0,0.0,-0.625578449716812,-0.5555554320987929,0.0,0.0,2026-01-30,0,147,0,low,1196.0,4,Basic,299.0,low,active
u000526,2026-01-12,7,60.92,6,3,0,0.0,0.0,0.0,0.0,0.0,1,58.5125,5.0,7.0,0.0,1.0,0.0,0.041145053772355396,0.199999960000008,0.0,0.0,2026-01-30,0,193,0,medium,1794.0,6,Basic,299.0,low,active
u000527,2026-01-12,7,54.4,6,3,0,0.0,0.0,0.0,0.0,0.0,1,129.6875,8.75,7.0,0.0,1.0,0.0,-0.5805301160055509,-0.31428567836735105,0.0,0.0,2026-01-30,1,39,0,medium,799.0,1,Premium,799.0,high,cancelled
u001548,2026-01-12,7,66.21,5,8,0,0.0,0.0,0.0,0.0,0.0,1,54.185,4.0,7.0,0.0,1.0,0.0,0.2219248828656475,0.24999993750001562,0.0,0.0,2026-01-30,0,57,0,low,299.0,1,Basic,299.0,low,active
u001547,2026-01-12,7,380.54999999999995,22,39,1,0.0,0.0,1.0,0.0,0.0,1,220.75,13.25,7.0,0.0,2.0,0.0,0.723895806460268,0.6603773086507692,0.0,0.0,2026-01-30,0,98,0,high,2397.0,3,Premium,799.0,high,active
u002391,2026-01-12,7,24.5,3,2,0,0.0,0.0,0.0,0.0,0.0,1,39.8575,2.75,7.0,0.0,2.0,0.0,-0.38531015780442435,0.09090905785125168,0.0,0.0,2026-01-30,0,156,0,low,1495.0,5,Basic,299.0,low,active
u001546,2026-01-12,7,82.96,3,7,0,0.0,0.0,0.0,0.0,0.0,1,104.0575,7.0,7.0,0.0,2.0,0.0,-0.2027484784590398,-0.57142848979593,0.0,0.0,2026-01-30,0,122,0,medium,897.0,3,Basic,299.0,low,active
u001545,2026-01-12,7,130.19,8,15,0,0.0,0.0,0.0,0.0,0.0,1,126.755,8.5,7.0,0.0,2.0,0.0,0.027099522487479627,-0.0588235224913503,0.0,0.0,2026-01-30,0,213,0,high,3493.0,7,Standard,499.0,mid,active
u000069,2026-01-12,7,0.0,0,0,0,0.0,0.0,0.0,0.0,0.0,0,7.6274999999999995,0.5,7.0,1.0,1.0,1.0,-0.9999998688954613,-0.999998000004,0.9999990000010001,0.9999990000010001,2026-01-30,0,251,0,medium,4794.0,6,Premium,799.0,high,expired
u000528,2026-01-12,7,166.35,6,15,0,0.0,0.0,0.0,0.0,0.0,1,148.2625,6.5,7.0,0.0,1.0,0.0,0.12199645816038142,-0.07692306508875922,0.0,0.0,2026-01-30,0,234,0,high,5593.0,7,Premium,799.0,high,active
u001544,2026-01-12,7,115.06,6,11,0,0.0,0.0,1.0,1.0,0.0,1,107.1975,6.25,7.0,0.0,2.0,0.0,0.07334592622639587,-0.039999993600001026,0.0,0.0,2026-01-30,0,128,0,medium,3196.0,4,Premium,799.0,high,active
u000529,2026-01-12,7,26.91,5,6,0,0.0,0.0,1.0,0.0,0.0,1,32.89,3.5,7.0,1.0,1.0,1.0,-0.18181817629011324,0.42857130612248395,0.9999990000010001,0.9999990000010001,2026-01-30,1,41,0,low,0.0,0,Basic,299.0,low,expired
u001543,2026-01-12,7,142.68,7,15,0,0.0,0.0,0.0,0.0,0.0,1,136.5775,6.25,7.0,0.0,2.0,0.0,0.04468159071090356,0.11999998080000307,0.0,0.0,2026-01-30,0,248,0,high,5593.0,7,Premium,799.0,high,active
u000530,2026-01-12,7,21.88,2,3,0,0.0,0.0,0.0,0.0,0.0,1,98.8775,6.5,7.0,0.0,1.0,0.0,-0.7787160802132328,-0.6923075857988329,0.0,0.0,2026-01-30,0,39,0,medium,299.0,1,Basic,299.0,low,active
u001542,2026-01-12,6,29.21,3,3,0,0.0,0.0,0.0,0.0,0.0,1,82.52250000000001,5.75,6.75,1.0,1.0,1.0,-0.6460359217663556,-0.4782607863894284,0.9999990000010001,0.9999990000010001,2026-01-30,0,210,0,high,1495.0,5,Basic,299.0,low,active
u000531,2026-01-12,7,30.96,2,3,0,0.0,0.0,0.0,0.0,0.0,1,39.415,3.25,7.0,0.0,2.0,0.0,-0.21451223609001047,-0.38461526627222575,0.0,0.0,2026-01-30,0,120,0,low,1196.0,4,Basic,299.0,low,active
u001541,2026-01-12,7,35.84,1,3,0,0.0,0.0,0.0,0.0,0.0,1,53.394999999999996,3.5,7.0,0.0,1.0,0.0,-0.32877609647390016,-0.7142855102041399,0.0,0.0,2026-01-30,0,151,0,medium,1996.0,4,Standard,499.0,mid,active
u000532,2026-01-12,7,45.57,6,10,0,0.0,0.0,0.0,0.0,0.0,1,60.43000000000001,4.75,7.0,0.0,1.0,0.0,-0.24590434807373254,0.2631578393351917,0.0,0.0,2026-01-30,0,229,0,medium,3493.0,7,Standard,499.0,mid,active
u001540,2026-01-12,7,131.76999999999998,9,14,0,0.0,0.0,0.0,0.0,0.0,1,140.4125,9.75,7.0,0.0,1.0,0.0,-0.061550787418849645,-0.07692306903353138,0.0,0.0,2026-01-30,0,115,0,medium,897.0,3,Basic,299.0,low,active
u001551,2026-01-12,6,0.0,0,0,0,0.0,0.0,0.0,0.0,0.0,0,0.0,0.0,6.5,0.0,0.0,0.0,0.0,0.0,0.0,0.0,2026-01-30,0,200,0,medium,1996.0,4,Standard,499.0,mid,cancelled
u001552,2026-01-12,7,0.0,0,0,0,0.0,0.0,0.0,0.0,0.0,0,34.18750000000001,2.25,7.0,0.0,1.0,0.0,-0.9999999707495439,-0.999999555555753,0.0,0.0,2026-01-30,0,56,0,low,499.0,1,Standard,499.0,mid,cancelled
u000524,2026-01-12,7,0.0,0,0,0,0.0,0.0,0.0,0.0,0.0,0,3.225,0.25,6.75,1.0,1.0,1.0,-0.9999996899225767,-0.9999960000160001,0.9999990000010001,0.9999990000010001,2026-01-30,0,64,0,medium,0.0,0,Premium,799.0,high,expired
u002390,2026-01-12,7,149.07999999999998,6,10,0,0.0,0.0,0.0,0.0,0.0,1,102.3875,4.25,7.0,0.0,1.0,0.0,0.45603710945147474,0.4117646089965626,0.0,0.0,2026-01-30,0,51,0,medium,499.0,1,Standard,499.0,mid,active
u000070,2026-01-12,7,0.0,0,0,0,0.0,0.0,0.0,0.0,0.0,0,0.0,0.0,7.0,0.0,0.0,0.0,0.0,0.0,0.0,0.0,2026-01-30,0,153,0,low,299.0,1,Basic,299.0,low,cancelled
u001564,2026-01-12,7,228.06,10,25,0,0.0,0.0,0.0,0.0,0.0,1,139.91,7.25,7.0,0.0,1.0,0.0,0.6300478834247167,0.3793102925089252,0.0,0.0,2026-01-30,0,40,0,high,299.0,1,Basic,299.0,low,active
u001563,2026-01-12,7,0.0,0,0,0,0.0,0.0,0.0,0.0,0.0,1,34.85000000000001,3.25,7.0,0.0,1.0,0.0,-0.9999999713055963,-0.999999692307787,0.0,0.0,2026-01-30,0,208,0,medium,1495.0,5,Basic,299.0,low,active
u000520,2026-01-12,7,24.1,6,2,0,0.0,0.0,0.0,0.0,0.0,1,148.02,10.5,7.0,0.0,1.0,0.0,-0.837184158646236,-0.42857138775510595,0.0,0.0,2026-01-30,0,121,0,medium,1497.0,3,Standard,499.0,mid,active
u001562,2026-01-12,7,0.0,0,0,0,0.0,0.0,0.0,0.0,0.0,0,0.0,0.0,7.0,0.0,0.0,0.0,0.0,0.0,0.0,0.0,2026-01-30,0,207,0,low,897.0,3,Basic,299.0,low,cancelled
u001561,2026-01-12,7,163.72,13,18,0,0.0,0.0,1.0,0.0,0.0,1,134.3,8.0,7.0,0.0,1.0,0.0,0.2190618003048264,0.6249999218750099,0.0,0.0,2026-01-30,0,197,0,high,4794.0,6,Premium,799.0,high,active
u000521,2026-01-12,6,161.63,10,18,1,0.0,0.0,0.0,0.0,0.0,1,165.475,9.25,6.75,0.0,1.0,0.0,-0.02323613824906397,0.08108107231555976,0.0,0.0,2026-01-30,0,181,0,high,2495.0,5,Standard,499.0,mid,active
u001560,2026-01-12,7,72.45,5,8,0,0.0,0.0,0.0,0.0,0.0,1,61.01,4.25,7.0,0.0,1.0,0.0,0.1875102411488242,0.17647054671281254,0.0,0.0,2026-01-30,0,56,0,low,299.0,1,Basic,299.0,low,active
u001559,2026-01-12,7,96.4,6,15,0,1.0,1.0,0.0,0.0,0.0,1,48.2,3.0,5.0,1.0,1.0,1.0,0.9999999792531126,0.9999996666667778,0.9999990000010001,0.9999990000010001,2026-01-30,0,21,0,medium,0.0,0,Basic,299.0,low,active
u002385,2026-01-12,7,41.93,4,4,0,0.0,0.0,0.0,0.0,0.0,1,55.2275,4.0,6.75,1.0,2.0,1.0,-0.2407767825670765,0.0,0.499999750000125,0.499999750000125,2026-01-30,0,224,0,low,2093.0,7,Basic,299.0,low,active
u001565,2026-01-12,6,107.29,13,13,0,0.0,0.0,1.0,0.0,0.0,1,91.64999999999999,8.0,6.75,0.0,1.0,0.0,0.17064920708511522,0.6249999218750099,0.0,0.0,2026-01-30,0,131,0,medium,1196.0,4,Basic,299.0,low,active
u001558,2026-01-12,7,25.060000000000002,4,4,0,0.0,0.0,0.0,0.0,0.0,1,41.3125,3.25,7.0,0.0,1.0,0.0,-0.393403923911554,0.23076915976333545,0.0,0.0,2026-01-30,0,76,0,low,598.0,2,Basic,299.0,low,active
u001556,2026-01-12,7,98.02,4,14,0,0.0,0.0,0.0,0.0,0.0,1,62.1125,4.0,7.0,0.0,1.0,0.0,0.5781042370198554,0.0,0.0,0.0,2026-01-30,0,230,0,high,2093.0,7,Basic,299.0,low,active
u002386,2026-01-12,7,59.89,4,9,0,0.0,0.0,1.0,0.0,0.0,1,42.8075,3.75,7.0,0.0,1.0,0.0,0.3990538947835335,0.06666664888889362,0.0,0.0,2026-01-30,0,51,0,medium,299.0,1,Basic,299.0,low,active
u002387,2026-01-12,7,225.53,10,22,0,0.0,0.0,0.0,0.0,0.0,1,261.1066666666666,11.333333333333334,6.666666666666667,0.0,1.0,0.0,-0.13625338251447652,-0.11764704844290755,0.0,0.0,2026-01-30,0,31,0,high,799.0,1,Premium,799.0,high,active
u000522,2026-01-12,6,137.85,10,12,0,0.0,0.0,0.0,0.0,0.0,1,121.57249999999999,8.25,6.5,0.0,1.0,0.0,0.13389129832905228,0.2121211864095532,0.0,0.0,2026-01-30,0,234,0,high,3493.0,7,Standard,499.0,mid,active
u001555,2026-01-12,7,113.84,11,15,0,0.0,0.0,0.0,0.0,0.0,1,82.41,6.75,7.0,1.0,2.0,1.0,0.3813857495281429,0.6296295363511798,0.499999750000125,0.499999750000125,2026-01-30,0,156,0,medium,1996.0,4,Standard,499.0,mid,active
u002388,2026-01-12,7,112.12,6,12,0,0.0,0.0,0.0,0.0,0.0,1,47.36333333333334,3.0,5.0,0.0,1.0,0.0,1.3672320071666124,0.9999996666667778,0.0,0.0,2026-01-30,0,26,0,medium,299.0,1,Basic,299.0,low,active
u002389,2026-01-12,7,123.26,6,15,0,0.0,0.0,0.0,0.0,0.0,1,97.54333333333334,5.666666666666667,6.666666666666667,0.0,1.0,0.0,0.2636435061650189,0.05882351903114364,0.0,0.0,2026-01-30,0,31,0,medium,299.0,1,Basic,299.0,low,active
u000523,2026-01-12,7,129.93,10,20,0,0.0,0.0,1.0,0.0,0.0,1,138.7975,9.25,7.0,0.0,2.0,0.0,-0.06388803786892393,0.08108107231555976,0.0,0.0,2026-01-30,0,222,0,high,2093.0,7,Basic,299.0,low,active
u001554,2026-01-12,7,0.0,0,0,0,0.0,0.0,0.0,0.0,0.0,0,0.0,0.0,7.0,0.0,0.0,0.0,0.0,0.0,0.0,0.0,2026-01-30,0,115,0,low,598.0,2,Basic,299.0,low,cancelled
u001553,2026-01-12,7,127.44999999999999,3,13,0,0.0,0.0,0.0,0.0,0.0,1,101.61749999999999,5.0,6.75,1.0,2.0,1.0,0.2542131005563697,-0.399999920000016,0.499999750000125,0.499999750000125,2026-01-30,0,137,0,medium,3196.0,4,Premium,799.0,high,active
u001557,2026-01-12,7,248.70999999999998,16,23,0,0.0,0.0,0.0,0.0,0.0,1,199.4225,11.75,7.0,0.0,1.0,0.0,0.24715114770323718,0.3617020968764173,0.0,0.0,2026-01-30,0,45,0,high,499.0,1,Standard,499.0,mid,active
u000503,2026-01-12,7,115.01,6,14,0,0.0,0.0,0.0,0.0,0.0,1,166.97746513862,5.0,6.0,0.0,1.0,0.0,-0.3112244205183834,0.199999960000008,0.0,0.0,2026-01-30,1,29,0,medium,299.0,1,Basic,299.0,low,cancelled
u001487,2026-01-12,7,0.0,0,0,0,0.0,0.0,0.0,0.0,0.0,0,0.0,0.0,6.75,0.0,0.0,0.0,0.0,0.0,0.0,0.0,2026-01-30,0,230,0,low,1495.0,5,Basic,299.0,low,cancelled
u001486,2026-01-12,7,0.0,0,0,0,0.0,0.0,0.0,0.0,0.0,0,78.26499999999999,5.0,6.5,0.0,1.0,0.0,-0.9999999872228967,-0.99999980000004,0.0,0.0,2026-01-30,0,54,0,medium,499.0,1,Standard,499.0,mid,cancelled
u001422,2026-01-12,7,122.16,8,15,0,1.0,1.0,0.0,0.0,0.0,1,112.0,8.5,5.0,1.0,1.0,1.0,0.09071428490433671,-0.0588235224913503,0.9999990000010001,0.9999990000010001,2026-01-30,1,21,0,high,0.0,0,Standard,499.0,mid,expired
u001421,2026-01-12,7,24.66,1,6,0,0.0,0.0,0.0,0.0,0.0,1,44.843333333333334,3.0,7.0,0.0,1.0,0.0,-0.45008547275509986,-0.6666664444445185,0.0,0.0,2026-01-30,1,32,0,low,499.0,1,Standard,499.0,mid,cancelled
u001420,2026-01-12,7,18.03,1,1,0,0.0,0.0,0.0,0.0,0.0,1,51.455,3.0,7.0,0.0,1.0,0.0,-0.649596722386615,-0.6666664444445185,0.0,0.0,2026-01-30,0,151,0,medium,1196.0,4,Basic,299.0,low,active
u000612,2026-01-12,7,0.0,0,0,0,0.0,0.0,0.0,0.0,0.0,0,11.187499999999986,0.75,7.0,0.0,1.0,0.0,-0.9999999106145332,-0.9999986666684444,0.0,0.0,2026-01-30,0,154,0,medium,1996.0,4,Standard,499.0,mid,cancelled
u002415,2026-01-12,7,228.62,11,15,0,0.0,0.0,0.0,0.0,0.0,1,213.50750000000002,11.0,7.0,0.0,1.0,0.0,0.07078205650489058,0.0,0.0,0.0,2026-01-30,0,177,0,high,3995.0,5,Premium,799.0,high,active
u001419,2026-01-12,7,0.0,0,0,0,0.0,0.0,0.0,0.0,0.0,0,18.115000000000002,1.0,7.0,0.0,1.0,0.0,-0.9999999447971324,-0.9999990000010001,0.0,0.0,2026-01-30,0,54,0,low,499.0,1,Standard,499.0,mid,cancelled
u001418,2026-01-12,7,68.18,2,7,0,0.0,0.0,0.0,0.0,0.0,1,93.85000000000001,5.0,7.0,0.0,2.0,0.0,-0.2735215740700951,-0.599999880000024,0.0,0.0,2026-01-30,0,160,0,medium,1495.0,5,Basic,299.0,low,active
u001417,2026-01-12,7,100.24,9,12,0,0.0,0.0,1.0,0.0,0.0,1,77.2825,4.75,7.0,0.0,1.0,0.0,0.2970594856913339,0.8947366537396518,0.0,0.0,2026-01-30,0,111,0,low,1497.0,3,Standard,499.0,mid,active
u000613,2026-01-12,7,0.0,0,0,0,0.0,0.0,0.0,0.0,0.0,0,4.02,0.25,7.0,1.0,1.0,1.0,-0.999999751243843,-0.9999960000160001,0.9999990000010001,0.9999990000010001,2026-01-30,0,74,0,low,0.0,0,Basic,299.0,low,expired
u001416,2026-01-12,7,120.84,7,7,0,0.0,0.0,0.0,0.0,0.0,1,114.56,9.0,6.75,0.0,1.0,0.0,0.05481843527567708,-0.22222219753086697,0.0,0.0,2026-01-30,0,74,0,high,598.0,2,Basic,299.0,low,active
u001415,2026-01-12,7,311.1566838774778,7,9,1,0.0,0.0,0.0,0.0,0.0,1,175.07917096936944,7.0,7.0,0.0,2.0,0.0,0.7772341585663627,0.0,0.0,0.0,2026-01-30,0,124,0,high,1497.0,3,Standard,499.0,mid,active
u001414,2026-01-12,7,123.92,9,14,0,0.0,0.0,1.0,0.0,0.0,1,160.0625,8.5,7.0,0.0,2.0,0.0,-0.2258024195186104,0.0588235224913503,0.0,0.0,2026-01-30,0,72,0,high,598.0,2,Basic,299.0,low,active
u001413,2026-01-12,7,0.0,0,0,0,0.0,0.0,0.0,0.0,0.0,1,13.682499999999994,1.25,7.0,0.0,1.0,0.0,-0.9999999269139466,-0.99999920000064,0.0,0.0,2026-01-30,0,208,0,medium,1794.0,6,Basic,299.0,low,active
u000614,2026-01-12,7,214.73,14,31,0,0.0,0.0,0.0,0.0,0.0,1,172.8825,9.25,6.5,0.0,1.0,0.0,0.24205746537644085,0.5135134579985451,0.0,0.0,2026-01-30,0,174,0,high,3995.0,5,Premium,799.0,high,active
u001412,2026-01-12,7,70.82000000000001,5,7,0,0.0,0.0,0.0,0.0,0.0,1,169.0575,11.25,7.0,0.0,2.0,0.0,-0.5810892709220871,-0.5555555061728439,0.0,0.0,2026-01-30,0,130,0,high,3196.0,4,Premium,799.0,high,active
u002416,2026-01-12,6,68.79,3,7,0,0.0,0.0,0.0,0.0,0.0,1,110.43250000000002,5.0,6.5,0.0,1.0,0.0,-0.37708554658197957,-0.399999920000016,0.0,0.0,2026-01-30,0,148,0,medium,1996.0,4,Standard,499.0,mid,active
u001411,2026-01-12,7,0.0,0,0,0,0.0,0.0,0.0,0.0,0.0,0,0.0,0.0,7.0,0.0,0.0,0.0,0.0,0.0,0.0,0.0,2026-01-30,0,255,0,high,2994.0,6,Standard,499.0,mid,cancelled
u000615,2026-01-12,7,0.0,0,0,0,0.0,0.0,0.0,0.0,0.0,0,5.9425,0.25,7.0,0.0,1.0,0.0,-0.9999998317206846,-0.9999960000160001,0.0,0.0,2026-01-30,0,98,0,medium,998.0,2,Standard,499.0,mid,cancelled
u001410,2026-01-12,7,0.0,0,0,0,0.0,0.0,0.0,0.0,0.0,0,0.0,0.0,7.0,0.0,0.0,0.0,0.0,0.0,0.0,0.0,2026-01-30,0,199,0,low,299.0,1,Basic,299.0,low,cancelled
u000616,2026-01-12,7,0.0,0,0,0,0.0,0.0,0.0,0.0,0.0,0,54.1775,4.5,7.0,0.0,1.0,0.0,-0.9999999815421535,-0.9999997777778271,0.0,0.0,2026-01-30,0,110,0,low,1497.0,3,Standard,499.0,mid,cancelled
u001409,2026-01-12,7,253.60000000000002,17,22,1,0.0,0.0,0.0,0.0,0.0,1,188.705,11.0,7.0,0.0,1.0,0.0,0.34389655629741367,0.5454544958677732,0.0,0.0,2026-01-30,0,270,0,medium,3992.0,8,Standard,499.0,mid,active
u001423,2026-01-12,7,56.73,6,3,0,0.0,0.0,0.0,0.0,0.0,1,87.46000000000002,6.5,7.0,0.0,1.0,0.0,-0.35136061798124174,-0.07692306508875922,0.0,0.0,2026-01-30,0,123,0,high,897.0,3,Basic,299.0,low,active
u000617,2026-01-12,7,0.0,0,0,0,0.0,0.0,0.0,0.0,0.0,0,0.0,0.0,7.0,0.0,0.0,0.0,0.0,0.0,0.0,0.0,2026-01-30,0,208,0,medium,1497.0,3,Standard,499.0,mid,expired
u001424,2026-01-12,7,27.17,1,4,0,0.0,0.0,1.0,0.0,0.0,1,28.9,1.5,6.75,0.0,2.0,0.0,-0.05986158962416634,-0.3333331111112593,0.0,0.0,2026-01-30,0,101,0,low,897.0,3,Basic,299.0,low,active
u001425,2026-01-12,6,79.03,6,10,0,0.0,0.0,0.0,0.0,0.0,1,68.31750000000002,5.5,6.75,0.0,1.0,0.0,0.15680462316676327,0.09090907438016829,0.0,0.0,2026-01-30,0,206,0,medium,1794.0,6,Basic,299.0,low,active
u001435,2026-01-12,7,105.21,7,5,0,0.0,0.0,0.0,0.0,0.0,1,91.96499999999999,6.0,7.0,0.0,2.0,0.0,0.14402218078592754,0.16666663888889352,0.0,0.0,2026-01-30,0,190,0,low,1794.0,6,Basic,299.0,low,active
u000604,2026-01-12,7,0.0,0,0,0,0.0,0.0,0.0,0.0,0.0,0,0.0,0.0,7.0,0.0,0.0,0.0,0.0,0.0,0.0,0.0,2026-01-30,0,237,0,low,1794.0,6,Basic,299.0,low,cancelled
u000605,2026-01-12,7,268.87,16,27,0,0.0,0.0,0.0,0.0,0.0,1,196.73250000000002,11.0,6.75,0.0,1.0,0.0,0.36667810165235476,0.4545454132231443,0.0,0.0,2026-01-30,0,63,0,high,799.0,1,Premium,799.0,high,active
u001434,2026-01-12,7,207.82,8,25,0,0.0,0.0,0.0,0.0,0.0,1,126.91000000000001,5.5,7.0,0.0,2.0,0.0,0.6375384080250694,0.4545453719008415,0.0,0.0,2026-01-30,0,129,0,high,1497.0,3,Standard,499.0,mid,active
u001433,2026-01-12,7,104.45,14,10,0,0.0,0.0,0.0,0.0,0.0,1,54.025000000000006,6.5,7.0,0.0,1.0,0.0,0.9333641659719728,1.1538459763313882,0.0,0.0,2026-01-30,0,228,0,low,2093.0,7,Basic,299.0,low,active
u002412,2026-01-12,7,156.84,8,12,0,0.0,0.0,0.0,0.0,0.0,1,180.1875,11.25,7.0,1.0,2.0,1.0,-0.12957336036310307,-0.28888886320987883,0.499999750000125,0.499999750000125,2026-01-30,0,258,0,medium,2093.0,7,Basic,299.0,low,active
u000606,2026-01-12,7,52.769999999999996,4,5,0,0.0,0.0,1.0,0.0,0.0,1,104.1275,7.0,6.5,0.0,2.0,0.0,-0.49321744502444176,-0.4285713673469475,0.0,0.0,2026-01-30,0,136,0,high,1996.0,4,Standard,499.0,mid,active
u001432,2026-01-12,7,217.68,12,27,0,0.0,0.0,0.0,0.0,0.0,1,167.6575,8.75,7.0,0.0,1.0,0.0,0.29836124063426195,0.3714285289795967,0.0,0.0,2026-01-30,0,224,0,high,3493.0,7,Standard,499.0,mid,active
u002413,2026-01-12,7,116.97,10,16,0,0.0,0.0,0.0,0.0,0.0,1,64.0475,5.75,6.5,1.0,2.0,1.0,0.8263007794792806,0.7391303062382076,0.499999750000125,0.499999750000125,2026-01-30,0,37,0,low,299.0,1,Basic,299.0,low,active
u000607,2026-01-12,7,345.09000000000003,14,29,1,0.0,0.0,0.0,0.0,0.0,1,194.29250000000002,10.0,7.0,0.0,2.0,0.0,0.7761364912380226,0.39999996000000404,0.0,0.0,2026-01-30,0,189,0,high,4794.0,6,Premium,799.0,high,active
u001431,2026-01-12,7,191.84,11,26,0,0.0,0.0,0.0,0.0,0.0,1,184.1,9.5,7.0,0.0,2.0,0.0,0.042042368049742755,0.15789472022160841,0.0,0.0,2026-01-30,0,152,0,high,1495.0,5,Basic,299.0,low,active
u001430,2026-01-12,7,51.82,3,6,0,0.0,0.0,0.0,0.0,0.0,1,121.1275,8.75,6.75,0.0,1.0,0.0,-0.5721863278595999,-0.657142782040825,0.0,0.0,2026-01-30,0,73,0,high,1598.0,2,Premium,799.0,high,active
u001429,2026-01-12,7,88.27,4,7,0,0.0,0.0,0.0,0.0,0.0,1,102.4525,6.0,7.0,1.0,1.0,1.0,-0.1384300027971011,-0.33333327777778704,0.9999990000010001,0.9999990000010001,2026-01-30,0,203,0,medium,1196.0,4,Basic,299.0,low,active
u000608,2026-01-12,7,117.11,8,10,0,0.0,0.0,0.0,0.0,0.0,1,83.255,6.75,7.0,0.0,1.0,0.0,0.4066422388247885,0.185185157750347,0.0,0.0,2026-01-30,0,141,0,medium,1196.0,4,Basic,299.0,low,active
u000609,2026-01-12,6,58.32,7,8,0,0.0,0.0,0.0,0.0,0.0,1,66.3,5.666666666666667,5.333333333333333,0.0,1.0,0.0,-0.1203619891348116,0.23529407612457473,0.0,0.0,2026-01-30,1,28,0,medium,499.0,1,Standard,499.0,mid,cancelled
u000610,2026-01-12,7,170.65,9,16,0,0.0,0.0,0.0,0.0,0.0,1,144.8825,6.75,7.0,1.0,1.0,1.0,0.17785101597604264,0.3333332839506246,0.9999990000010001,0.9999990000010001,2026-01-30,0,55,0,high,0.0,0,Standard,499.0,mid,active
u002414,2026-01-12,7,0.0,0,0,0,0.0,0.0,0.0,0.0,0.0,0,0.0,0.0,7.0,0.0,0.0,0.0,0.0,0.0,0.0,0.0,2026-01-30,0,120,0,low,0.0,0,Standard,499.0,mid,expired
u001428,2026-01-12,7,55.8,2,6,0,0.0,0.0,0.0,0.0,0.0,1,69.43249999999999,4.5,7.0,0.0,1.0,0.0,-0.19634176795676705,-0.5555554320987929,0.0,0.0,2026-01-30,0,44,0,medium,499.0,1,Standard,499.0,mid,active
u001427,2026-01-12,7,24.16,2,1,0,0.0,0.0,0.0,0.0,0.0,1,29.494999999999997,2.25,7.0,0.0,2.0,0.0,-0.1808781088022339,-0.111111061728417,0.0,0.0,2026-01-30,0,102,0,low,897.0,3,Basic,299.0,low,active
u001426,2026-01-12,7,0.0,0,0,0,0.0,0.0,0.0,0.0,0.0,0,11.625,0.5,7.0,1.0,1.0,1.0,-0.9999999139785021,-0.999998000004,0.9999990000010001,0.9999990000010001,2026-01-30,0,66,0,low,0.0,0,Basic,299.0,low,expired
u000056,2026-01-12,7,58.05,7,8,0,0.0,0.0,0.0,0.0,0.0,1,59.4475,4.75,7.0,0.0,1.0,0.0,-0.023508137036744422,0.4736841108033451,0.0,0.0,2026-01-30,0,260,0,low,2392.0,8,Basic,299.0,low,active
u000611,2026-01-12,7,113.05,13,11,0,0.0,0.0,0.0,0.0,0.0,1,46.120000000000005,5.0,7.0,0.0,1.0,0.0,1.4512141922980442,1.599999680000064,0.0,0.0,2026-01-30,0,61,0,medium,299.0,1,Basic,299.0,low,active
u001408,2026-01-12,7,80.24000000000001,5,5,0,0.0,0.0,1.0,1.0,0.0,1,112.47,6.5,6.75,0.0,1.0,0.0,-0.2865653037559766,-0.23076919526627765,0.0,0.0,2026-01-30,0,51,0,medium,499.0,1,Standard,499.0,mid,active
u002417,2026-01-12,7,128.41,7,10,0,0.0,0.0,0.0,0.0,0.0,1,127.82749999999999,7.0,7.0,0.0,1.0,0.0,0.004556922379324386,0.0,0.0,0.0,2026-01-30,0,115,0,high,1497.0,3,Standard,499.0,mid,active
u001407,2026-01-12,7,47.04,3,4,0,0.0,0.0,0.0,0.0,0.0,1,65.39500000000001,3.25,6.75,0.0,1.0,0.0,-0.28067894669808185,-0.07692305325444515,0.0,0.0,2026-01-30,0,183,0,low,1495.0,5,Basic,299.0,low,active
u000626,2026-01-12,7,53.55,3,10,0,0.0,0.0,0.0,0.0,0.0,1,81.9375,3.75,6.75,0.0,1.0,0.0,-0.34645308501659094,-0.1999999466666809,0.0,0.0,2026-01-30,0,212,0,medium,1495.0,5,Basic,299.0,low,active
u002419,2026-01-12,7,25.46,4,3,0,0.0,0.0,0.0,0.0,0.0,1,38.8625,3.0,6.75,0.0,1.0,0.0,-0.3448697241590292,0.33333322222225925,0.0,0.0,2026-01-30,0,198,0,low,1794.0,6,Basic,299.0,low,active
u001391,2026-01-12,7,0.0,0,0,0,0.0,0.0,0.0,0.0,0.0,0,0.0,0.0,7.0,0.0,0.0,0.0,0.0,0.0,0.0,0.0,2026-01-30,0,194,0,medium,897.0,3,Basic,299.0,low,cancelled
u000627,2026-01-12,7,0.0,0,0,0,0.0,0.0,0.0,0.0,0.0,0,0.0,0.0,7.0,0.0,0.0,0.0,0.0,0.0,0.0,0.0,2026-01-30,0,186,0,low,799.0,1,Premium,799.0,high,cancelled
u001390,2026-01-12,7,327.71999999999997,18,43,1,0.0,0.0,1.0,0.0,0.0,1,197.44,12.75,7.0,0.0,1.0,0.0,0.6598460258314118,0.41176467358708446,0.0,0.0,2026-01-30,0,42,0,high,499.0,1,Standard,499.0,mid,active
u001389,2026-01-12,7,87.61,7,9,0,0.0,0.0,1.0,0.0,0.0,1,73.8425,4.25,7.0,0.0,1.0,0.0,0.18644411840817796,0.6470586712803126,0.0,0.0,2026-01-30,0,47,0,medium,299.0,1,Basic,299.0,low,active
u000053,2026-01-12,7,0.0,0,0,0,0.0,0.0,0.0,0.0,0.0,0,0.0,0.0,7.0,0.0,0.0,0.0,0.0,0.0,0.0,0.0,2026-01-30,0,179,0,low,299.0,1,Basic,299.0,low,expired
u001388,2026-01-12,7,18.4,1,2,0,0.0,0.0,0.0,0.0,0.0,1,60.885,4.0,7.0,0.0,2.0,0.0,-0.6977909058423108,-0.7499998125000469,0.0,0.0,2026-01-30,0,189,0,medium,2994.0,6,Standard,499.0,mid,active
u001387,2026-01-12,7,27.0,5,6,0,0.0,0.0,0.0,0.0,0.0,1,39.975,2.75,7.0,0.0,1.0,0.0,-0.324577853043706,0.8181815206612651,0.0,0.0,2026-01-30,0,130,0,low,1196.0,4,Basic,299.0,low,active
u000628,2026-01-12,7,0.0,0,0,0,0.0,0.0,0.0,0.0,0.0,0,0.0,0.0,7.0,0.0,0.0,0.0,0.0,0.0,0.0,0.0,2026-01-30,0,178,0,low,299.0,1,Basic,299.0,low,cancelled
u001386,2026-01-12,7,88.87,4,8,0,0.0,0.0,0.0,0.0,0.0,1,85.6325,4.5,7.0,0.0,1.0,0.0,0.03780690698266551,-0.11111108641975857,0.0,0.0,2026-01-30,0,211,0,medium,1495.0,5,Basic,299.0,low,active
u000629,2026-01-12,7,203.84,9,25,0,0.0,0.0,0.0,0.0,0.0,1,223.6225,14.75,7.0,0.0,1.0,0.0,-0.08846381697519785,-0.38983048204539106,0.0,0.0,2026-01-30,0,144,0,high,1996.0,4,Standard,499.0,mid,active
u001385,2026-01-12,7,192.07,14,22,0,0.0,0.0,0.0,0.0,0.0,1,194.54000000000002,13.0,7.0,0.0,1.0,0.0,-0.012696617596912766,0.07692307100591762,0.0,0.0,2026-01-30,0,174,0,high,3995.0,5,Premium,799.0,high,active
u002420,2026-01-12,7,108.34,8,7,0,0.0,0.0,0.0,0.0,0.0,1,86.91,6.25,6.5,0.0,2.0,0.0,0.24657691581432623,0.27999995520000714,0.0,0.0,2026-01-30,0,165,0,high,2495.0,5,Standard,499.0,mid,active
u001384,2026-01-12,7,49.96,3,5,0,0.0,0.0,1.0,0.0,0.0,1,91.98,6.0,6.75,0.0,1.0,0.0,-0.4568384381730981,-0.49999991666668053,0.0,0.0,2026-01-30,0,45,0,high,299.0,1,Basic,299.0,low,active
u001383,2026-01-12,7,64.67999999999999,3,3,0,0.0,0.0,0.0,0.0,0.0,1,67.29249999999999,4.5,6.75,0.0,1.0,0.0,-0.03882304805404688,-0.3333332592592757,0.0,0.0,2026-01-30,0,183,0,low,1495.0,5,Basic,299.0,low,active
u000630,2026-01-12,7,0.0,0,0,0,0.0,0.0,0.0,0.0,0.0,0,0.0,0.0,7.0,0.0,0.0,0.0,0.0,0.0,0.0,0.0,2026-01-30,0,179,0,low,998.0,2,Standard,499.0,mid,cancelled
u001382,2026-01-12,6,37.94,2,4,0,0.0,0.0,0.0,0.0,0.0,1,78.955,6.5,6.5,0.0,1.0,0.0,-0.5194731110192754,-0.6923075857988329,0.0,0.0,2026-01-30,0,199,0,medium,1794.0,6,Basic,299.0,low,active
u000631,2026-01-12,7,30.81,2,6,0,0.0,0.0,0.0,0.0,0.0,1,71.58749999999999,4.75,7.0,0.0,1.0,0.0,-0.569617592881193,-0.5789472465374218,0.0,0.0,2026-01-30,0,86,0,high,598.0,2,Basic,299.0,low,active
u001381,2026-01-12,7,26.67,1,3,0,0.0,0.0,0.0,0.0,0.0,1,58.93,3.0,6.5,0.0,1.0,0.0,-0.5474291439431674,-0.6666664444445185,0.0,0.0,2026-01-30,0,24,0,medium,299.0,1,Basic,299.0,low,active
u001380,2026-01-12,7,199.4,9,17,1,0.0,0.0,1.0,0.0,0.0,1,228.64749999999998,11.0,7.0,0.0,1.0,0.0,-0.12791524014950847,-0.1818181652892577,0.0,0.0,2026-01-30,0,135,0,high,3196.0,4,Premium,799.0,high,active
u001392,2026-01-12,7,105.68,5,12,0,0.0,0.0,0.0,0.0,0.0,1,163.57500000000002,9.25,7.0,0.0,1.0,0.0,-0.3539355014278741,-0.45945940978817196,0.0,0.0,2026-01-30,0,138,0,high,1996.0,4,Standard,499.0,mid,active
u001393,2026-01-12,7,50.82,8,12,0,0.0,0.0,0.0,0.0,0.0,1,41.019999999999996,6.0,6.5,1.0,1.0,1.0,0.23890784400517215,0.33333327777778704,0.9999990000010001,0.9999990000010001,2026-01-30,1,24,0,low,0.0,0,Standard,499.0,mid,expired
u001394,2026-01-12,7,137.71,8,10,0,0.0,0.0,0.0,0.0,0.0,1,273.40356346456724,15.0,6.75,0.0,1.0,0.0,-0.4963123422706983,-0.46666663555555765,0.0,0.0,2026-01-30,0,84,0,high,1598.0,2,Premium,799.0,high,active
u000625,2026-01-12,7,36.239999999999995,3,5,0,0.0,0.0,0.0,0.0,0.0,1,44.48,2.0,7.0,0.0,1.0,0.0,-0.18525179439631764,0.499999750000125,0.0,0.0,2026-01-30,0,119,0,high,1497.0,3,Standard,499.0,mid,active
u000055,2026-01-12,7,0.0,0,0,0,0.0,0.0,0.0,0.0,0.0,0,0.0,0.0,6.5,0.0,0.0,0.0,0.0,0.0,0.0,0.0,2026-01-30,0,146,0,low,598.0,2,Basic,299.0,low,cancelled
u000618,2026-01-12,7,85.23,5,6,0,0.0,0.0,0.0,0.0,0.0,1,121.2125,8.25,6.75,0.0,1.0,0.0,-0.29685469488002725,-0.3939393461891702,0.0,0.0,2026-01-30,0,204,0,high,1794.0,6,Basic,299.0,low,active
u001406,2026-01-12,7,77.75,5,6,0,0.0,0.0,0.0,0.0,0.0,1,61.89,5.0,7.0,0.0,1.0,0.0,0.2562611042775714,0.0,0.0,0.0,2026-01-30,0,231,0,low,2093.0,7,Basic,299.0,low,active
u000619,2026-01-12,7,13.96,2,1,0,0.0,0.0,1.0,0.0,0.0,1,36.60500000000001,4.25,7.0,0.0,1.0,0.0,-0.6186313176169563,-0.5294116401384376,0.0,0.0,2026-01-30,1,255,0,low,2392.0,8,Basic,299.0,low,cancelled
u001405,2026-01-12,7,17.27,1,2,0,0.0,0.0,0.0,0.0,0.0,1,31.977499999999992,2.5,7.0,0.0,1.0,0.0,-0.45993275084253754,-0.5999997600000959,0.0,0.0,2026-01-30,1,226,0,low,2093.0,7,Basic,299.0,low,cancelled
u000620,2026-01-12,7,240.3,17,23,0,0.0,0.0,1.0,0.0,0.0,1,104.76,8.25,6.75,0.0,1.0,0.0,1.2938144206394195,1.0606059320477659,0.0,0.0,2026-01-30,0,235,0,high,3493.0,7,Standard,499.0,mid,active
u001404,2026-01-12,7,0.0,0,0,0,0.0,0.0,0.0,0.0,0.0,0,6.427499999999999,0.5,6.75,1.0,1.0,1.0,-0.9999998444185384,-0.999998000004,0.9999990000010001,0.9999990000010001,2026-01-30,0,190,0,low,1196.0,4,Basic,299.0,low,expired
u001403,2026-01-12,7,164.54,12,22,0,0.0,0.0,0.0,0.0,0.0,1,108.87,7.5,7.0,0.0,1.0,0.0,0.5113437998406924,0.5999999200000107,0.0,0.0,2026-01-30,0,195,0,high,2994.0,6,Standard,499.0,mid,active
u000621,2026-01-12,7,74.53,8,10,0,0.0,0.0,1.0,0.0,0.0,1,63.364999999999995,5.25,6.75,0.0,2.0,0.0,0.17620137021697527,0.5238094240363002,0.0,0.0,2026-01-30,0,162,0,medium,1495.0,5,Basic,299.0,low,active
u001402,2026-01-12,6,13.81,1,1,0,0.0,0.0,0.0,0.0,0.0,1,35.715,3.0,6.75,1.0,1.0,1.0,-0.6133277162724985,-0.6666664444445185,0.9999990000010001,0.9999990000010001,2026-01-30,0,210,0,medium,2495.0,5,Standard,499.0,mid,active
u000603,2026-01-12,7,130.07999999999998,10,15,0,0.0,0.0,0.0,0.0,0.0,1,96.6725,5.5,7.0,0.0,1.0,0.0,0.34557397040964094,0.8181816694215146,0.0,0.0,2026-01-30,0,85,0,medium,598.0,2,Basic,299.0,low,active
u000622,2026-01-12,7,0.0,0,0,0,0.0,0.0,0.0,0.0,0.0,0,0.0,0.0,7.0,0.0,0.0,0.0,0.0,0.0,0.0,0.0,2026-01-30,0,151,0,low,897.0,3,Basic,299.0,low,cancelled
u001400,2026-01-12,7,0.0,0,0,0,0.0,0.0,0.0,0.0,0.0,0,0.0,0.0,7.0,0.0,0.0,0.0,0.0,0.0,0.0,0.0,2026-01-30,0,195,0,low,598.0,2,Basic,299.0,low,expired
u002418,2026-01-12,7,127.03,3,8,0,0.0,0.0,0.0,0.0,0.0,1,89.2675,5.0,7.0,0.0,1.0,0.0,0.4230262926258012,-0.399999920000016,0.0,0.0,2026-01-30,0,205,0,high,2495.0,5,Standard,499.0,mid,active
u000623,2026-01-12,7,115.26,5,8,0,0.0,0.0,0.0,0.0,0.0,1,163.63250000000002,8.5,7.0,0.0,1.0,0.0,-0.2956167002544318,-0.4117646574394521,0.0,0.0,2026-01-30,0,229,0,high,3493.0,7,Standard,499.0,mid,active
u001399,2026-01-12,7,110.15,3,14,0,0.0,0.0,0.0,0.0,0.0,1,169.1625,8.75,6.5,0.0,1.0,0.0,-0.3488509548578972,-0.657142782040825,0.0,0.0,2026-01-30,0,264,0,high,5593.0,7,Premium,799.0,high,active
u000054,2026-01-12,6,0.0,0,0,0,0.0,0.0,0.0,0.0,0.0,0,0.0,0.0,6.75,0.0,0.0,0.0,0.0,0.0,0.0,0.0,2026-01-30,0,153,0,low,998.0,2,Standard,499.0,mid,cancelled
u000624,2026-01-12,7,29.32,2,6,0,0.0,0.0,0.0,0.0,0.0,1,58.7575,4.0,6.75,0.0,1.0,0.0,-0.5009998638301517,-0.49999987500003124,0.0,0.0,2026-01-30,0,166,0,medium,2495.0,5,Standard,499.0,mid,active
u001398,2026-01-12,7,0.0,0,0,0,0.0,0.0,0.0,0.0,0.0,0,0.0,0.0,7.0,0.0,0.0,0.0,0.0,0.0,0.0,0.0,2026-01-30,0,106,0,medium,998.0,2,Standard,499.0,mid,cancelled
u001397,2026-01-12,7,337.02,20,31,0,0.0,0.0,0.0,0.0,0.0,1,278.6275,18.0,7.0,1.0,1.0,1.0,0.20957191874609674,0.11111110493827195,0.9999990000010001,0.9999990000010001,2026-01-30,0,115,0,high,1598.0,2,Premium,799.0,high,active
u001396,2026-01-12,7,165.07999999999998,12,17,0,0.0,0.0,0.0,0.0,0.0,1,139.265,8.5,7.0,1.0,2.0,1.0,0.18536602746299483,0.4117646574394521,0.499999750000125,0.499999750000125,2026-01-30,0,122,0,medium,1497.0,3,Standard,499.0,mid,active
u001395,2026-01-12,7,0.0,0,0,0,0.0,0.0,0.0,0.0,0.0,0,5.365,1.0,6.5,1.0,1.0,1.0,-0.9999998136067448,-0.9999990000010001,0.9999990000010001,0.9999990000010001,2026-01-30,0,216,0,low,2495.0,5,Standard,499.0,mid,cancelled
u001401,2026-01-12,7,0.0,0,0,0,0.0,0.0,1.0,0.0,0.0,0,82.4425,4.75,7.0,1.0,1.0,1.0,-0.9999999878703341,-0.9999997894737285,0.9999990000010001,0.9999990000010001,2026-01-30,0,56,0,medium,0.0,0,Basic,299.0,low,expired
u001436,2026-01-12,7,224.18,14,18,1,0.0,0.0,0.0,0.0,0.0,1,217.765,14.25,7.0,0.0,2.0,0.0,0.02945836094203228,-0.017543858417974848,0.0,0.0,2026-01-30,0,245,0,high,5593.0,7,Premium,799.0,high,active
u001437,2026-01-12,7,0.0,0,0,0,0.0,0.0,1.0,0.0,0.0,0,0.0,0.0,7.0,0.0,0.0,0.0,0.0,0.0,0.0,0.0,2026-01-30,0,163,0,low,1196.0,4,Basic,299.0,low,cancelled
u001438,2026-01-12,7,129.7,6,13,0,0.0,0.0,0.0,0.0,0.0,1,83.42249999999999,5.25,7.0,0.0,1.0,0.0,0.5547364253680193,0.1428571156462637,0.0,0.0,2026-01-30,0,107,0,medium,2397.0,3,Premium,799.0,high,active
u000578,2026-01-12,7,113.47999999999999,12,15,0,0.0,0.0,0.0,0.0,0.0,1,138.89999999999998,10.5,7.0,0.0,1.0,0.0,-0.18300935793369788,0.142857129251702,0.0,0.0,2026-01-30,0,139,0,high,1996.0,4,Standard,499.0,mid,active
u000579,2026-01-12,7,174.46,15,11,1,0.0,0.0,0.0,0.0,0.0,1,154.45250000000001,10.5,7.0,0.0,1.0,0.0,0.1295382067008419,0.42857138775510595,0.0,0.0,2026-01-30,0,46,0,high,499.0,1,Standard,499.0,mid,active
u001473,2026-01-12,7,61.37,5,3,0,0.0,0.0,0.0,0.0,0.0,1,64.6775,5.0,6.75,0.0,2.0,0.0,-0.051138339435841805,0.0,0.0,0.0,2026-01-30,1,158,0,medium,1196.0,4,Basic,299.0,low,cancelled
u001472,2026-01-12,7,64.19,5,3,0,0.0,0.0,0.0,0.0,0.0,1,85.67750000000001,6.25,7.0,0.0,1.0,0.0,-0.2507951299840084,-0.1999999680000051,0.0,0.0,2026-01-30,0,95,0,medium,598.0,2,Basic,299.0,low,active
u001471,2026-01-12,7,92.2,6,7,0,0.0,0.0,0.0,0.0,0.0,1,71.69,5.5,7.0,0.0,1.0,0.0,0.28609289599535653,0.09090907438016829,0.0,0.0,2026-01-30,0,45,0,low,299.0,1,Basic,299.0,low,active
u002405,2026-01-12,7,0.0,0,0,0,0.0,0.0,0.0,0.0,0.0,0,59.3025,4.0,7.0,0.0,1.0,0.0,-0.9999999831373049,-0.9999997500000625,0.0,0.0,2026-01-30,0,174,0,medium,1495.0,5,Basic,299.0,low,cancelled
u001470,2026-01-12,7,69.88,5,6,0,0.0,0.0,0.0,0.0,0.0,1,78.1925,5.0,6.75,0.0,1.0,0.0,-0.10630814839903895,0.0,0.0,0.0,2026-01-30,0,255,0,low,3992.0,8,Standard,499.0,mid,active
u000580,2026-01-12,7,153.06,8,15,0,0.0,0.0,0.0,0.0,0.0,1,114.17750000000001,6.5,7.0,0.0,1.0,0.0,0.3405443249279032,0.23076919526627765,0.0,0.0,2026-01-30,0,245,0,high,5593.0,7,Premium,799.0,high,active
u001469,2026-01-12,6,14.37,1,1,0,0.0,0.0,1.0,0.0,0.0,1,38.7175,3.0,6.75,1.0,1.0,1.0,-0.6288499869865053,-0.6666664444445185,0.9999990000010001,0.9999990000010001,2026-01-30,0,75,0,medium,299.0,1,Basic,299.0,low,active
u002406,2026-01-12,7,0.0,0,0,0,0.0,0.0,0.0,0.0,0.0,0,8.2175,0.5,7.0,0.0,1.0,0.0,-0.9999998783085029,-0.999998000004,0.0,0.0,2026-01-30,0,63,0,low,499.0,1,Standard,499.0,mid,cancelled
u001468,2026-01-12,7,0.0,0,0,0,0.0,0.0,0.0,0.0,0.0,0,26.7325,1.75,7.0,0.0,1.0,0.0,-0.9999999625923515,-0.9999994285717552,0.0,0.0,2026-01-30,0,174,0,low,2495.0,5,Standard,499.0,mid,cancelled
u000061,2026-01-12,7,91.79,9,11,0,0.0,0.0,0.0,0.0,0.0,1,87.36,6.75,7.0,0.0,1.0,0.0,0.050709706379238786,0.3333332839506246,0.0,0.0,2026-01-30,0,39,0,medium,499.0,1,Standard,499.0,mid,active
u000581,2026-01-12,7,0.0,0,0,0,0.0,0.0,0.0,0.0,0.0,0,0.0,0.0,7.0,0.0,1.0,0.0,0.0,0.0,0.0,0.0,2026-01-30,0,247,0,low,1794.0,6,Basic,299.0,low,cancelled
u000060,2026-01-12,7,150.72,6,11,0,0.0,0.0,0.0,0.0,0.0,1,152.3875,7.75,7.0,0.0,2.0,0.0,-0.010942498492707679,-0.22580642247659063,0.0,0.0,2026-01-30,0,99,0,high,1497.0,3,Standard,499.0,mid,active
u001467,2026-01-12,7,12.1,4,1,0,0.0,0.0,0.0,0.0,0.0,0,17.21,3.0,7.0,1.0,1.0,1.0,-0.29692037786633485,0.33333322222225925,0.9999990000010001,0.9999990000010001,2026-01-30,0,111,0,low,598.0,2,Basic,299.0,low,expired
u001466,2026-01-12,7,124.77,7,9,0,0.0,0.0,0.0,0.0,0.0,1,90.755,6.0,7.0,0.0,1.0,0.0,0.37480028235579,0.16666663888889352,0.0,0.0,2026-01-30,0,242,0,high,2093.0,7,Basic,299.0,low,active
u000582,2026-01-12,7,385.02,21,41,1,0.0,0.0,0.0,0.0,0.0,1,222.76,11.5,7.0,0.0,1.0,0.0,0.7284072511743255,0.826086884688097,0.0,0.0,2026-01-30,0,61,0,high,799.0,1,Premium,799.0,high,active
u001465,2026-01-12,6,0.0,0,0,0,0.0,0.0,0.0,0.0,0.0,0,6.155,0.25,6.5,1.0,1.0,1.0,-0.9999998375304894,-0.9999960000160001,0.9999990000010001,0.9999990000010001,2026-01-30,0,57,0,low,0.0,0,Basic,299.0,low,expired
u001464,2026-01-12,7,171.69,8,19,0,0.0,0.0,1.0,0.0,0.0,1,173.715,10.0,7.0,0.0,1.0,0.0,-0.01165702436947288,-0.19999998000000202,0.0,0.0,2026-01-30,0,258,0,high,5593.0,7,Premium,799.0,high,active
u000583,2026-01-12,7,61.95,6,7,0,0.0,0.0,0.0,0.0,0.0,1,64.89750000000001,4.75,7.0,0.0,2.0,0.0,-0.04541777348252601,0.2631578393351917,0.0,0.0,2026-01-30,0,244,0,low,2392.0,8,Basic,299.0,low,active
u001463,2026-01-12,7,245.96,16,31,0,0.0,0.0,1.0,0.0,0.0,1,220.225,14.5,7.0,0.0,1.0,0.0,0.11685775857937226,0.10344826872770561,0.0,0.0,2026-01-30,0,259,0,high,3992.0,8,Standard,499.0,mid,active
u001474,2026-01-12,7,39.150000000000006,3,5,0,0.0,0.0,0.0,0.0,0.0,1,67.1125,8.0,7.0,1.0,3.0,1.0,-0.41665113925645525,-0.6249999218750099,0.33333322222225925,0.33333322222225925,2026-01-30,0,219,0,medium,2093.0,7,Basic,299.0,low,active
u001475,2026-01-12,6,68.11,5,3,0,0.0,0.0,0.0,0.0,0.0,1,108.71000000000001,8.0,6.5,1.0,1.0,1.0,-0.37347069843187664,-0.3749999531250059,0.9999990000010001,0.9999990000010001,2026-01-30,1,25,0,medium,0.0,0,Standard,499.0,mid,expired
u000577,2026-01-12,6,54.160000000000004,2,3,0,0.0,0.0,0.0,0.0,0.0,1,39.705,2.75,6.5,0.0,1.0,0.0,0.3640599329036664,-0.27272717355375503,0.0,0.0,2026-01-30,0,38,0,low,299.0,1,Basic,299.0,low,active
u000576,2026-01-12,7,164.95,12,15,0,0.0,0.0,1.0,0.0,0.0,1,204.095,11.25,7.0,0.0,1.0,0.0,-0.19179793629536282,0.06666666074074128,0.0,0.0,2026-01-30,0,177,0,high,2495.0,5,Standard,499.0,mid,active
u001485,2026-01-12,7,130.14,7,13,0,0.0,0.0,2.0,1.0,0.0,1,118.9125,8.0,7.0,0.0,1.0,0.0,0.09441816382282626,-0.12499998437500197,0.0,0.0,2026-01-30,0,166,0,high,3995.0,5,Premium,799.0,high,active
u000568,2026-01-12,7,457.89093107561723,4,10,1,0.0,0.0,0.0,0.0,0.0,1,197.1102327689043,5.25,7.0,0.0,1.0,0.0,1.3230195780319405,-0.2380951927437728,0.0,0.0,2026-01-30,0,208,0,high,1794.0,6,Basic,299.0,low,active
u002402,2026-01-12,7,128.41,8,7,0,0.0,0.0,0.0,0.0,0.0,1,217.935,13.25,7.0,0.0,2.0,0.0,-0.41078761827706606,-0.3962263851904615,0.0,0.0,2026-01-30,0,128,0,medium,1996.0,4,Standard,499.0,mid,active
u001484,2026-01-12,7,85.11,5,15,0,0.0,0.0,0.0,0.0,0.0,1,117.92249999999999,7.75,7.0,0.0,2.0,0.0,-0.2782547836226777,-0.3548386638917853,0.0,0.0,2026-01-30,0,242,0,high,2392.0,8,Basic,299.0,low,active
u000569,2026-01-12,7,100.83000000000001,8,12,0,0.0,0.0,0.0,0.0,0.0,1,196.12750000000003,10.0,7.0,0.0,1.0,0.0,-0.4858956521349854,-0.19999998000000202,0.0,0.0,2026-01-30,0,109,0,high,1497.0,3,Standard,499.0,mid,active
u001483,2026-01-12,6,92.32,4,16,0,0.0,0.0,0.0,0.0,0.0,1,86.595,6.5,6.0,0.0,1.0,0.0,0.06611236138215408,-0.38461532544379606,0.0,0.0,2026-01-30,0,198,0,high,4794.0,6,Premium,799.0,high,active
u000570,2026-01-12,7,113.2,10,12,0,0.0,0.0,1.0,0.0,0.0,1,160.30499999999998,8.75,6.75,0.0,2.0,0.0,-0.29384610402765904,0.1428571265306141,0.0,0.0,2026-01-30,0,127,0,high,1996.0,4,Standard,499.0,mid,active
u000571,2026-01-12,7,102.89999999999999,3,12,0,0.0,0.0,0.0,0.0,0.0,1,136.00666666666666,7.666666666666667,6.666666666666667,0.0,1.0,0.0,-0.2434194384337574,-0.6086955727788383,0.0,0.0,2026-01-30,1,32,0,medium,499.0,1,Standard,499.0,mid,cancelled
u002403,2026-01-12,7,17.67,1,2,0,0.0,0.0,0.0,0.0,0.0,1,49.525000000000006,3.25,7.0,0.0,1.0,0.0,-0.6432104867600104,-0.6923074792900064,0.0,0.0,2026-01-30,0,83,0,low,598.0,2,Basic,299.0,low,active
u001482,2026-01-12,7,143.15,10,15,0,0.0,0.0,0.0,0.0,0.0,1,171.79250000000002,10.0,7.0,0.0,1.0,0.0,-0.16672730086163662,0.0,0.0,0.0,2026-01-30,0,270,0,high,5593.0,7,Premium,799.0,high,active
u000584,2026-01-12,7,0.0,0,0,0,0.0,0.0,0.0,0.0,0.0,0,0.0,0.0,7.0,0.0,0.0,0.0,0.0,0.0,0.0,0.0,2026-01-30,0,257,0,low,299.0,1,Basic,299.0,low,cancelled
u000572,2026-01-12,7,118.92,11,12,0,0.0,0.0,1.0,0.0,0.0,1,133.23999999999998,9.0,7.0,0.0,1.0,0.0,-0.10747523185623499,0.22222219753086697,0.0,0.0,2026-01-30,0,166,0,high,1196.0,4,Basic,299.0,low,active
u000573,2026-01-12,6,0.0,0,0,0,0.0,0.0,0.0,0.0,0.0,0,0.0,0.0,6.75,0.0,0.0,0.0,0.0,0.0,0.0,0.0,2026-01-30,0,200,0,low,998.0,2,Standard,499.0,mid,cancelled
u001480,2026-01-12,7,0.0,0,0,0,0.0,0.0,0.0,0.0,0.0,0,0.0,0.0,7.0,0.0,0.0,0.0,0.0,0.0,0.0,0.0,2026-01-30,0,166,0,low,598.0,2,Basic,299.0,low,cancelled
u001479,2026-01-12,7,74.79,7,11,0,0.0,0.0,0.0,0.0,0.0,1,77.07051913358424,4.5,7.0,0.0,1.0,0.0,-0.02959003169605542,0.5555554320987929,0.0,0.0,2026-01-30,0,213,0,medium,1794.0,6,Basic,299.0,low,active
u000574,2026-01-12,7,21.68,1,2,0,0.0,0.0,0.0,0.0,0.0,1,23.322499999999998,3.0,7.0,0.0,1.0,0.0,-0.07042555170219517,-0.6666664444445185,0.0,0.0,2026-01-30,0,258,0,low,3992.0,8,Standard,499.0,mid,active
u001478,2026-01-12,7,78.13,7,9,0,0.0,0.0,0.0,0.0,0.0,1,69.2975,6.5,7.0,0.0,1.0,0.0,0.12745769865496298,0.07692306508875922,0.0,0.0,2026-01-30,0,172,0,medium,1495.0,5,Basic,299.0,low,active
u002404,2026-01-12,7,13.03,1,1,0,0.0,0.0,1.0,0.0,0.0,1,83.51652402593342,4.5,7.0,0.0,2.0,0.0,-0.84398296030691,-0.7777776049383099,0.0,0.0,2026-01-30,0,132,0,low,1196.0,4,Basic,299.0,low,cancelled
u000062,2026-01-12,7,0.0,0,0,0,0.0,0.0,0.0,0.0,0.0,1,43.77,4.0,7.0,0.0,1.0,0.0,-0.9999999771533019,-0.9999997500000625,0.0,0.0,2026-01-30,0,84,0,low,598.0,2,Basic,299.0,low,active
u000575,2026-01-12,7,40.63,6,6,0,0.0,0.0,0.0,0.0,0.0,1,43.889999999999986,5.0,7.0,1.0,1.0,1.0,-0.07427659890005436,0.199999960000008,0.9999990000010001,0.9999990000010001,2026-01-30,0,269,0,low,2093.0,7,Basic,299.0,low,active
u001477,2026-01-12,7,28.59,3,2,0,0.0,0.0,0.0,0.0,0.0,1,59.0175,4.5,7.0,0.0,1.0,0.0,-0.5155674077084356,-0.3333332592592757,0.0,0.0,2026-01-30,0,147,0,low,1196.0,4,Basic,299.0,low,active
u001476,2026-01-12,7,36.75,2,2,0,0.0,0.0,0.0,0.0,0.0,1,117.47000000000001,6.25,6.75,0.0,1.0,0.0,-0.6871541611717532,-0.6799998912000174,0.0,0.0,2026-01-30,0,195,0,high,1794.0,6,Basic,299.0,low,active
u001481,2026-01-12,7,112.11,10,14,0,0.0,0.0,0.0,0.0,0.0,1,112.2125,7.25,6.75,0.0,1.0,0.0,-0.0009134454636209048,0.3793102925089252,0.0,0.0,2026-01-30,0,232,0,high,2093.0,7,Basic,299.0,low,active
u000567,2026-01-12,7,0.0,0,0,0,0.0,0.0,0.0,0.0,0.0,0,0.0,0.0,7.0,0.0,0.0,0.0,0.0,0.0,0.0,0.0,2026-01-30,0,213,0,low,799.0,1,Premium,799.0,high,cancelled
u001462,2026-01-12,7,51.13,4,5,0,0.0,0.0,0.0,0.0,0.0,1,74.8475,6.5,7.0,0.0,2.0,0.0,-0.316877646990512,-0.38461532544379606,0.0,0.0,2026-01-30,0,192,0,low,2994.0,6,Standard,499.0,mid,active
u000585,2026-01-12,7,201.13,13,19,1,0.0,0.0,0.0,0.0,0.0,1,122.67750000000001,8.0,7.0,0.0,1.0,0.0,0.6395019409467754,0.6249999218750099,0.0,0.0,2026-01-30,0,169,0,medium,1495.0,5,Basic,299.0,low,active
u001450,2026-01-12,7,110.78,7,9,0,0.0,0.0,0.0,0.0,0.0,1,125.5675,9.75,7.0,1.0,3.0,1.0,-0.11776534439432697,-0.28205125312294843,0.33333322222225925,0.33333322222225925,2026-01-30,0,245,0,high,2093.0,7,Basic,299.0,low,active
u000597,2026-01-12,7,0.0,0,0,0,0.0,0.0,0.0,0.0,0.0,0,0.0,0.0,7.0,0.0,0.0,0.0,0.0,0.0,0.0,0.0,2026-01-30,0,125,0,low,799.0,1,Premium,799.0,high,expired
u000598,2026-01-12,7,384.67999999999995,23,35,1,0.0,0.0,0.0,0.0,0.0,1,243.71249999999998,16.0,7.0,1.0,2.0,1.0,0.5784171900152139,0.4374999726562517,0.499999750000125,0.499999750000125,2026-01-30,0,75,0,high,1598.0,2,Premium,799.0,high,active
u001449,2026-01-12,6,62.91,5,6,0,0.0,0.0,0.0,0.0,0.0,1,142.1525,9.0,6.75,0.0,1.0,0.0,-0.5574471039380448,-0.44444439506173394,0.0,0.0,2026-01-30,0,85,0,high,998.0,2,Standard,499.0,mid,active
u001448,2026-01-12,7,32.67,1,5,0,0.0,0.0,0.0,0.0,0.0,1,39.0,2.0,6.333333333333333,1.0,2.0,1.0,-0.16230768814595667,-0.499999750000125,0.499999750000125,0.499999750000125,2026-01-30,1,30,0,low,299.0,1,Basic,299.0,low,cancelled
u002410,2026-01-12,7,270.71,15,26,0,0.0,0.0,0.0,0.0,0.0,1,189.9375,13.0,7.0,0.0,1.0,0.0,0.42525830641522433,0.15384614201183525,0.0,0.0,2026-01-30,0,264,0,high,6392.0,8,Premium,799.0,high,active
u001447,2026-01-12,7,148.04,14,15,0,0.0,0.0,1.0,0.0,0.0,1,95.68,9.25,6.0,0.0,1.0,0.0,0.5472407969560952,0.5135134579985451,0.0,0.0,2026-01-30,0,35,0,medium,299.0,1,Basic,299.0,low,active
u001446,2026-01-12,7,88.88,8,8,0,0.0,0.0,0.0,0.0,0.0,1,232.235,14.5,7.0,0.0,1.0,0.0,-0.6172842137606984,-0.448275831153391,0.0,0.0,2026-01-30,0,262,0,high,6392.0,8,Premium,799.0,high,active
u000599,2026-01-12,7,0.0,0,0,0,0.0,0.0,0.0,0.0,0.0,0,33.707499999999996,2.25,7.0,0.0,1.0,0.0,-0.9999999703330129,-0.999999555555753,0.0,0.0,2026-01-30,0,113,0,medium,998.0,2,Standard,499.0,mid,cancelled
u001445,2026-01-12,7,0.0,0,0,0,0.0,0.0,0.0,0.0,0.0,0,0.0,0.0,7.0,0.0,0.0,0.0,0.0,0.0,0.0,0.0,2026-01-30,0,235,0,medium,3995.0,5,Premium,799.0,high,cancelled
u000600,2026-01-12,7,113.45,8,18,0,0.0,0.0,0.0,0.0,0.0,1,135.82500000000002,6.75,7.0,0.0,1.0,0.0,-0.16473403154990598,0.185185157750347,0.0,0.0,2026-01-30,0,109,0,high,897.0,3,Basic,299.0,low,active
u001444,2026-01-12,7,0.0,0,0,0,0.0,0.0,0.0,0.0,0.0,0,0.0,0.0,7.0,0.0,0.0,0.0,0.0,0.0,0.0,0.0,2026-01-30,0,162,0,medium,897.0,3,Basic,299.0,low,cancelled
u001443,2026-01-12,7,71.43,5,9,0,0.0,0.0,0.0,0.0,0.0,1,39.41,3.25,6.25,0.0,1.0,0.0,0.8124841204647525,0.538461372781116,0.0,0.0,2026-01-30,1,36,0,low,499.0,1,Standard,499.0,mid,cancelled
u001442,2026-01-12,7,94.67,6,10,0,0.0,0.0,0.0,0.0,0.0,1,127.68750000000001,7.75,7.0,0.0,1.0,0.0,-0.2585805168197317,-0.22580642247659063,0.0,0.0,2026-01-30,0,142,0,high,1996.0,4,Standard,499.0,mid,active
u002411,2026-01-12,7,69.12,7,4,0,0.0,0.0,0.0,0.0,0.0,1,94.6825,6.5,7.0,0.0,1.0,0.0,-0.2699812502840414,0.07692306508875922,0.0,0.0,2026-01-30,0,137,0,high,1996.0,4,Standard,499.0,mid,active
u001441,2026-01-12,7,11.39,1,1,0,0.0,0.0,1.0,0.0,0.0,1,57.17,4.5,7.0,0.0,1.0,0.0,-0.8007696204168336,-0.7777776049383099,0.0,0.0,2026-01-30,0,75,0,medium,598.0,2,Basic,299.0,low,cancelled
u001440,2026-01-12,7,114.47,5,15,0,0.0,0.0,0.0,0.0,0.0,1,103.82000000000001,6.666666666666667,6.666666666666667,0.0,1.0,0.0,0.10258138988074168,-0.24999996250000564,0.0,0.0,2026-01-30,0,31,0,high,499.0,1,Standard,499.0,mid,active
u001439,2026-01-12,7,219.64999999999998,11,23,0,0.0,0.0,0.0,0.0,0.0,1,257.155,16.25,7.0,0.0,2.0,0.0,-0.1458458900435695,-0.3230769031952675,0.0,0.0,2026-01-30,0,190,0,high,4794.0,6,Premium,799.0,high,active
u000601,2026-01-12,7,19.42,2,2,0,0.0,0.0,0.0,0.0,0.0,1,81.9525,5.75,7.0,0.0,1.0,0.0,-0.7630334551961996,-0.6521737996219479,0.0,0.0,2026-01-30,0,116,0,medium,1497.0,3,Standard,499.0,mid,active
u000057,2026-01-12,7,133.18,7,14,0,0.0,0.0,1.0,0.0,0.0,1,124.82249999999999,6.0,6.75,0.0,2.0,0.0,0.0669550756718135,0.16666663888889352,0.0,0.0,2026-01-30,0,133,0,high,2397.0,3,Premium,799.0,high,active
u000602,2026-01-12,7,12.06,2,1,0,0.0,0.0,0.0,0.0,0.0,1,49.01,3.5,7.0,0.0,1.0,0.0,-0.7539277544597479,-0.42857130612248395,0.0,0.0,2026-01-30,0,75,0,medium,998.0,2,Standard,499.0,mid,active
u000596,2026-01-12,7,378.01,19,36,1,0.0,0.0,0.0,0.0,0.0,1,257.0525,12.75,7.0,0.0,2.0,0.0,0.4705556239657049,0.49019603998462435,0.0,0.0,2026-01-30,0,69,0,high,1598.0,2,Premium,799.0,high,active
u001451,2026-01-12,7,14.36,2,1,0,0.0,0.0,0.0,0.0,0.0,1,27.112499999999997,2.5,7.0,1.0,2.0,1.0,-0.47035498495693917,-0.199999920000032,0.499999750000125,0.499999750000125,2026-01-30,0,197,0,low,1794.0,6,Basic,299.0,low,active
u000595,2026-01-12,7,140.07,10,13,0,0.0,0.0,1.0,0.0,0.0,1,135.44749999999996,8.5,7.0,0.0,1.0,0.0,0.03412761376823063,0.1764705674740509,0.0,0.0,2026-01-30,0,190,0,medium,2994.0,6,Standard,499.0,mid,active
u000058,2026-01-12,7,0.0,0,0,0,0.0,0.0,0.0,0.0,0.0,0,0.0,0.0,7.0,0.0,0.0,0.0,0.0,0.0,0.0,0.0,2026-01-30,0,232,0,medium,1794.0,6,Basic,299.0,low,cancelled
u000586,2026-01-12,7,88.16,3,7,0,0.0,0.0,0.0,0.0,0.0,1,56.8825,5.25,6.75,0.0,1.0,0.0,0.5498615470511748,-0.42857134693879106,0.0,0.0,2026-01-30,1,38,0,low,299.0,1,Basic,299.0,low,cancelled
u001461,2026-01-12,7,269.17,18,28,1,0.0,0.0,0.0,0.0,0.0,1,126.91000000000001,8.75,7.0,0.0,2.0,0.0,1.1209518468130812,1.0571427363265444,0.0,0.0,2026-01-30,0,72,0,medium,598.0,2,Basic,299.0,low,active
u001460,2026-01-12,7,63.07,4,4,0,0.0,0.0,0.0,0.0,0.0,1,48.942499999999995,2.5,7.0,0.0,1.0,0.0,0.28865504850273194,0.5999997600000959,0.0,0.0,2026-01-30,0,141,0,medium,1196.0,4,Basic,299.0,low,active
u001459,2026-01-12,6,42.96,4,6,0,0.0,0.0,0.0,0.0,0.0,1,44.085,3.5,6.75,0.0,1.0,0.0,-0.02551888339528449,0.142857102040828,0.0,0.0,2026-01-30,0,204,0,low,1794.0,6,Basic,299.0,low,active
u002408,2026-01-12,7,49.33,4,7,0,0.0,0.0,0.0,0.0,0.0,1,41.275000000000006,3.25,7.0,0.0,1.0,0.0,0.19515444711921368,0.23076915976333545,0.0,0.0,2026-01-30,0,92,0,low,598.0,2,Basic,299.0,low,active
u000587,2026-01-12,7,27.32,2,2,0,0.0,0.0,0.0,0.0,0.0,1,52.2175,3.25,7.0,0.0,2.0,0.0,-0.4768037443997943,-0.38461526627222575,0.0,0.0,2026-01-30,0,97,0,medium,598.0,2,Basic,299.0,low,active
u001458,2026-01-12,7,0.0,0,0,0,0.0,0.0,1.0,1.0,0.0,0,28.895,3.5,6.75,0.0,1.0,0.0,-0.9999999653919375,-0.9999997142857959,0.0,0.0,2026-01-30,0,156,0,high,1996.0,4,Standard,499.0,mid,cancelled
u000588,2026-01-12,7,0.0,0,0,0,0.0,0.0,0.0,0.0,0.0,0,0.0,0.0,7.0,0.0,0.0,0.0,0.0,0.0,0.0,0.0,2026-01-30,0,246,0,low,1495.0,5,Basic,299.0,low,expired
u001457,2026-01-12,7,147.48000000000002,11,12,0,0.0,0.0,0.0,0.0,0.0,1,97.58000000000001,7.5,6.0,0.0,1.0,0.0,0.5113752765794705,0.46666660444445274,0.0,0.0,2026-01-30,0,23,0,medium,499.0,1,Standard,499.0,mid,active
u001456,2026-01-12,7,37.6,3,2,0,0.0,0.0,0.0,0.0,0.0,1,72.81,5.5,7.0,0.0,1.0,0.0,-0.4835874126687624,-0.4545453719008415,0.0,0.0,2026-01-30,0,254,0,low,3992.0,8,Standard,499.0,mid,cancelled
u002407,2026-01-12,7,111.69,9,14,0,0.0,0.0,0.0,0.0,0.0,1,77.3,6.75,7.0,0.0,1.0,0.0,0.44489003305446273,0.3333332839506246,0.0,0.0,2026-01-30,0,177,0,medium,2495.0,5,Standard,499.0,mid,active
u000589,2026-01-12,7,0.0,0,0,0,0.0,0.0,0.0,0.0,0.0,0,33.4375,2.0,7.0,1.0,1.0,1.0,-0.9999999700934589,-0.99999950000025,0.9999990000010001,0.9999990000010001,2026-01-30,0,60,0,low,0.0,0,Standard,499.0,mid,expired
u001455,2026-01-12,7,36.290000000000006,2,4,0,0.0,0.0,0.0,0.0,0.0,1,53.61250000000001,3.25,7.0,0.0,2.0,0.0,-0.3231056129987296,-0.38461526627222575,0.0,0.0,2026-01-30,0,127,0,low,1196.0,4,Basic,299.0,low,active
u001454,2026-01-12,7,170.88,9,19,0,0.0,0.0,0.0,0.0,0.0,1,138.0475,7.5,7.0,0.0,1.0,0.0,0.23783480151516817,0.19999997333333688,0.0,0.0,2026-01-30,0,209,0,high,1794.0,6,Basic,299.0,low,active
u000591,2026-01-12,7,67.77,3,5,0,0.0,0.0,0.0,0.0,0.0,1,45.394999999999996,3.0,7.0,0.0,2.0,0.0,0.4928956825003705,0.0,0.0,0.0,2026-01-30,0,70,0,low,598.0,2,Basic,299.0,low,active
u002409,2026-01-12,7,119.02000000000001,8,11,0,0.0,0.0,0.0,0.0,0.0,1,91.31,6.25,6.75,0.0,1.0,0.0,0.3034716865242396,0.27999995520000714,0.0,0.0,2026-01-30,0,154,0,low,1996.0,4,Standard,499.0,mid,active
u000059,2026-01-12,7,0.0,0,0,0,0.0,0.0,1.0,0.0,0.0,0,0.0,0.0,7.0,0.0,0.0,0.0,0.0,0.0,0.0,0.0,2026-01-30,0,84,0,low,799.0,1,Premium,799.0,high,cancelled
u000592,2026-01-12,7,75.45,7,8,0,0.0,0.0,0.0,0.0,0.0,1,32.379999999999995,3.0,7.0,0.0,1.0,0.0,1.33014202192273,1.333332888889037,0.0,0.0,2026-01-30,0,44,0,low,299.0,1,Basic,299.0,low,active
u001453,2026-01-12,7,35.03,2,3,0,0.0,0.0,0.0,0.0,0.0,1,64.60249999999999,3.25,7.0,0.0,1.0,0.0,-0.4577609154791081,-0.38461526627222575,0.0,0.0,2026-01-30,0,258,0,medium,2093.0,7,Basic,299.0,low,active
u000593,2026-01-12,7,130.07,9,17,0,0.0,0.0,0.0,0.0,0.0,1,150.125,12.0,6.75,0.0,1.0,0.0,-0.1335886752133977,-0.2499999791666684,0.0,0.0,2026-01-30,0,210,0,high,1794.0,6,Basic,299.0,low,active
u000594,2026-01-12,7,35.78,4,4,0,0.0,0.0,0.0,0.0,0.0,1,43.385,3.5,7.0,0.0,1.0,0.0,-0.17529099515291005,0.142857102040828,0.0,0.0,2026-01-30,1,25,0,low,299.0,1,Basic,299.0,low,cancelled
u001452,2026-01-12,7,58.24,6,5,0,0.0,0.0,1.0,0.0,0.0,1,70.3475,5.25,7.0,0.0,1.0,0.0,-0.17210988063385502,0.1428571156462637,0.0,0.0,2026-01-30,0,260,0,low,2392.0,8,Basic,299.0,low,active
u000590,2026-01-12,7,189.9,13,27,0,0.0,0.0,0.0,0.0,0.0,1,97.29,6.5,7.0,0.0,1.0,0.0,0.9518963824453038,0.9999998461538698,0.0,0.0,2026-01-30,0,59,0,high,799.0,1,Premium,799.0,high,active
u000380,2026-01-12,7,302.96,26,25,1,0.0,0.0,0.0,0.0,0.0,1,172.54250000000002,12.25,7.0,1.0,2.0,1.0,0.7558572481802611,1.122448887963356,0.499999750000125,0.499999750000125,2026-01-30,0,205,0,high,1996.0,4,Standard,499.0,mid,active
u000502,2026-01-12,7,64.06,4,7,0,0.0,0.0,0.0,0.0,0.0,1,62.54749999999999,4.5,7.0,0.0,1.0,0.0,0.02418162158069289,-0.11111108641975857,0.0,0.0,2026-01-30,0,107,0,low,1497.0,3,Standard,499.0,mid,cancelled
u001593,2026-01-12,7,326.78,12,36,0,0.0,0.0,0.0,0.0,0.0,1,240.54249999999996,13.75,7.0,0.0,1.0,0.0,0.3585125274805388,-0.12727271801652962,0.0,0.0,2026-01-30,0,174,0,high,3995.0,5,Premium,799.0,high,active
u000423,2026-01-12,7,78.53,5,11,0,0.0,0.0,0.0,0.0,0.0,1,266.695,18.5,7.0,0.0,1.0,0.0,-0.7055437833272323,-0.7297296902848815,0.0,0.0,2026-01-30,0,78,0,high,998.0,2,Standard,499.0,mid,active
u001747,2026-01-12,7,299.17,11,24,0,0.0,0.0,0.0,0.0,0.0,1,249.315,9.0,6.0,0.0,1.0,0.0,0.19996791127702748,0.22222219753086697,0.0,0.0,2026-01-30,0,23,0,high,499.0,1,Standard,499.0,mid,active
u001746,2026-01-12,7,103.86,6,8,0,0.0,0.0,0.0,0.0,0.0,1,68.275,4.0,7.0,0.0,1.0,0.0,0.5212010176316217,0.49999987500003124,0.0,0.0,2026-01-30,0,25,0,low,299.0,1,Basic,299.0,low,active
u001745,2026-01-12,7,86.27,10,9,0,0.0,0.0,0.0,0.0,0.0,1,188.2625,13.5,6.75,1.0,3.0,1.0,-0.5417568525768177,-0.2592592400548711,0.33333322222225925,0.33333322222225925,2026-01-30,0,218,0,high,5593.0,7,Premium,799.0,high,active
u000424,2026-01-12,7,0.0,0,0,0,0.0,0.0,0.0,0.0,0.0,0,0.0,0.0,7.0,0.0,0.0,0.0,0.0,0.0,0.0,0.0,2026-01-30,0,125,0,low,299.0,1,Basic,299.0,low,expired
u001744,2026-01-12,7,54.57,4,6,0,0.0,0.0,0.0,0.0,0.0,1,61.3675,4.0,6.75,0.0,1.0,0.0,-0.11076709804428894,0.0,0.0,0.0,2026-01-30,0,265,0,low,3992.0,8,Standard,499.0,mid,active
u002354,2026-01-12,7,93.59,7,12,0,0.0,0.0,0.0,0.0,0.0,1,123.39250000000001,7.25,7.0,1.0,2.0,1.0,-0.2415260227199707,-0.03448275386444774,0.499999750000125,0.499999750000125,2026-01-30,1,154,0,medium,1996.0,4,Standard,499.0,mid,expired
u000425,2026-01-12,7,171.59,11,17,0,0.0,0.0,0.0,0.0,0.0,1,148.805,8.75,7.0,0.0,1.0,0.0,0.1531198538145905,0.25714282775510544,0.0,0.0,2026-01-30,0,166,0,medium,3995.0,5,Premium,799.0,high,active
u001743,2026-01-12,7,0.0,0,0,0,0.0,0.0,0.0,0.0,0.0,1,46.0425,3.5,7.0,0.0,2.0,0.0,-0.9999999782809366,-0.9999997142857959,0.0,0.0,2026-01-30,1,156,0,low,1495.0,5,Basic,299.0,low,cancelled
u000088,2026-01-12,7,0.0,0,0,0,0.0,0.0,1.0,0.0,0.0,0,0.0,0.0,7.0,0.0,0.0,0.0,0.0,0.0,0.0,0.0,2026-01-30,0,192,0,low,897.0,3,Basic,299.0,low,cancelled
u001742,2026-01-12,7,108.42999999999999,9,14,0,0.0,0.0,0.0,0.0,0.0,1,113.2475,9.0,7.0,0.0,1.0,0.0,-0.042539570034309276,0.0,0.0,0.0,2026-01-30,0,84,0,medium,1598.0,2,Premium,799.0,high,active
u001741,2026-01-12,7,70.38,4,5,0,0.0,0.0,0.0,0.0,0.0,1,46.629999999999995,3.75,7.0,0.0,1.0,0.0,0.5093287473873312,0.06666664888889362,0.0,0.0,2026-01-30,0,162,0,low,1495.0,5,Basic,299.0,low,active
u000426,2026-01-12,7,130.73000000000002,13,13,0,0.0,0.0,1.0,0.0,0.0,1,91.0625,8.0,7.0,0.0,1.0,0.0,0.4356074077078118,0.6249999218750099,0.0,0.0,2026-01-30,0,220,0,medium,2093.0,7,Basic,299.0,low,active
u001740,2026-01-12,7,62.68,4,7,0,0.0,0.0,0.0,0.0,0.0,1,93.12500000000001,5.0,7.0,0.0,2.0,0.0,-0.32692617098602783,-0.199999960000008,0.0,0.0,2026-01-30,1,219,0,medium,2994.0,6,Standard,499.0,mid,cancelled
u000427,2026-01-12,7,166.85,14,11,0,0.0,0.0,0.0,0.0,0.0,1,128.63,8.5,7.0,0.0,1.0,0.0,0.29713130453913317,0.6470587474048533,0.0,0.0,2026-01-30,0,54,0,high,799.0,1,Premium,799.0,high,active
u000428,2026-01-12,7,183.35000000000002,8,21,1,0.0,0.0,0.0,0.0,0.0,1,135.9625,7.5,7.0,0.0,2.0,0.0,0.3485336004520836,0.06666665777777896,0.0,0.0,2026-01-30,0,69,0,high,1598.0,2,Premium,799.0,high,active
u001739,2026-01-12,7,0.0,0,0,0,0.0,0.0,0.0,0.0,0.0,0,0.0,0.0,7.0,0.0,0.0,0.0,0.0,0.0,0.0,0.0,2026-01-30,0,270,0,low,499.0,1,Standard,499.0,mid,cancelled
u000429,2026-01-12,7,61.23,6,4,0,0.0,0.0,1.0,0.0,0.0,1,73.51750000000001,6.25,7.0,0.0,1.0,0.0,-0.1671370739329131,-0.039999993600001026,0.0,0.0,2026-01-30,0,264,0,high,2392.0,8,Basic,299.0,low,active
u001738,2026-01-12,7,37.45,3,3,0,0.0,0.0,0.0,0.0,0.0,1,32.53,2.75,7.0,0.0,2.0,0.0,0.1512449999617277,0.09090905785125168,0.0,0.0,2026-01-30,0,245,0,low,2392.0,8,Basic,299.0,low,active
u002355,2026-01-12,7,72.51,2,12,0,0.0,0.0,0.0,0.0,0.0,1,104.57249999999999,5.75,7.0,0.0,1.0,0.0,-0.30660546217594997,-0.6521737996219479,0.0,0.0,2026-01-30,0,193,0,medium,2994.0,6,Standard,499.0,mid,active
u000430,2026-01-12,7,323.23,18,30,0,0.0,0.0,0.0,0.0,0.0,1,283.83,15.0,7.0,0.0,1.0,0.0,0.1388154876552322,0.19999998666666757,0.0,0.0,2026-01-30,0,91,0,high,1598.0,2,Premium,799.0,high,active
u001748,2026-01-12,7,135.66,8,13,0,0.0,0.0,0.0,0.0,0.0,1,61.3575,3.75,7.0,0.0,1.0,0.0,1.2109766334844698,1.1333330311111918,0.0,0.0,2026-01-30,0,176,0,low,2495.0,5,Standard,499.0,mid,active
u001737,2026-01-12,7,209.6,21,21,0,0.0,0.0,0.0,0.0,0.0,1,214.72250000000003,16.25,7.0,0.0,1.0,0.0,-0.023856372649087347,0.2923076743195277,0.0,0.0,2026-01-30,0,144,0,high,3196.0,4,Premium,799.0,high,active
u001749,2026-01-12,7,21.0,1,2,0,0.0,0.0,0.0,0.0,0.0,1,31.065,3.0,7.0,1.0,1.0,1.0,-0.3239980581362286,-0.6666664444445185,0.9999990000010001,0.9999990000010001,2026-01-30,1,68,0,low,299.0,1,Basic,299.0,low,expired
u000089,2026-01-12,7,97.03,9,15,0,0.0,0.0,0.0,0.0,0.0,1,133.03249999999997,10.25,7.0,0.0,1.0,0.0,-0.2706293554535217,-0.12195120761451633,0.0,0.0,2026-01-30,0,78,0,high,1598.0,2,Premium,799.0,high,active
u000417,2026-01-12,7,74.95,5,7,0,0.0,0.0,0.0,0.0,0.0,1,34.873333333333335,2.6666666666666665,5.333333333333333,0.0,1.0,0.0,1.1492066196939414,0.8749996718751231,0.0,0.0,2026-01-30,0,27,0,medium,299.0,1,Basic,299.0,low,active
u001762,2026-01-12,7,121.66,11,11,0,0.0,0.0,0.0,0.0,0.0,1,128.055,7.5,7.0,0.0,1.0,0.0,-0.04993947874007677,0.46666660444445274,0.0,0.0,2026-01-30,0,168,0,high,2495.0,5,Standard,499.0,mid,active
u001761,2026-01-12,7,25.9,1,1,0,0.0,0.0,0.0,0.0,0.0,1,45.24999999999999,3.5,7.0,0.0,1.0,0.0,-0.4276242999420044,-0.7142855102041399,0.0,0.0,2026-01-30,0,174,0,low,1495.0,5,Basic,299.0,low,active
u000418,2026-01-12,7,165.95,8,17,0,0.0,0.0,1.0,0.0,0.0,1,138.615,7.5,7.0,0.0,1.0,0.0,0.1972008787129755,0.06666665777777896,0.0,0.0,2026-01-30,0,240,0,high,1794.0,6,Basic,299.0,low,active
u001760,2026-01-12,6,61.2,3,10,0,0.0,0.0,0.0,0.0,0.0,1,110.28,6.0,6.75,0.0,1.0,0.0,-0.4450489622320551,-0.49999991666668053,0.0,0.0,2026-01-30,0,125,0,high,897.0,3,Basic,299.0,low,active
u001759,2026-01-12,7,94.71,8,13,0,0.0,0.0,0.0,0.0,0.0,1,166.4225,10.0,6.75,0.0,2.0,0.0,-0.43090627510759505,-0.19999998000000202,0.0,0.0,2026-01-30,0,127,0,medium,1196.0,4,Basic,299.0,low,active
u001758,2026-01-12,7,67.25,3,9,0,0.0,0.0,0.0,0.0,0.0,1,138.92,8.75,7.0,0.0,1.0,0.0,-0.5159084327965129,-0.657142782040825,0.0,0.0,2026-01-30,0,118,0,high,897.0,3,Basic,299.0,low,active
u002351,2026-01-12,7,0.0,0,0,0,0.0,0.0,1.0,0.0,0.0,0,0.0,0.0,7.0,0.0,0.0,0.0,0.0,0.0,0.0,0.0,2026-01-30,0,135,0,low,998.0,2,Standard,499.0,mid,cancelled
u001757,2026-01-12,7,43.37,2,4,0,0.0,0.0,0.0,0.0,0.0,1,52.557500000000005,4.5,7.0,0.0,1.0,0.0,-0.17480853969826318,-0.5555554320987929,0.0,0.0,2026-01-30,0,183,0,medium,1495.0,5,Basic,299.0,low,active
u000419,2026-01-12,7,128.01999999999998,10,12,0,0.0,0.0,1.0,0.0,0.0,1,154.4775,8.75,7.0,1.0,2.0,1.0,-0.17127089594749473,0.1428571265306141,0.499999750000125,0.499999750000125,2026-01-30,0,196,0,high,2994.0,6,Standard,499.0,mid,active
u001756,2026-01-12,7,28.44,4,2,0,0.0,0.0,0.0,0.0,0.0,1,65.445,4.5,6.75,0.0,2.0,0.0,-0.5654366175347755,-0.11111108641975857,0.0,0.0,2026-01-30,1,190,0,low,1794.0,6,Basic,299.0,low,cancelled
u000420,2026-01-12,7,0.0,0,0,0,0.0,0.0,0.0,0.0,0.0,0,0.0,0.0,6.75,0.0,0.0,0.0,0.0,0.0,0.0,0.0,2026-01-30,0,143,0,medium,897.0,3,Basic,299.0,low,cancelled
u002352,2026-01-12,7,92.71000000000001,9,11,0,0.0,0.0,0.0,0.0,0.0,1,49.47,4.75,6.75,0.0,1.0,0.0,0.8740650722849189,0.8947366537396518,0.0,0.0,2026-01-30,0,82,0,low,598.0,2,Basic,299.0,low,active
u000421,2026-01-12,7,295.76,15,27,1,0.0,0.0,0.0,0.0,0.0,1,243.23000000000002,10.25,6.75,0.0,1.0,0.0,0.21596842405966182,0.4634145889351621,0.0,0.0,2026-01-30,0,38,0,high,799.0,1,Premium,799.0,high,active
u001755,2026-01-12,7,159.12,7,20,0,0.0,0.0,0.0,0.0,0.0,1,241.7,12.25,7.0,0.0,1.0,0.0,-0.34166321745277933,-0.4285713935860087,0.0,0.0,2026-01-30,0,113,0,high,2397.0,3,Premium,799.0,high,active
u001754,2026-01-12,7,0.0,0,0,0,0.0,0.0,0.0,0.0,0.0,0,0.0,0.0,7.0,0.0,0.0,0.0,0.0,0.0,0.0,0.0,2026-01-30,0,171,0,low,499.0,1,Standard,499.0,mid,expired
u000422,2026-01-12,7,578.1269930951988,1,6,1,0.0,0.0,0.0,0.0,0.0,1,281.15674827379974,9.5,7.0,0.0,2.0,0.0,1.0562444102389292,-0.8947367479224476,0.0,0.0,2026-01-30,0,96,0,high,2397.0,3,Premium,799.0,high,active
u001753,2026-01-12,7,29.88,4,3,0,0.0,0.0,0.0,0.0,0.0,1,39.724999999999994,4.5,7.0,0.0,1.0,0.0,-0.2478288169206087,-0.11111108641975857,0.0,0.0,2026-01-30,0,113,0,low,897.0,3,Basic,299.0,low,active
u001752,2026-01-12,7,179.72,16,18,0,0.0,0.0,0.0,0.0,0.0,1,161.02749999999997,11.25,7.0,0.0,1.0,0.0,0.11608265596818786,0.4222221846913614,0.0,0.0,2026-01-30,0,48,0,high,499.0,1,Standard,499.0,mid,active
u002353,2026-01-12,7,23.97,1,4,0,0.0,0.0,0.0,0.0,0.0,1,115.66,7.5,6.75,0.0,1.0,0.0,-0.792754618772656,-0.8666665511111264,0.0,0.0,2026-01-30,0,91,0,medium,998.0,2,Standard,499.0,mid,active
u001751,2026-01-12,7,112.37,8,12,0,0.0,0.0,0.0,0.0,0.0,1,42.160000000000004,2.5,6.5,0.0,1.0,0.0,1.6653225411451011,2.199999120000352,0.0,0.0,2026-01-30,0,37,0,low,499.0,1,Standard,499.0,mid,active
u001750,2026-01-12,7,0.0,0,0,0,0.0,0.0,0.0,0.0,0.0,0,12.5625,0.5,7.0,1.0,1.0,1.0,-0.9999999203980163,-0.999998000004,0.9999990000010001,0.9999990000010001,2026-01-30,0,90,0,low,499.0,1,Standard,499.0,mid,expired
u001736,2026-01-12,7,211.51,14,25,0,0.0,0.0,0.0,0.0,0.0,1,238.64499999999995,15.75,7.0,0.0,2.0,0.0,-0.11370445593369026,-0.11111110405643784,0.0,0.0,2026-01-30,0,70,0,high,1598.0,2,Premium,799.0,high,active
u001735,2026-01-12,7,279.75,9,30,1,0.0,0.0,0.0,0.0,0.0,1,220.5075,11.25,7.0,0.0,1.0,0.0,0.2686643299268083,-0.19999998222222382,0.0,0.0,2026-01-30,0,54,0,high,799.0,1,Premium,799.0,high,active
u001734,2026-01-12,7,78.24000000000001,7,9,0,0.0,0.0,0.0,0.0,0.0,1,47.790000000000006,3.5,7.0,1.0,2.0,1.0,0.6371625729825785,0.9999997142857959,0.499999750000125,0.499999750000125,2026-01-30,0,53,0,medium,299.0,1,Basic,299.0,low,active
u001716,2026-01-12,7,0.0,0,0,0,0.0,0.0,1.0,0.0,0.0,0,105.77,6.25,7.0,1.0,1.0,1.0,-0.9999999905455235,-0.9999998400000256,0.9999990000010001,0.9999990000010001,2026-01-30,0,50,0,medium,0.0,0,Basic,299.0,low,cancelled
u001715,2026-01-12,7,64.14,2,5,0,0.0,0.0,0.0,0.0,0.0,1,50.21,2.5,7.0,0.0,1.0,0.0,0.27743476842392417,-0.199999920000032,0.0,0.0,2026-01-30,0,109,0,low,897.0,3,Basic,299.0,low,active
u001714,2026-01-12,7,0.0,0,0,0,0.0,0.0,0.0,0.0,0.0,0,42.58500000000001,3.25,7.0,0.0,1.0,0.0,-0.9999999765175538,-0.999999692307787,0.0,0.0,2026-01-30,0,86,0,low,998.0,2,Standard,499.0,mid,cancelled
u001713,2026-01-12,7,93.59,4,11,0,0.0,0.0,0.0,0.0,0.0,1,117.1075,6.75,7.0,0.0,1.0,0.0,-0.2008197579077364,-0.40740734705076337,0.0,0.0,2026-01-30,0,50,0,medium,499.0,1,Standard,499.0,mid,active
u001712,2026-01-12,7,43.59,3,8,0,0.0,0.0,0.0,0.0,0.0,1,41.96499999999999,3.0,6.75,0.0,2.0,0.0,0.0387227442220248,0.0,0.0,0.0,2026-01-30,0,153,0,low,1495.0,5,Basic,299.0,low,active
u000436,2026-01-12,7,67.56,4,14,0,0.0,0.0,1.0,0.0,0.0,1,128.535,6.75,7.0,0.0,1.0,0.0,-0.4743844052251573,-0.40740734705076337,0.0,0.0,2026-01-30,0,239,0,high,2495.0,5,Standard,499.0,mid,active
u001711,2026-01-12,7,130.43,5,11,0,0.0,0.0,0.0,0.0,0.0,1,138.6825,7.5,7.0,0.0,2.0,0.0,-0.05950642612076918,-0.3333332888888948,0.0,0.0,2026-01-30,0,184,0,high,2994.0,6,Standard,499.0,mid,active
u000437,2026-01-12,7,19.6,1,1,0,0.0,0.0,0.0,0.0,0.0,1,35.625,2.25,7.0,1.0,2.0,1.0,-0.44982454877685474,-0.555555308642085,0.499999750000125,0.499999750000125,2026-01-30,0,128,0,low,897.0,3,Basic,299.0,low,active
u001710,2026-01-12,6,79.03,6,7,0,0.0,0.0,0.0,0.0,0.0,1,58.3775,4.75,6.75,0.0,2.0,0.0,0.35377499286925634,0.2631578393351917,0.0,0.0,2026-01-30,0,217,0,medium,1794.0,6,Basic,299.0,low,active
u002358,2026-01-12,7,36.2,2,2,0,0.0,0.0,0.0,0.0,0.0,1,51.935,3.5,6.75,0.0,2.0,0.0,-0.3029748666029678,-0.42857130612248395,0.0,0.0,2026-01-30,1,215,0,medium,2994.0,6,Standard,499.0,mid,cancelled
u000438,2026-01-12,7,28.4,2,3,0,0.0,0.0,0.0,0.0,0.0,1,86.47999999999999,4.25,6.75,1.0,1.0,1.0,-0.6716003622617904,-0.5294116401384376,0.9999990000010001,0.9999990000010001,2026-01-30,0,38,0,medium,0.0,0,Basic,299.0,low,active
u001709,2026-01-12,7,0.0,0,0,0,0.0,0.0,0.0,0.0,0.0,0,0.0,0.0,7.0,0.0,0.0,0.0,0.0,0.0,0.0,0.0,2026-01-30,0,209,0,low,897.0,3,Basic,299.0,low,cancelled
u000439,2026-01-12,7,64.92,3,7,0,0.0,0.0,1.0,1.0,0.0,1,65.88,5.5,7.0,0.0,2.0,0.0,-0.014571948776989148,-0.4545453719008415,0.0,0.0,2026-01-30,0,250,0,medium,2392.0,8,Basic,299.0,low,active
u001708,2026-01-12,7,81.17,7,10,0,0.0,0.0,0.0,0.0,0.0,1,149.4675,7.75,7.0,0.0,1.0,0.0,-0.45693879634744144,-0.09677418106139599,0.0,0.0,2026-01-30,0,41,0,high,299.0,1,Basic,299.0,low,active
u001707,2026-01-12,7,45.75,5,7,0,1.0,0.0,0.0,0.0,0.0,1,64.305,7.0,6.5,0.0,1.0,0.0,-0.28854676481538355,-0.285714244897965,0.0,0.0,2026-01-30,0,24,0,medium,299.0,1,Basic,299.0,low,active
u001706,2026-01-12,7,119.75,9,16,0,0.0,0.0,0.0,0.0,0.0,1,186.2575,12.5,7.0,0.0,1.0,0.0,-0.35707286763178464,-0.2799999776000018,0.0,0.0,2026-01-30,0,55,0,high,299.0,1,Basic,299.0,low,active
u001705,2026-01-12,7,132.2,9,24,0,0.0,0.0,0.0,0.0,0.0,1,151.39999999999998,9.75,7.0,0.0,1.0,0.0,-0.1268163796115166,-0.07692306903353138,0.0,0.0,2026-01-30,0,40,0,high,499.0,1,Standard,499.0,mid,active
u002359,2026-01-12,7,88.56,4,10,0,0.0,0.0,0.0,0.0,0.0,1,162.67146581615603,4.0,7.0,0.0,1.0,0.0,-0.45558982940698184,0.0,0.0,0.0,2026-01-30,0,114,0,low,897.0,3,Basic,299.0,low,active
u000085,2026-01-12,7,44.76,2,4,0,0.0,0.0,0.0,0.0,0.0,1,34.7825,3.0,7.0,0.0,1.0,0.0,0.2868540131717383,-0.33333322222225925,0.0,0.0,2026-01-30,0,112,0,low,1497.0,3,Standard,499.0,mid,active
u001704,2026-01-12,7,88.19,3,7,0,0.0,0.0,0.0,0.0,0.0,1,61.8775,4.0,7.0,0.0,2.0,0.0,0.4252353371542914,-0.24999993750001562,0.0,0.0,2026-01-30,0,220,0,medium,3493.0,7,Standard,499.0,mid,active
u000440,2026-01-12,7,213.51,23,20,0,0.0,0.0,0.0,0.0,0.0,1,178.6975,12.25,7.0,0.0,1.0,0.0,0.1948124613113644,0.8775509487713512,0.0,0.0,2026-01-30,0,171,0,high,2495.0,5,Standard,499.0,mid,active
u001717,2026-01-12,7,218.55,9,28,0,0.0,0.0,0.0,0.0,0.0,1,118.26750000000001,7.25,7.0,0.0,1.0,0.0,0.847929474725267,0.24137927705113418,0.0,0.0,2026-01-30,0,108,0,high,1497.0,3,Standard,499.0,mid,active
u001718,2026-01-12,7,65.0,4,6,0,0.0,0.0,0.0,0.0,0.0,1,33.71000000000001,3.0,7.0,0.0,1.0,0.0,0.9282111857546367,0.33333322222225925,0.0,0.0,2026-01-30,0,175,0,low,1495.0,5,Basic,299.0,low,active
u000435,2026-01-12,7,246.39,12,23,0,0.0,0.0,1.0,1.0,0.0,1,259.42499999999995,13.75,6.75,0.0,1.0,0.0,-0.05024573556809959,-0.12727271801652962,0.0,0.0,2026-01-30,0,162,0,high,3995.0,5,Premium,799.0,high,active
u000086,2026-01-12,7,169.26,9,13,0,0.0,0.0,0.0,0.0,0.0,1,130.53,8.75,7.0,0.0,2.0,0.0,0.29671339694542703,0.028571425306122826,0.0,0.0,2026-01-30,0,95,0,medium,897.0,3,Basic,299.0,low,active
u000087,2026-01-12,7,124.94,11,17,0,0.0,0.0,0.0,0.0,0.0,1,159.4075,10.0,7.0,0.0,2.0,0.0,-0.216222572863745,0.09999999000000101,0.0,0.0,2026-01-30,0,246,0,high,3992.0,8,Standard,499.0,mid,active
u001733,2026-01-12,7,72.8,9,14,0,0.0,0.0,0.0,0.0,0.0,1,47.415000000000006,4.0,7.0,0.0,2.0,0.0,0.5353790881497607,1.249999687500078,0.0,0.0,2026-01-30,0,95,0,low,897.0,3,Basic,299.0,low,active
u001732,2026-01-12,7,13.11,1,1,0,0.0,0.0,1.0,0.0,0.0,1,65.875,3.5,6.75,0.0,1.0,0.0,-0.8009867051083612,-0.7142855102041399,0.0,0.0,2026-01-30,0,44,0,low,299.0,1,Basic,299.0,low,active
u001731,2026-01-12,7,0.0,0,0,0,0.0,0.0,1.0,0.0,0.0,0,0.0,0.0,7.0,0.0,0.0,0.0,0.0,0.0,0.0,0.0,2026-01-30,0,75,0,low,299.0,1,Basic,299.0,low,cancelled
u001730,2026-01-12,7,190.12,9,12,0,0.0,0.0,0.0,0.0,0.0,1,175.72999999999996,11.0,6.75,0.0,1.0,0.0,0.08188698525074296,-0.1818181652892577,0.0,0.0,2026-01-30,0,244,0,high,5593.0,7,Premium,799.0,high,active
u000431,2026-01-12,7,154.82999999999998,13,16,0,0.0,0.0,0.0,0.0,0.0,1,123.91750000000002,9.25,7.0,0.0,2.0,0.0,0.24946032441374008,0.4054053615777988,0.0,0.0,2026-01-30,0,249,0,high,2392.0,8,Basic,299.0,low,active
u001729,2026-01-12,7,161.32,7,10,0,0.0,0.0,1.0,0.0,0.0,1,106.58250000000001,6.0,6.75,0.0,2.0,0.0,0.5135692959578794,0.16666663888889352,0.0,0.0,2026-01-30,0,159,0,high,1495.0,5,Basic,299.0,low,active
u002356,2026-01-12,7,230.01,13,26,1,0.0,0.0,0.0,0.0,0.0,1,198.79749999999999,12.25,6.75,0.0,1.0,0.0,0.15700650080103376,0.061224484798001244,0.0,0.0,2026-01-30,0,178,0,high,2495.0,5,Standard,499.0,mid,active
u000432,2026-01-12,7,111.11,10,10,0,0.0,0.0,0.0,0.0,0.0,1,57.394999999999996,4.0,7.0,0.0,1.0,0.0,0.9358829003243682,1.4999996250000938,0.0,0.0,2026-01-30,0,85,0,low,598.0,2,Basic,299.0,low,active
u001728,2026-01-12,6,18.2,1,1,0,0.0,0.0,0.0,0.0,0.0,1,101.4,6.0,6.75,0.0,2.0,0.0,-0.8205128124209782,-0.8333331944444675,0.0,0.0,2026-01-30,0,127,0,medium,1996.0,4,Standard,499.0,mid,active
u000416,2026-01-12,7,14.63,1,2,0,0.0,0.0,0.0,0.0,0.0,1,56.5125,4.0,7.0,0.0,2.0,0.0,-0.7411192082969394,-0.7499998125000469,0.0,0.0,2026-01-30,0,100,0,low,897.0,3,Basic,299.0,low,active
u000433,2026-01-12,7,93.64,7,10,0,0.0,0.0,0.0,0.0,0.0,1,77.3875,4.25,7.0,0.0,2.0,0.0,0.21001453451766064,0.6470586712803126,0.0,0.0,2026-01-30,0,63,0,medium,998.0,2,Standard,499.0,mid,active
u001726,2026-01-12,7,47.09,4,3,0,0.0,0.0,0.0,0.0,0.0,1,62.9525,5.25,7.0,1.0,2.0,1.0,-0.2519756919586086,-0.2380951927437728,0.499999750000125,0.499999750000125,2026-01-30,0,74,0,medium,598.0,2,Basic,299.0,low,active
u001725,2026-01-12,7,198.07,11,16,0,0.0,0.0,0.0,0.0,0.0,1,146.425,7.75,7.0,0.0,1.0,0.0,0.3527061611561811,0.41935478459938264,0.0,0.0,2026-01-30,0,136,0,high,1996.0,4,Standard,499.0,mid,active
u001724,2026-01-12,7,93.27000000000001,9,6,0,0.0,0.0,0.0,0.0,0.0,1,38.13500000000001,3.75,7.0,0.0,1.0,0.0,1.4457846742943572,1.3999996266667663,0.0,0.0,2026-01-30,0,87,0,medium,598.0,2,Basic,299.0,low,active
u001723,2026-01-12,7,240.94,13,26,0,0.0,0.0,1.0,0.0,0.0,1,210.235,12.0,7.0,1.0,1.0,1.0,0.14605084716602437,0.08333332638888948,0.9999990000010001,0.9999990000010001,2026-01-30,0,107,0,high,1598.0,2,Premium,799.0,high,active
u001722,2026-01-12,7,0.0,0,0,0,0.0,0.0,0.0,0.0,0.0,0,24.932500000000005,1.75,6.75,0.0,1.0,0.0,-0.9999999598917092,-0.9999994285717552,0.0,0.0,2026-01-30,0,84,0,low,998.0,2,Standard,499.0,mid,cancelled
u001721,2026-01-12,7,71.85,3,11,0,0.0,0.0,0.0,0.0,0.0,1,108.4925,5.75,7.0,0.0,2.0,0.0,-0.33774223713397494,-0.4782607863894284,0.0,0.0,2026-01-30,0,248,0,medium,3493.0,7,Standard,499.0,mid,active
u000434,2026-01-12,7,17.99,1,3,0,0.0,0.0,0.0,0.0,0.0,1,95.29,7.0,7.0,0.0,1.0,0.0,-0.8112078831859809,-0.857142734693895,0.0,0.0,2026-01-30,0,238,0,high,2093.0,7,Basic,299.0,low,active
u001720,2026-01-12,7,0.0,0,0,0,0.0,0.0,0.0,0.0,0.0,0,0.0,0.0,7.0,0.0,0.0,0.0,0.0,0.0,0.0,0.0,2026-01-30,0,141,0,low,499.0,1,Standard,499.0,mid,cancelled
u002357,2026-01-12,7,218.21,11,23,0,0.0,0.0,0.0,0.0,0.0,1,180.26749999999998,10.25,7.0,0.0,1.0,0.0,0.2104788705092219,0.07317072456870981,0.0,0.0,2026-01-30,0,167,0,high,3995.0,5,Premium,799.0,high,active
u001719,2026-01-12,6,101.84,6,10,0,0.0,0.0,0.0,0.0,0.0,1,150.9075,8.25,6.75,0.0,1.0,0.0,-0.3251495099637227,-0.2727272396694255,0.0,0.0,2026-01-30,0,167,0,medium,2495.0,5,Standard,499.0,mid,active
u001727,2026-01-12,7,51.21000000000001,5,6,0,0.0,0.0,0.0,0.0,0.0,1,65.54666666666667,5.333333333333333,7.0,0.0,1.0,0.0,-0.21872456948650462,-0.062499988281252146,0.0,0.0,2026-01-30,0,32,0,medium,299.0,1,Basic,299.0,low,active
u001763,2026-01-12,7,95.35,8,8,0,0.0,0.0,0.0,0.0,0.0,1,90.79250000000002,8.0,6.75,0.0,1.0,0.0,0.050196876942512854,0.0,0.0,0.0,2026-01-30,0,268,0,high,3992.0,8,Standard,499.0,mid,active
u002350,2026-01-12,7,0.0,0,0,0,0.0,0.0,0.0,0.0,0.0,0,0.0,0.0,7.0,0.0,0.0,0.0,0.0,0.0,0.0,0.0,2026-01-30,0,144,0,low,598.0,2,Basic,299.0,low,cancelled
u001764,2026-01-12,7,0.0,0,0,0,0.0,0.0,0.0,0.0,0.0,0,6.9399999999999995,1.0,6.5,1.0,2.0,1.0,-0.9999998559078017,-0.9999990000010001,0.499999750000125,0.499999750000125,2026-01-30,0,119,0,low,897.0,3,Basic,299.0,low,cancelled
u000391,2026-01-12,6,0.0,0,0,0,0.0,0.0,0.0,0.0,0.0,1,78.3175,4.75,6.25,0.0,1.0,0.0,-0.9999999872314619,-0.9999997894737285,0.0,0.0,2026-01-30,0,83,0,medium,598.0,2,Basic,299.0,low,active
u001800,2026-01-12,7,109.65,10,10,0,0.0,0.0,0.0,0.0,0.0,1,110.3625,7.75,7.0,0.0,1.0,0.0,-0.0064559972231871725,0.290322543184188,0.0,0.0,2026-01-30,0,139,0,medium,1996.0,4,Standard,499.0,mid,active
u001799,2026-01-12,7,204.0,14,26,0,0.0,0.0,0.0,0.0,0.0,1,137.8825,8.0,7.0,0.0,1.0,0.0,0.4795206028355985,0.7499999062500118,0.0,0.0,2026-01-30,0,150,0,high,1996.0,4,Standard,499.0,mid,active
u002344,2026-01-12,7,113.64,9,9,0,0.0,0.0,0.0,0.0,0.0,1,125.63000000000001,9.25,6.75,0.0,1.0,0.0,-0.09543898674330194,-0.027027024105186585,0.0,0.0,2026-01-30,0,85,0,high,998.0,2,Standard,499.0,mid,active
u000094,2026-01-12,7,80.4,7,5,0,0.0,0.0,0.0,0.0,0.0,1,107.83000000000001,8.0,7.0,1.0,1.0,1.0,-0.25438189507204034,-0.12499998437500197,0.9999990000010001,0.9999990000010001,2026-01-30,0,173,0,high,1196.0,4,Basic,299.0,low,active
u001798,2026-01-12,7,81.15,3,5,0,0.0,0.0,0.0,0.0,0.0,1,113.07499999999999,6.5,7.0,0.0,2.0,0.0,-0.28233473108702417,-0.5384614556213145,0.0,0.0,2026-01-30,0,224,0,high,2994.0,6,Standard,499.0,mid,active
u000392,2026-01-12,7,93.01,10,8,0,0.0,0.0,0.0,0.0,0.0,1,113.19999999999999,9.5,7.0,0.0,1.0,0.0,-0.17835688888377293,0.0526315734072028,0.0,0.0,2026-01-30,0,226,0,high,1794.0,6,Basic,299.0,low,active
u001797,2026-01-12,7,160.19,8,16,0,0.0,0.0,0.0,0.0,0.0,1,172.49666666666667,9.0,5.0,0.0,1.0,0.0,-0.07134437339072619,-0.11111109876543349,0.0,0.0,2026-01-30,1,26,0,high,799.0,1,Premium,799.0,high,cancelled
u001796,2026-01-12,7,0.0,0,0,0,0.0,0.0,0.0,0.0,0.0,0,0.0,0.0,7.0,0.0,0.0,0.0,0.0,0.0,0.0,0.0,2026-01-30,0,220,0,low,1495.0,5,Basic,299.0,low,cancelled
u000393,2026-01-12,7,0.0,0,0,0,0.0,0.0,0.0,0.0,0.0,0,0.0,0.0,7.0,0.0,0.0,0.0,0.0,0.0,0.0,0.0,2026-01-30,0,178,0,low,0.0,0,Basic,299.0,low,expired
u001795,2026-01-12,6,0.0,0,0,0,0.0,0.0,0.0,0.0,0.0,0,0.0,0.0,6.75,0.0,0.0,0.0,0.0,0.0,0.0,0.0,2026-01-30,0,151,0,low,499.0,1,Standard,499.0,mid,cancelled
u000394,2026-01-12,7,0.0,0,0,0,0.0,0.0,0.0,0.0,0.0,0,0.0,0.0,7.0,0.0,0.0,0.0,0.0,0.0,0.0,0.0,2026-01-30,0,120,0,low,499.0,1,Standard,499.0,mid,cancelled
u002345,2026-01-12,7,452.23,25,44,1,0.0,0.0,0.0,0.0,0.0,1,270.5825,14.5,7.0,0.0,2.0,0.0,0.6713202048494631,0.7241378810939393,0.0,0.0,2026-01-30,0,123,0,high,1996.0,4,Standard,499.0,mid,active
u001794,2026-01-12,7,0.0,0,0,0,0.0,0.0,0.0,0.0,0.0,0,0.0,0.0,7.0,0.0,0.0,0.0,0.0,0.0,0.0,0.0,2026-01-30,0,201,0,medium,1996.0,4,Standard,499.0,mid,cancelled
u000395,2026-01-12,7,0.0,0,0,0,0.0,0.0,0.0,0.0,0.0,0,26.8925,1.5,6.75,0.0,1.0,0.0,-0.9999999628149125,-0.9999993333337779,0.0,0.0,2026-01-30,0,90,0,medium,998.0,2,Standard,499.0,mid,cancelled
u001793,2026-01-12,7,233.45000000000002,10,26,0,0.0,0.0,1.0,0.0,0.0,1,146.15749999999997,7.25,6.5,0.0,2.0,0.0,0.5972495383593078,0.3793102925089252,0.0,0.0,2026-01-30,0,184,0,high,2994.0,6,Standard,499.0,mid,active
u000396,2026-01-12,7,54.5,3,2,0,0.0,0.0,0.0,0.0,0.0,1,50.105000000000004,3.5,7.0,1.0,1.0,1.0,0.08771579507602437,-0.142857102040828,0.9999990000010001,0.9999990000010001,2026-01-30,0,51,0,medium,0.0,0,Basic,299.0,low,active
u001792,2026-01-12,7,52.09,2,5,0,0.0,0.0,0.0,0.0,0.0,1,102.60249999999999,5.75,7.0,0.0,1.0,0.0,-0.49231256068504603,-0.6521737996219479,0.0,0.0,2026-01-30,0,49,0,high,499.0,1,Standard,499.0,mid,active
u001791,2026-01-12,6,154.89999999999998,4,18,0,0.0,0.0,0.0,0.0,0.0,1,227.305,14.0,6.75,0.0,2.0,0.0,-0.31853676637761275,-0.7142856632653098,0.0,0.0,2026-01-30,0,124,0,high,3196.0,4,Premium,799.0,high,active
u001790,2026-01-12,7,20.15,2,2,0,0.0,0.0,0.0,0.0,0.0,0,61.155,4.25,7.0,0.0,1.0,0.0,-0.6705093504944919,-0.5294116401384376,0.0,0.0,2026-01-30,0,81,0,low,598.0,2,Basic,299.0,low,cancelled
u000093,2026-01-12,6,197.43,12,25,0,0.0,0.0,1.0,1.0,0.0,1,220.3575,13.25,6.5,0.0,1.0,0.0,-0.10404683251513178,-0.09433961552153845,0.0,0.0,2026-01-30,0,59,0,high,499.0,1,Standard,499.0,mid,active
u000390,2026-01-12,7,241.44,14,14,0,0.0,0.0,0.0,0.0,0.0,1,127.1375,8.75,7.0,0.0,1.0,0.0,0.8990463010595119,0.5999999314285793,0.0,0.0,2026-01-30,0,232,0,high,3493.0,7,Standard,499.0,mid,active
u001801,2026-01-12,7,43.7,7,9,0,0.0,0.0,1.0,0.0,0.0,1,42.46,4.25,7.0,0.0,1.0,0.0,0.029203955977297365,0.6470586712803126,0.0,0.0,2026-01-30,0,256,0,low,3992.0,8,Standard,499.0,mid,active
u002343,2026-01-12,7,125.72,8,13,0,0.0,0.0,1.0,1.0,0.0,1,89.0475,5.5,7.0,0.0,1.0,0.0,0.41183075985478806,0.4545453719008415,0.0,0.0,2026-01-30,0,134,0,medium,1196.0,4,Basic,299.0,low,active
u001802,2026-01-12,7,34.28,4,3,0,0.0,0.0,0.0,0.0,0.0,1,52.965,4.75,7.0,0.0,1.0,0.0,-0.3527801311662394,-0.15789470360111502,0.0,0.0,2026-01-30,0,153,0,medium,1196.0,4,Basic,299.0,low,active
u001812,2026-01-12,7,94.05000000000001,3,9,0,0.0,0.0,0.0,0.0,0.0,1,86.4175,5.75,7.0,0.0,1.0,0.0,0.08832123021007061,-0.4782607863894284,0.0,0.0,2026-01-30,0,107,0,low,598.0,2,Basic,299.0,low,active
u002341,2026-01-12,6,58.03,3,7,0,0.0,0.0,1.0,0.0,0.0,1,46.7,3.5,6.75,0.0,1.0,0.0,0.24261241450508744,-0.142857102040828,0.0,0.0,2026-01-30,0,164,0,medium,1495.0,5,Basic,299.0,low,active
u001811,2026-01-12,7,375.13,17,40,1,0.0,0.0,0.0,0.0,0.0,1,238.59249999999997,13.25,7.0,0.0,1.0,0.0,0.5722623277250446,0.28301884656461535,0.0,0.0,2026-01-30,0,209,0,high,4794.0,6,Premium,799.0,high,active
u000381,2026-01-12,7,108.91999999999999,6,6,0,0.0,0.0,0.0,0.0,0.0,1,132.39499999999998,7.25,7.0,0.0,1.0,0.0,-0.1773103200475069,-0.1724137693222387,0.0,0.0,2026-01-30,0,269,0,high,6392.0,8,Premium,799.0,high,active
u001810,2026-01-12,7,45.71,2,7,0,0.0,0.0,0.0,0.0,0.0,1,31.49,2.0,6.333333333333333,0.0,1.0,0.0,0.4515719132558936,0.0,0.0,0.0,2026-01-30,0,30,0,low,299.0,1,Basic,299.0,low,active
u001809,2026-01-12,7,76.69999999999999,8,8,0,0.0,0.0,0.0,0.0,0.0,1,140.8425,8.75,7.0,0.0,2.0,0.0,-0.4554200581825795,-0.08571427591836847,0.0,0.0,2026-01-30,0,248,0,medium,6392.0,8,Premium,799.0,high,active
u000095,2026-01-12,7,301.14,18,33,1,0.0,0.0,0.0,0.0,0.0,1,203.1575,11.25,7.0,0.0,1.0,0.0,0.4822982145266691,0.5999999466666714,0.0,0.0,2026-01-30,0,45,0,high,799.0,1,Premium,799.0,high,active
u000382,2026-01-12,6,59.660000000000004,4,6,0,0.0,0.0,0.0,0.0,0.0,1,54.6075,3.0,5.5,0.0,1.0,0.0,0.09252391901251812,0.33333322222225925,0.0,0.0,2026-01-30,0,35,0,medium,299.0,1,Basic,299.0,low,active
u000383,2026-01-12,7,0.0,0,0,0,0.0,0.0,0.0,0.0,0.0,1,41.45,4.25,5.5,0.0,1.0,0.0,-0.9999999758745483,-0.9999997647059377,0.0,0.0,2026-01-30,0,33,0,medium,299.0,1,Basic,299.0,low,active
u001808,2026-01-12,7,104.42999999999999,6,9,0,0.0,0.0,0.0,0.0,0.0,1,37.512499999999996,2.5,6.25,0.0,1.0,0.0,1.7838719950983808,1.399999440000224,0.0,0.0,2026-01-30,0,150,0,low,897.0,3,Basic,299.0,low,active
u001789,2026-01-12,6,16.83,1,3,0,0.0,0.0,0.0,0.0,0.0,1,43.7,2.75,6.25,0.0,2.0,0.0,-0.6148741278060841,-0.6363634049587618,0.0,0.0,2026-01-30,0,152,0,medium,1495.0,5,Basic,299.0,low,active
u001807,2026-01-12,7,75.75,5,9,0,0.0,0.0,0.0,0.0,0.0,1,62.52,3.75,7.0,0.0,1.0,0.0,0.21161228068438445,0.33333324444446816,0.0,0.0,2026-01-30,0,268,0,medium,2093.0,7,Basic,299.0,low,active
u001806,2026-01-12,7,184.25,11,18,0,0.0,0.0,0.0,0.0,0.0,1,311.64000000000004,17.25,7.0,0.0,1.0,0.0,-0.40877294182783686,-0.3623188195757206,0.0,0.0,2026-01-30,0,259,0,high,3493.0,7,Standard,499.0,mid,active
u002342,2026-01-12,7,0.0,0,0,0,0.0,0.0,0.0,0.0,0.0,0,0.0,0.0,7.0,0.0,0.0,0.0,0.0,0.0,0.0,0.0,2026-01-30,0,171,0,low,897.0,3,Basic,299.0,low,cancelled
u000385,2026-01-12,7,127.00999999999999,11,20,0,0.0,0.0,0.0,0.0,0.0,1,141.415,6.75,7.0,0.0,1.0,0.0,-0.10186330939530243,0.6296295363511798,0.0,0.0,2026-01-30,0,262,0,high,3493.0,7,Standard,499.0,mid,active
u001805,2026-01-12,7,174.73,7,15,0,0.0,0.0,0.0,0.0,0.0,1,109.22749999999999,6.5,6.75,0.0,1.0,0.0,0.5996887175877071,0.07692306508875922,0.0,0.0,2026-01-30,0,238,0,high,2093.0,7,Basic,299.0,low,active
u000386,2026-01-12,7,0.0,0,0,0,0.0,0.0,1.0,1.0,0.0,0,0.0,0.0,7.0,0.0,0.0,0.0,0.0,0.0,0.0,0.0,2026-01-30,0,240,0,low,299.0,1,Basic,299.0,low,cancelled
u001804,2026-01-12,6,43.28,3,5,0,0.0,0.0,0.0,0.0,0.0,1,56.08500000000001,3.0,6.75,0.0,1.0,0.0,-0.22831416192717915,0.0,0.0,0.0,2026-01-30,0,205,0,medium,1495.0,5,Basic,299.0,low,active
u000387,2026-01-12,7,443.74,26,40,1,0.0,0.0,0.0,0.0,0.0,1,253.89249999999998,15.25,6.75,0.0,1.0,0.0,0.7477475673848281,0.7049179865627551,0.0,0.0,2026-01-30,0,254,0,high,3992.0,8,Standard,499.0,mid,active
u000388,2026-01-12,7,315.25,20,25,1,0.0,0.0,0.0,0.0,0.0,1,332.21750000000003,22.75,7.0,0.0,1.0,0.0,-0.051073468281853183,-0.12087911556575316,0.0,0.0,2026-01-30,0,62,0,high,799.0,1,Premium,799.0,high,active
u001803,2026-01-12,7,0.0,0,0,0,0.0,0.0,0.0,0.0,0.0,0,12.262500000000003,1.0,7.0,0.0,1.0,0.0,-0.9999999184505673,-0.9999990000010001,0.0,0.0,2026-01-30,0,156,0,low,1196.0,4,Basic,299.0,low,cancelled
u000389,2026-01-12,7,35.129999999999995,2,3,0,0.0,0.0,0.0,0.0,0.0,1,102.1675,7.75,7.0,0.0,1.0,0.0,-0.656152879769468,-0.7419353881373693,0.0,0.0,2026-01-30,0,47,0,medium,499.0,1,Standard,499.0,mid,active
u000384,2026-01-12,6,0.0,0,0,0,0.0,0.0,0.0,0.0,0.0,0,0.0,0.0,6.75,0.0,0.0,0.0,0.0,0.0,0.0,0.0,2026-01-30,0,210,0,medium,2495.0,5,Standard,499.0,mid,cancelled
u000441,2026-01-12,7,19.79,2,3,0,1.0,1.0,0.0,0.0,0.0,1,17.743333333333332,2.0,5.0,1.0,1.0,1.0,0.11534848119396124,0.0,0.9999990000010001,0.9999990000010001,2026-01-30,1,26,0,low,0.0,0,Basic,299.0,low,expired
u000397,2026-01-12,7,20.64,2,2,0,0.0,0.0,0.0,0.0,0.0,1,69.8775,3.75,7.0,0.0,1.0,0.0,-0.7046259424761054,-0.4666665422222554,0.0,0.0,2026-01-30,0,259,0,low,2392.0,8,Basic,299.0,low,active
u000398,2026-01-12,7,139.93,9,20,0,0.0,0.0,0.0,0.0,0.0,1,111.87,7.75,6.75,0.0,2.0,0.0,0.2508268503546362,0.1612903017689933,0.0,0.0,2026-01-30,0,221,0,medium,3493.0,7,Standard,499.0,mid,active
u000408,2026-01-12,6,40.54,2,6,0,0.0,0.0,0.0,0.0,0.0,1,43.0375,3.25,6.75,0.0,1.0,0.0,-0.05803078575589234,-0.38461526627222575,0.0,0.0,2026-01-30,0,234,0,medium,2093.0,7,Basic,299.0,low,active
u000409,2026-01-12,6,110.83,8,10,0,0.0,0.0,0.0,0.0,0.0,1,120.15499999999999,8.0,6.0,0.0,1.0,0.0,-0.07760808890509675,0.0,0.0,0.0,2026-01-30,0,36,0,high,499.0,1,Standard,499.0,mid,active
u001775,2026-01-12,7,62.07,5,7,0,0.0,0.0,1.0,0.0,0.0,1,78.9975,6.75,7.0,0.0,1.0,0.0,-0.21427893016514538,-0.2592592208504858,0.0,0.0,2026-01-30,0,78,0,medium,598.0,2,Basic,299.0,low,active
u001774,2026-01-12,6,0.0,0,0,0,0.0,0.0,1.0,0.0,0.0,0,0.0,0.0,6.75,0.0,0.0,0.0,0.0,0.0,0.0,0.0,2026-01-30,0,172,0,low,299.0,1,Basic,299.0,low,cancelled
u000410,2026-01-12,7,0.0,0,0,0,0.0,0.0,0.0,0.0,0.0,0,12.174999999999994,0.5,7.0,0.0,1.0,0.0,-0.9999999178644832,-0.999998000004,0.0,0.0,2026-01-30,0,267,0,low,2392.0,8,Basic,299.0,low,cancelled
u001773,2026-01-12,7,0.0,0,0,0,0.0,0.0,0.0,0.0,0.0,0,13.782499999999999,1.25,7.0,0.0,1.0,0.0,-0.999999927444228,-0.99999920000064,0.0,0.0,2026-01-30,0,179,0,medium,3995.0,5,Premium,799.0,high,cancelled
u001772,2026-01-12,7,264.29075102008284,2,3,1,0.0,0.0,0.0,0.0,0.0,1,123.4751877550207,4.75,7.0,0.0,1.0,0.0,1.1404361044909628,-0.5789472465374218,0.0,0.0,2026-01-30,0,176,0,medium,1495.0,5,Basic,299.0,low,active
u000411,2026-01-12,7,65.78999999999999,2,9,0,0.0,0.0,0.0,0.0,0.0,1,141.7925,8.75,7.0,0.0,1.0,0.0,-0.5360121266215624,-0.7714284832653162,0.0,0.0,2026-01-30,0,227,0,high,5593.0,7,Premium,799.0,high,active
u001771,2026-01-12,7,0.0,0,0,0,0.0,0.0,0.0,0.0,0.0,0,0.0,0.0,7.0,0.0,0.0,0.0,0.0,0.0,0.0,0.0,2026-01-30,0,186,0,low,897.0,3,Basic,299.0,low,cancelled
u000412,2026-01-12,7,25.59,2,4,0,0.0,0.0,0.0,0.0,0.0,1,29.8325,2.0,7.0,0.0,2.0,0.0,-0.14221067150890232,0.0,0.0,0.0,2026-01-30,0,213,0,medium,2093.0,7,Basic,299.0,low,active
u001770,2026-01-12,7,110.47,6,10,0,0.0,0.0,0.0,0.0,0.0,1,122.1825,7.5,7.0,0.0,1.0,0.0,-0.09586069939753489,-0.19999997333333688,0.0,0.0,2026-01-30,0,221,0,high,5593.0,7,Premium,799.0,high,active
u002349,2026-01-12,7,0.0,0,0,0,0.0,0.0,0.0,0.0,0.0,0,0.0,0.0,7.0,0.0,0.0,0.0,0.0,0.0,0.0,0.0,2026-01-30,0,220,0,medium,1196.0,4,Basic,299.0,low,expired
u000413,2026-01-12,7,0.0,0,0,0,0.0,0.0,0.0,0.0,0.0,0,0.0,0.0,7.0,0.0,0.0,0.0,0.0,0.0,0.0,0.0,2026-01-30,0,200,0,medium,1996.0,4,Standard,499.0,mid,cancelled
u001769,2026-01-12,7,53.14,4,8,0,0.0,0.0,0.0,0.0,0.0,1,61.28,3.5,6.75,0.0,2.0,0.0,-0.13283289600468512,0.142857102040828,0.0,0.0,2026-01-30,0,254,0,low,2093.0,7,Basic,299.0,low,active
u000090,2026-01-12,7,38.18,4,5,0,0.0,0.0,0.0,0.0,0.0,1,36.04,3.0,7.0,0.0,1.0,0.0,0.05937846672090827,0.33333322222225925,0.0,0.0,2026-01-30,0,62,0,low,299.0,1,Basic,299.0,low,active
u000414,2026-01-12,7,154.66,10,22,1,0.0,0.0,0.0,0.0,0.0,1,209.37488811365816,7.75,7.0,0.0,1.0,0.0,-0.26132497715118286,0.290322543184188,0.0,0.0,2026-01-30,0,237,0,high,3493.0,7,Standard,499.0,mid,active
u001768,2026-01-12,7,0.0,0,0,0,0.0,0.0,0.0,0.0,0.0,0,0.0,0.0,7.0,0.0,0.0,0.0,0.0,0.0,0.0,0.0,2026-01-30,0,153,0,low,499.0,1,Standard,499.0,mid,expired
u001767,2026-01-12,7,0.0,0,0,0,0.0,0.0,0.0,0.0,0.0,0,0.0,0.0,7.0,0.0,0.0,0.0,0.0,0.0,0.0,0.0,2026-01-30,0,144,0,low,499.0,1,Standard,499.0,mid,cancelled
u001766,2026-01-12,7,217.07,18,22,0,0.0,0.0,0.0,0.0,0.0,1,160.345,11.75,6.25,0.0,1.0,0.0,0.35376843460183705,0.5319148483476726,0.0,0.0,2026-01-30,0,36,0,high,799.0,1,Premium,799.0,high,active
u001765,2026-01-12,7,0.0,0,0,0,0.0,0.0,0.0,0.0,0.0,0,1.98,0.25,7.0,0.0,1.0,0.0,-0.99999949494975,-0.9999960000160001,0.0,0.0,2026-01-30,0,126,0,low,897.0,3,Basic,299.0,low,cancelled
u000415,2026-01-12,7,129.97,8,10,0,0.0,0.0,0.0,0.0,0.0,1,73.29250000000003,5.0,7.0,0.0,1.0,0.0,0.7733055800620031,0.599999880000024,0.0,0.0,2026-01-30,0,266,0,high,2392.0,8,Basic,299.0,low,active
u000091,2026-01-12,7,64.06,3,14,0,0.0,0.0,0.0,0.0,0.0,1,104.0875,6.0,6.75,0.0,2.0,0.0,-0.38455625906514945,-0.49999991666668053,0.0,0.0,2026-01-30,0,161,0,high,1495.0,5,Basic,299.0,low,active
u001776,2026-01-12,7,343.71999999999997,14,36,1,0.0,0.0,1.0,1.0,0.0,1,254.4075,16.0,6.75,0.0,1.0,0.0,0.3510607967490706,-0.12499999218750048,0.0,0.0,2026-01-30,0,238,0,high,4794.0,6,Premium,799.0,high,active
u000407,2026-01-12,7,0.0,0,0,0,0.0,0.0,1.0,0.0,0.0,0,0.0,0.0,7.0,0.0,0.0,0.0,0.0,0.0,0.0,0.0,2026-01-30,0,162,0,medium,3196.0,4,Premium,799.0,high,cancelled
u002348,2026-01-12,7,110.97,8,14,0,0.0,0.0,0.0,0.0,0.0,1,99.35000000000002,8.25,7.0,0.0,1.0,0.0,0.11696024039295151,-0.03030302662993617,0.0,0.0,2026-01-30,0,82,0,medium,998.0,2,Standard,499.0,mid,active
u001787,2026-01-12,7,0.0,0,0,0,0.0,0.0,0.0,0.0,0.0,0,0.0,0.0,7.0,0.0,0.0,0.0,0.0,0.0,0.0,0.0,2026-01-30,0,221,0,low,897.0,3,Basic,299.0,low,cancelled
u000399,2026-01-12,7,32.269999999999996,2,4,0,0.0,0.0,0.0,0.0,0.0,1,94.275,6.0,7.0,0.0,1.0,0.0,-0.6577035199395014,-0.6666665555555741,0.0,0.0,2026-01-30,0,200,0,medium,1794.0,6,Basic,299.0,low,active
u002346,2026-01-12,7,83.97,9,9,0,0.0,0.0,0.0,0.0,0.0,1,48.765,4.5,6.75,1.0,1.0,1.0,0.7219316985146785,0.9999997777778271,0.9999990000010001,0.9999990000010001,2026-01-30,0,206,0,medium,2495.0,5,Standard,499.0,mid,active
u001786,2026-01-12,7,185.05,15,15,0,0.0,0.0,0.0,0.0,0.0,1,140.22750000000002,9.5,7.0,0.0,1.0,0.0,0.31964129489835225,0.5789473074792308,0.0,0.0,2026-01-30,0,209,0,high,1495.0,5,Basic,299.0,low,active
u000400,2026-01-12,7,0.0,0,0,0,0.0,0.0,0.0,0.0,0.0,0,0.0,0.0,6.75,0.0,0.0,0.0,0.0,0.0,0.0,0.0,2026-01-30,0,193,0,medium,1996.0,4,Standard,499.0,mid,cancelled
u000401,2026-01-12,7,32.14,2,3,0,1.0,0.0,1.0,0.0,0.0,1,31.445,2.5,4.5,0.0,1.0,0.0,0.022102082299186452,-0.199999920000032,0.0,0.0,2026-01-30,1,20,0,low,299.0,1,Basic,299.0,low,cancelled
u000092,2026-01-12,7,114.72999999999999,6,8,0,0.0,0.0,0.0,0.0,0.0,1,120.175,8.25,7.0,1.0,2.0,1.0,-0.04530892410810138,-0.2727272396694255,0.499999750000125,0.499999750000125,2026-01-30,0,69,0,medium,499.0,1,Standard,499.0,mid,active
u001785,2026-01-12,7,207.05,15,23,0,0.0,0.0,0.0,0.0,0.0,1,128.7925,8.5,7.0,0.0,1.0,0.0,0.6076246628676,0.7647057923875539,0.0,0.0,2026-01-30,0,88,0,medium,998.0,2,Standard,499.0,mid,active
u001784,2026-01-12,7,39.17,3,5,0,0.0,0.0,0.0,0.0,0.0,1,55.556666666666665,3.6666666666666665,6.666666666666667,0.0,1.0,0.0,-0.29495409560891406,-0.18181813223141843,0.0,0.0,2026-01-30,1,31,0,low,499.0,1,Standard,499.0,mid,cancelled
u001783,2026-01-12,7,71.1,5,10,0,0.0,0.0,0.0,0.0,0.0,1,125.53750000000001,8.75,7.0,0.0,1.0,0.0,-0.4336353644637232,-0.4285713795918424,0.0,0.0,2026-01-30,0,265,0,medium,3493.0,7,Standard,499.0,mid,active
u001788,2026-01-12,7,0.0,0,0,0,0.0,0.0,0.0,0.0,0.0,0,0.0,0.0,6.75,0.0,0.0,0.0,0.0,0.0,0.0,0.0,2026-01-30,0,246,0,low,998.0,2,Standard,499.0,mid,cancelled
u000402,2026-01-12,7,122.15,10,9,0,0.0,0.0,2.0,0.0,0.0,1,151.38750000000002,10.75,7.0,0.0,1.0,0.0,-0.19313021092804755,-0.06976743537047113,0.0,0.0,2026-01-30,0,75,0,high,998.0,2,Standard,499.0,mid,active
u000403,2026-01-12,7,111.22,9,10,0,0.0,0.0,0.0,0.0,0.0,1,106.56,6.5,7.0,0.0,1.0,0.0,0.043731230820840516,0.38461532544379606,0.0,0.0,2026-01-30,0,190,0,medium,4794.0,6,Premium,799.0,high,active
u000404,2026-01-12,7,67.86,4,8,0,0.0,0.0,0.0,0.0,0.0,1,81.85000000000001,4.0,5.0,1.0,1.0,1.0,-0.17092241697101515,0.0,0.9999990000010001,0.9999990000010001,2026-01-30,1,27,0,medium,0.0,0,Basic,299.0,low,expired
u001781,2026-01-12,7,57.019999999999996,5,3,0,0.0,0.0,0.0,0.0,0.0,1,83.7025,7.0,7.0,0.0,1.0,0.0,-0.31877781047426534,-0.285714244897965,0.0,0.0,2026-01-30,0,259,0,medium,3992.0,8,Standard,499.0,mid,active
u000405,2026-01-12,7,113.92,7,8,0,0.0,0.0,0.0,0.0,0.0,1,96.53500000000001,6.5,7.0,1.0,1.0,1.0,0.18009012088786314,0.07692306508875922,0.9999990000010001,0.9999990000010001,2026-01-30,0,145,0,medium,897.0,3,Basic,299.0,low,active
u002347,2026-01-12,7,25.36,2,4,0,0.0,0.0,0.0,0.0,0.0,1,74.9575,6.75,6.5,0.0,2.0,0.0,-0.6616749403105101,-0.7037035994513186,0.0,0.0,2026-01-30,0,188,0,medium,1794.0,6,Basic,299.0,low,active
u001780,2026-01-12,7,141.82999999999998,11,21,0,0.0,0.0,2.0,0.0,0.0,1,117.26999999999998,7.0,7.0,0.0,1.0,0.0,0.20943122529691124,0.57142848979593,0.0,0.0,2026-01-30,0,99,0,medium,897.0,3,Basic,299.0,low,active
u001779,2026-01-12,7,88.25999999999999,9,11,0,0.0,0.0,0.0,0.0,0.0,1,237.8525,16.0,6.75,0.0,2.0,0.0,-0.6289296911786519,-0.4374999726562517,0.0,0.0,2026-01-30,0,193,0,high,2994.0,6,Standard,499.0,mid,active
u001778,2026-01-12,7,0.0,0,0,0,0.0,0.0,0.0,0.0,0.0,0,0.0,0.0,7.0,0.0,0.0,0.0,0.0,0.0,0.0,0.0,2026-01-30,0,230,0,low,299.0,1,Basic,299.0,low,cancelled
u000406,2026-01-12,7,0.0,0,0,0,0.0,0.0,0.0,0.0,0.0,0,0.0,0.0,7.0,0.0,0.0,0.0,0.0,0.0,0.0,0.0,2026-01-30,0,145,0,low,897.0,3,Basic,299.0,low,cancelled
u001777,2026-01-12,7,0.0,0,0,0,0.0,0.0,0.0,0.0,0.0,1,51.95500000000001,2.5,7.0,1.0,2.0,1.0,-0.9999999807525748,-0.99999960000016,0.499999750000125,0.499999750000125,2026-01-30,1,187,0,medium,1495.0,5,Basic,299.0,low,cancelled
u001782,2026-01-12,6,0.0,0,0,0,0.0,0.0,0.0,0.0,0.0,0,0.0,0.0,6.75,0.0,0.0,0.0,0.0,0.0,0.0,0.0,2026-01-30,0,185,0,low,799.0,1,Premium,799.0,high,expired
u001592,2026-01-12,7,32.97,2,4,0,0.0,0.0,0.0,0.0,0.0,1,44.675,2.25,7.0,0.0,1.0,0.0,-0.262003351717888,-0.111111061728417,0.0,0.0,2026-01-30,0,184,0,low,1495.0,5,Basic,299.0,low,active
u001703,2026-01-12,6,136.14999999999998,6,13,0,0.0,0.0,0.0,0.0,0.0,1,142.12,10.5,6.75,0.0,1.0,0.0,-0.042006754559479824,-0.42857138775510595,0.0,0.0,2026-01-30,0,99,0,high,897.0,3,Basic,299.0,low,active
u000442,2026-01-12,7,115.09,5,13,0,0.0,0.0,0.0,0.0,0.0,1,118.77499999999998,6.25,7.0,0.0,1.0,0.0,-0.031025047097242076,-0.1999999680000051,0.0,0.0,2026-01-30,0,195,0,medium,2495.0,5,Standard,499.0,mid,active
u001631,2026-01-12,7,0.0,0,0,0,0.0,0.0,0.0,0.0,0.0,0,0.0,0.0,7.0,0.0,1.0,0.0,0.0,0.0,0.0,0.0,2026-01-30,0,127,0,low,1497.0,3,Standard,499.0,mid,cancelled
u000480,2026-01-12,7,26.82,2,6,0,0.0,0.0,0.0,0.0,0.0,1,83.6,6.0,7.0,1.0,3.0,1.0,-0.6791865947465718,-0.6666665555555741,0.33333322222225925,0.33333322222225925,2026-01-30,0,243,0,medium,2093.0,7,Basic,299.0,low,active
u000076,2026-01-12,7,121.06,4,14,0,0.0,0.0,0.0,0.0,0.0,1,102.68,4.75,7.0,0.0,1.0,0.0,0.17900272517527532,-0.15789470360111502,0.0,0.0,2026-01-30,0,151,0,medium,897.0,3,Basic,299.0,low,active
u001630,2026-01-12,7,196.94,15,23,0,0.0,0.0,0.0,0.0,0.0,1,107.39500000000001,8.0,7.0,0.0,1.0,0.0,0.8337911370753652,0.8749998906250137,0.0,0.0,2026-01-30,0,239,0,high,2093.0,7,Basic,299.0,low,active
u000481,2026-01-12,7,0.0,0,0,0,0.0,0.0,0.0,0.0,0.0,0,0.0,0.0,7.0,0.0,0.0,0.0,0.0,0.0,0.0,0.0,2026-01-30,0,198,0,medium,998.0,2,Standard,499.0,mid,cancelled
u001629,2026-01-12,7,0.0,0,0,0,0.0,0.0,0.0,0.0,0.0,0,0.0,0.0,7.0,0.0,0.0,0.0,0.0,0.0,0.0,0.0,2026-01-30,0,173,0,low,1996.0,4,Standard,499.0,mid,cancelled
u000482,2026-01-12,7,0.0,0,0,0,0.0,0.0,0.0,0.0,0.0,0,21.8925,1.0,7.0,1.0,1.0,1.0,-0.9999999543222585,-0.9999990000010001,0.9999990000010001,0.9999990000010001,2026-01-30,0,62,0,low,0.0,0,Basic,299.0,low,expired
u001628,2026-01-12,7,88.09,6,11,0,0.0,0.0,1.0,0.0,0.0,1,96.63749999999999,6.75,7.0,0.0,2.0,0.0,-0.08844910010659306,-0.1111110946502082,0.0,0.0,2026-01-30,0,124,0,medium,1196.0,4,Basic,299.0,low,active
u001627,2026-01-12,7,31.130000000000003,3,3,0,0.0,0.0,1.0,0.0,0.0,1,51.3925,5.5,7.0,0.0,1.0,0.0,-0.39426958419478353,-0.4545453719008415,0.0,0.0,2026-01-30,0,125,0,low,897.0,3,Basic,299.0,low,active
u001626,2026-01-12,7,108.9,7,8,0,1.0,0.0,0.0,0.0,0.0,1,78.23,4.0,5.0,0.0,1.0,0.0,0.39204908101688507,0.7499998125000469,0.0,0.0,2026-01-30,0,21,0,medium,499.0,1,Standard,499.0,mid,active
u002371,2026-01-12,6,64.71000000000001,4,11,0,0.0,0.0,0.0,0.0,0.0,1,59.285,4.75,6.75,0.0,1.0,0.0,0.09150712504837458,-0.15789470360111502,0.0,0.0,2026-01-30,0,259,0,medium,3992.0,8,Standard,499.0,mid,active
u001625,2026-01-12,7,120.25999999999999,11,14,0,0.0,0.0,0.0,0.0,0.0,1,116.60000000000001,7.0,7.0,1.0,2.0,1.0,0.03138936508242382,0.57142848979593,0.499999750000125,0.499999750000125,2026-01-30,0,132,0,medium,2397.0,3,Premium,799.0,high,active
u001624,2026-01-12,7,0.0,0,0,0,0.0,0.0,0.0,0.0,0.0,0,0.0,0.0,7.0,0.0,0.0,0.0,0.0,0.0,0.0,0.0,2026-01-30,0,266,0,low,299.0,1,Basic,299.0,low,expired
u000483,2026-01-12,7,165.92000000000002,12,24,0,0.0,0.0,0.0,0.0,0.0,1,131.985,7.75,7.0,0.0,1.0,0.0,0.25711254872059286,0.5483870260145772,0.0,0.0,2026-01-30,0,208,0,high,2495.0,5,Standard,499.0,mid,active
u002372,2026-01-12,7,25.4,3,1,0,0.0,0.0,0.0,0.0,0.0,1,35.9525,2.75,6.75,1.0,2.0,1.0,-0.29351226497427824,0.09090905785125168,0.499999750000125,0.499999750000125,2026-01-30,1,64,0,low,299.0,1,Basic,299.0,low,expired
u000484,2026-01-12,7,0.0,0,0,0,0.0,0.0,0.0,0.0,0.0,0,0.0,0.0,7.0,1.0,1.0,1.0,0.0,0.0,0.9999990000010001,0.9999990000010001,2026-01-30,0,70,0,low,0.0,0,Premium,799.0,high,expired
u001623,2026-01-12,7,23.25,1,2,0,0.0,0.0,0.0,0.0,0.0,1,37.287499999999994,2.25,7.0,0.0,1.0,0.0,-0.3764666342214781,-0.555555308642085,0.0,0.0,2026-01-30,0,39,0,low,299.0,1,Basic,299.0,low,active
u001622,2026-01-12,7,187.51999999999998,13,13,0,0.0,0.0,0.0,0.0,0.0,1,211.7525,12.5,7.0,0.0,1.0,0.0,-0.11443784552986232,0.039999996800000256,0.0,0.0,2026-01-30,0,269,0,high,5593.0,7,Premium,799.0,high,active
u000485,2026-01-12,7,55.349999999999994,3,3,0,0.0,0.0,0.0,0.0,0.0,1,48.71749999999999,3.0,7.0,0.0,2.0,0.0,0.1361420406190377,0.0,0.0,0.0,2026-01-30,0,154,0,low,1996.0,4,Standard,499.0,mid,active
u001621,2026-01-12,7,44.09,3,7,0,0.0,0.0,0.0,0.0,0.0,1,63.30500000000001,5.0,7.0,0.0,1.0,0.0,-0.30353052201989544,-0.399999920000016,0.0,0.0,2026-01-30,0,204,0,low,1495.0,5,Basic,299.0,low,active
u000486,2026-01-12,7,77.07,11,9,0,0.0,0.0,0.0,0.0,0.0,1,46.4225,4.75,7.0,0.0,2.0,0.0,0.6601863178375503,1.3157891966759585,0.0,0.0,2026-01-30,0,212,0,low,1794.0,6,Basic,299.0,low,active
u001632,2026-01-12,7,55.89,3,5,0,0.0,0.0,2.0,0.0,0.0,1,138.01000000000002,7.0,7.0,0.0,1.0,0.0,-0.5950293413880926,-0.57142848979593,0.0,0.0,2026-01-30,0,45,0,high,299.0,1,Basic,299.0,low,active
u001620,2026-01-12,7,26.05,2,4,0,1.0,0.0,0.0,0.0,0.0,1,50.574999999999996,2.0,5.5,0.0,1.0,0.0,-0.4849233715289496,0.0,0.0,0.0,2026-01-30,0,22,0,medium,299.0,1,Basic,299.0,low,active
u000479,2026-01-12,7,85.44,6,10,0,0.0,0.0,0.0,0.0,0.0,1,72.64,4.5,7.0,0.0,1.0,0.0,0.1762114513186749,0.3333332592592757,0.0,0.0,2026-01-30,0,104,0,medium,598.0,2,Basic,299.0,low,active
u001634,2026-01-12,7,0.0,0,0,0,0.0,0.0,0.0,0.0,0.0,0,14.3475,1.75,7.0,0.0,1.0,0.0,-0.9999999303014512,-0.9999994285717552,0.0,0.0,2026-01-30,0,50,0,low,299.0,1,Basic,299.0,low,cancelled
u001645,2026-01-12,7,133.96,11,8,0,0.0,0.0,0.0,0.0,0.0,1,147.81750000000002,10.5,7.0,0.0,1.0,0.0,-0.09374735674904972,0.047619043083900664,0.0,0.0,2026-01-30,0,237,0,high,5593.0,7,Premium,799.0,high,active
u000472,2026-01-12,7,43.12,3,2,0,0.0,0.0,0.0,0.0,0.0,1,92.63499999999999,5.0,6.75,0.0,2.0,0.0,-0.5345171853563212,-0.399999920000016,0.0,0.0,2026-01-30,0,69,0,medium,598.0,2,Basic,299.0,low,active
u001644,2026-01-12,7,0.0,0,0,0,0.0,0.0,0.0,0.0,0.0,0,0.0,0.0,6.75,0.0,0.0,0.0,0.0,0.0,0.0,0.0,2026-01-30,0,121,0,low,998.0,2,Standard,499.0,mid,cancelled
u001643,2026-01-12,7,424.38,21,39,1,0.0,0.0,0.0,0.0,0.0,1,239.54,15.75,7.0,0.0,2.0,0.0,0.771645650949129,0.33333331216931356,0.0,0.0,2026-01-30,0,158,0,high,3995.0,5,Premium,799.0,high,active
u002369,2026-01-12,7,263.87,13,25,0,0.0,0.0,0.0,0.0,0.0,1,259.3725,16.75,7.0,0.0,1.0,0.0,0.017339926101109703,-0.22388058364892036,0.0,0.0,2026-01-30,0,230,0,high,4794.0,6,Premium,799.0,high,active
u000473,2026-01-12,7,11.85,1,1,0,0.0,0.0,0.0,0.0,0.0,1,24.785,1.75,7.0,0.0,2.0,0.0,-0.52188821779753,-0.42857118367360936,0.0,0.0,2026-01-30,0,162,0,low,1495.0,5,Basic,299.0,low,active
u001642,2026-01-12,7,0.0,0,0,0,0.0,0.0,0.0,0.0,0.0,0,0.0,0.0,7.0,0.0,0.0,0.0,0.0,0.0,0.0,0.0,2026-01-30,0,258,0,low,1196.0,4,Basic,299.0,low,cancelled
u000474,2026-01-12,7,41.849999999999994,4,4,0,0.0,0.0,0.0,0.0,0.0,1,52.1025,3.0,7.0,0.0,1.0,0.0,-0.1967755828074358,0.33333322222225925,0.0,0.0,2026-01-30,0,153,0,medium,1996.0,4,Standard,499.0,mid,active
u001641,2026-01-12,7,0.0,0,0,0,0.0,0.0,1.0,1.0,0.0,0,78.965,4.0,7.0,0.0,1.0,0.0,-0.9999999873361618,-0.9999997500000625,0.0,0.0,2026-01-30,0,89,0,medium,1598.0,2,Premium,799.0,high,cancelled
u001640,2026-01-12,7,369.07,18,52,1,0.0,0.0,0.0,0.0,0.0,1,252.5525,12.0,7.0,0.0,1.0,0.0,0.46135951748108,0.4999999583333368,0.0,0.0,2026-01-30,0,202,0,high,2994.0,6,Standard,499.0,mid,active
u000475,2026-01-12,7,43.26,3,4,0,0.0,0.0,0.0,0.0,0.0,1,38.2,3.25,7.0,0.0,1.0,0.0,0.1324607295167347,-0.07692305325444515,0.0,0.0,2026-01-30,0,111,0,medium,897.0,3,Basic,299.0,low,active
u001639,2026-01-12,7,138.39,12,12,0,0.0,0.0,1.0,0.0,0.0,1,150.665,11.5,7.0,1.0,1.0,1.0,-0.08147213963779157,0.043478257088847214,0.9999990000010001,0.9999990000010001,2026-01-30,0,225,0,medium,2994.0,6,Standard,499.0,mid,active
u000077,2026-01-12,7,0.0,0,0,0,0.0,0.0,1.0,0.0,0.0,1,20.135,1.75,7.0,0.0,2.0,0.0,-0.9999999503352396,-0.9999994285717552,0.0,0.0,2026-01-30,1,188,0,low,1794.0,6,Basic,299.0,low,cancelled
u000476,2026-01-12,7,200.1,13,25,0,0.0,0.0,0.0,0.0,0.0,1,309.0,19.25,7.0,0.0,1.0,0.0,-0.3524271833254784,-0.3246753078090749,0.0,0.0,2026-01-30,0,74,0,high,1598.0,2,Premium,799.0,high,active
u001638,2026-01-12,7,0.0,0,0,0,0.0,0.0,0.0,0.0,0.0,0,0.0,0.0,7.0,0.0,0.0,0.0,0.0,0.0,0.0,0.0,2026-01-30,0,114,0,low,598.0,2,Basic,299.0,low,cancelled
u000477,2026-01-12,7,0.0,0,0,0,0.0,0.0,0.0,0.0,0.0,0,26.0825,1.75,7.0,0.0,1.0,0.0,-0.9999999616601184,-0.9999994285717552,0.0,0.0,2026-01-30,0,58,0,low,299.0,1,Basic,299.0,low,cancelled
u001637,2026-01-12,7,0.0,0,0,0,0.0,0.0,0.0,0.0,0.0,0,0.0,0.0,7.0,0.0,0.0,0.0,0.0,0.0,0.0,0.0,2026-01-30,0,229,0,low,299.0,1,Basic,299.0,low,cancelled
u000478,2026-01-12,6,0.0,0,0,0,0.0,0.0,0.0,0.0,0.0,0,0.0,0.0,6.5,0.0,0.0,0.0,0.0,0.0,0.0,0.0,2026-01-30,0,266,0,low,2093.0,7,Basic,299.0,low,cancelled
u001636,2026-01-12,7,114.86000000000001,6,18,0,0.0,0.0,1.0,0.0,0.0,1,124.525,7.25,7.0,0.0,1.0,0.0,-0.07761493613639876,-0.1724137693222387,0.0,0.0,2026-01-30,0,136,0,high,1196.0,4,Basic,299.0,low,active
u002370,2026-01-12,7,45.57,5,7,0,0.0,0.0,0.0,0.0,0.0,1,34.010000000000005,2.5,6.75,0.0,1.0,0.0,0.3399000194089966,0.99999960000016,0.0,0.0,2026-01-30,0,226,0,low,2093.0,7,Basic,299.0,low,active
u001635,2026-01-12,7,82.78,4,7,0,0.0,0.0,0.0,0.0,0.0,1,53.36750000000001,4.75,7.0,0.0,1.0,0.0,0.5511312961796729,-0.15789470360111502,0.0,0.0,2026-01-30,0,166,0,medium,2495.0,5,Standard,499.0,mid,active
u001633,2026-01-12,7,136.22,8,11,0,0.0,0.0,0.0,0.0,0.0,1,145.9825,8.75,7.0,0.0,2.0,0.0,-0.06687445367167665,-0.08571427591836847,0.0,0.0,2026-01-30,0,248,0,high,1794.0,6,Basic,299.0,low,active
u000075,2026-01-12,7,119.68,8,17,0,0.0,0.0,0.0,0.0,0.0,1,133.0275,8.75,7.0,0.0,2.0,0.0,-0.1003363958554705,-0.08571427591836847,0.0,0.0,2026-01-30,0,98,0,high,897.0,3,Basic,299.0,low,active
u001619,2026-01-12,7,0.0,0,0,0,0.0,0.0,0.0,0.0,0.0,0,45.13,2.75,7.0,0.0,1.0,0.0,-0.999999977841791,-0.9999996363637685,0.0,0.0,2026-01-30,0,240,0,medium,2093.0,7,Basic,299.0,low,cancelled
u000487,2026-01-12,7,18.84,1,4,0,0.0,0.0,0.0,0.0,0.0,1,119.7175,8.75,7.0,0.0,2.0,0.0,-0.8426295166318247,-0.8857141844898075,0.0,0.0,2026-01-30,0,187,0,medium,2994.0,6,Standard,499.0,mid,active
u000496,2026-01-12,7,0.0,0,0,0,0.0,0.0,0.0,0.0,0.0,0,0.0,0.0,6.75,0.0,0.0,0.0,0.0,0.0,0.0,0.0,2026-01-30,0,167,0,low,598.0,2,Basic,299.0,low,cancelled
u001604,2026-01-12,7,153.86,14,13,0,0.0,0.0,0.0,0.0,0.0,1,134.1725,10.0,7.0,0.0,1.0,0.0,0.1467327496563547,0.39999996000000404,0.0,0.0,2026-01-30,0,191,0,high,2994.0,6,Standard,499.0,mid,active
u002377,2026-01-12,7,89.71000000000001,5,11,0,0.0,0.0,0.0,0.0,0.0,1,66.465,4.25,7.0,0.0,1.0,0.0,0.3497329368880925,0.17647054671281254,0.0,0.0,2026-01-30,0,56,0,low,299.0,1,Basic,299.0,low,active
u000497,2026-01-12,7,0.0,0,0,0,0.0,0.0,0.0,0.0,0.0,0,0.0,0.0,7.0,0.0,0.0,0.0,0.0,0.0,0.0,0.0,2026-01-30,0,241,0,medium,3196.0,4,Premium,799.0,high,cancelled
u001603,2026-01-12,7,149.79000000000002,10,12,0,0.0,0.0,0.0,0.0,0.0,1,167.9625,10.0,7.0,0.0,2.0,0.0,-0.10819379261326899,0.0,0.0,0.0,2026-01-30,0,63,0,high,998.0,2,Standard,499.0,mid,active
u000074,2026-01-12,7,57.67,7,7,0,0.0,0.0,1.0,0.0,0.0,1,65.71249999999999,6.25,7.0,0.0,1.0,0.0,-0.12238919349607454,0.11999998080000307,0.0,0.0,2026-01-30,0,238,0,medium,3493.0,7,Standard,499.0,mid,active
u001602,2026-01-12,7,171.91000000000003,12,22,0,0.0,0.0,0.0,0.0,0.0,1,136.03500000000003,11.0,6.5,0.0,1.0,0.0,0.2637188939337751,0.09090908264462885,0.0,0.0,2026-01-30,0,85,0,high,998.0,2,Standard,499.0,mid,active
u001601,2026-01-12,6,210.19,14,21,0,0.0,0.0,0.0,0.0,0.0,1,231.5725,10.0,6.75,0.0,1.0,0.0,-0.09233609304932106,0.39999996000000404,0.0,0.0,2026-01-30,0,195,0,high,4794.0,6,Premium,799.0,high,active
u000498,2026-01-12,7,106.05000000000001,6,12,0,0.0,0.0,0.0,0.0,0.0,1,59.03000000000001,4.0,6.75,0.0,1.0,0.0,0.7965441166094508,0.49999987500003124,0.0,0.0,2026-01-30,0,177,0,low,1196.0,4,Basic,299.0,low,active
u000499,2026-01-12,7,30.470000000000002,4,2,0,0.0,0.0,0.0,0.0,0.0,1,51.8875,4.25,6.75,0.0,1.0,0.0,-0.4127679997539292,-0.05882351557093751,0.0,0.0,2026-01-30,1,38,0,low,299.0,1,Basic,299.0,low,cancelled
u001600,2026-01-12,7,30.790000000000003,4,3,0,0.0,0.0,0.0,0.0,0.0,1,34.6175,3.25,7.0,0.0,1.0,0.0,-0.11056546224986019,0.23076915976333545,0.0,0.0,2026-01-30,0,93,0,low,598.0,2,Basic,299.0,low,active
u001599,2026-01-12,6,0.0,0,0,0,0.0,0.0,0.0,0.0,0.0,0,45.32,3.25,6.75,0.0,1.0,0.0,-0.9999999779346872,-0.999999692307787,0.0,0.0,2026-01-30,0,58,0,low,799.0,1,Premium,799.0,high,cancelled
u001598,2026-01-12,7,0.0,0,0,0,0.0,0.0,0.0,0.0,0.0,0,13.915,0.75,7.0,0.0,1.0,0.0,-0.9999999281351112,-0.9999986666684444,0.0,0.0,2026-01-30,0,88,0,medium,1598.0,2,Premium,799.0,high,cancelled
u001597,2026-01-12,7,64.47999999999999,2,9,0,0.0,0.0,0.0,0.0,0.0,1,88.8025,4.75,7.0,0.0,2.0,0.0,-0.27389431295409133,-0.5789472465374218,0.0,0.0,2026-01-30,0,105,0,medium,1497.0,3,Standard,499.0,mid,active
u001596,2026-01-12,7,98.03999999999999,7,7,0,0.0,0.0,1.0,0.0,0.0,1,38.71000000000001,3.0,6.75,0.0,1.0,0.0,1.5326788547486727,1.333332888889037,0.0,0.0,2026-01-30,0,229,0,low,3493.0,7,Standard,499.0,mid,active
u000500,2026-01-12,7,0.0,0,0,0,0.0,0.0,0.0,0.0,0.0,0,0.0,0.0,7.0,0.0,0.0,0.0,0.0,0.0,0.0,0.0,2026-01-30,0,164,0,low,998.0,2,Standard,499.0,mid,cancelled
u001595,2026-01-12,7,86.58,8,13,0,0.0,0.0,0.0,0.0,0.0,1,53.0275,3.75,7.0,0.0,1.0,0.0,0.6327377184906374,1.1333330311111918,0.0,0.0,2026-01-30,0,94,0,low,598.0,2,Basic,299.0,low,active
u001594,2026-01-12,7,127.21000000000001,8,10,0,0.0,0.0,0.0,0.0,0.0,1,108.9175,7.25,7.0,0.0,1.0,0.0,0.16794821614572303,0.10344826159334322,0.0,0.0,2026-01-30,0,266,0,medium,2392.0,8,Basic,299.0,low,active
u002378,2026-01-12,7,0.0,0,0,0,0.0,0.0,0.0,0.0,0.0,0,0.0,0.0,7.0,0.0,0.0,0.0,0.0,0.0,0.0,0.0,2026-01-30,0,236,0,low,897.0,3,Basic,299.0,low,cancelled
u002379,2026-01-12,7,89.97,7,13,0,1.0,0.0,0.0,0.0,0.0,1,139.815,11.0,6.0,0.0,1.0,0.0,-0.35650681002391155,-0.3636363305785154,0.0,0.0,2026-01-30,0,23,0,high,499.0,1,Standard,499.0,mid,active
u000501,2026-01-12,7,0.0,0,0,0,0.0,0.0,0.0,0.0,0.0,0,0.0,0.0,7.0,0.0,0.0,0.0,0.0,0.0,0.0,0.0,2026-01-30,0,242,0,low,897.0,3,Basic,299.0,low,expired
u002376,2026-01-12,7,24.009999999999998,5,3,0,1.0,0.0,0.0,0.0,0.0,1,12.004999999999999,2.5,5.5,0.0,1.0,0.0,0.9999999167013814,0.99999960000016,0.0,0.0,2026-01-30,1,22,0,low,299.0,1,Basic,299.0,low,cancelled
u001605,2026-01-12,7,252.11,16,25,0,0.0,0.0,0.0,0.0,0.0,1,159.0075,10.25,7.0,0.0,1.0,0.0,0.5855226917879807,0.5609755550267752,0.0,0.0,2026-01-30,0,239,0,high,5593.0,7,Premium,799.0,high,active
u002375,2026-01-12,7,49.34,5,5,0,0.0,0.0,0.0,0.0,0.0,1,46.645,3.5,7.0,0.0,1.0,0.0,0.057776823715793256,0.42857130612248395,0.0,0.0,2026-01-30,0,95,0,low,598.0,2,Basic,299.0,low,active
u001606,2026-01-12,7,187.87,9,18,0,0.0,0.0,0.0,0.0,0.0,1,262.48749999999995,14.5,7.0,0.0,1.0,0.0,-0.2842706784731817,-0.37931031866825393,0.0,0.0,2026-01-30,0,47,0,high,799.0,1,Premium,799.0,high,active
u001618,2026-01-12,6,0.0,0,0,0,0.0,0.0,0.0,0.0,0.0,0,0.0,0.0,6.75,0.0,0.0,0.0,0.0,0.0,0.0,0.0,2026-01-30,0,143,0,low,299.0,1,Basic,299.0,low,cancelled
u001617,2026-01-12,7,125.24000000000001,12,17,0,0.0,0.0,2.0,0.0,0.0,1,119.58250000000001,8.25,7.0,0.0,1.0,0.0,0.0473104338234237,0.45454539944904254,0.0,0.0,2026-01-30,0,71,0,medium,1598.0,2,Premium,799.0,high,active
u001616,2026-01-12,7,111.93,7,10,0,0.0,0.0,1.0,0.0,0.0,1,170.83999999999997,9.25,7.0,0.0,1.0,0.0,-0.3448255657643082,-0.24324321694667927,0.0,0.0,2026-01-30,0,227,0,high,5593.0,7,Premium,799.0,high,active
u000488,2026-01-12,7,256.25,8,26,0,0.0,0.0,0.0,0.0,0.0,1,175.65750000000003,9.75,7.0,0.0,1.0,0.0,0.45880477372839296,-0.1794871610782399,0.0,0.0,2026-01-30,0,137,0,high,1497.0,3,Standard,499.0,mid,active
u002373,2026-01-12,7,148.55,6,18,0,0.0,0.0,1.0,0.0,0.0,1,156.0275,9.5,7.0,0.0,1.0,0.0,-0.04792424381647945,-0.36842101385041964,0.0,0.0,2026-01-30,0,255,0,high,2392.0,8,Basic,299.0,low,active
u001615,2026-01-12,7,112.47,10,11,0,0.0,0.0,0.0,0.0,0.0,1,212.4825,13.75,7.0,0.0,1.0,0.0,-0.47068581897009953,-0.27272725289256344,0.0,0.0,2026-01-30,0,255,0,high,3992.0,8,Standard,499.0,mid,active
u000489,2026-01-12,7,0.0,0,0,0,0.0,0.0,0.0,0.0,0.0,0,53.125,4.25,7.0,0.0,1.0,0.0,-0.999999981176471,-0.9999997647059377,0.0,0.0,2026-01-30,0,78,0,low,998.0,2,Standard,499.0,mid,cancelled
u001614,2026-01-12,7,248.65,11,24,1,0.0,0.0,0.0,0.0,0.0,1,194.3925,11.5,7.0,0.0,2.0,0.0,0.2791131330729676,-0.043478257088847214,0.0,0.0,2026-01-30,0,97,0,high,1497.0,3,Standard,499.0,mid,active
u001613,2026-01-12,7,40.64,5,5,0,0.0,0.0,0.0,0.0,0.0,1,49.2375,4.75,7.0,0.0,1.0,0.0,-0.17461284235363606,0.05263156786703834,0.0,0.0,2026-01-30,0,102,0,low,897.0,3,Basic,299.0,low,active
u001612,2026-01-12,7,0.0,0,0,0,0.0,0.0,0.0,0.0,0.0,0,0.0,0.0,6.75,0.0,0.0,0.0,0.0,0.0,0.0,0.0,2026-01-30,0,234,0,low,1794.0,6,Basic,299.0,low,cancelled
u000471,2026-01-12,7,67.87,3,6,0,0.0,0.0,0.0,0.0,0.0,1,57.825,3.5,7.0,0.0,1.0,0.0,0.17371378860849482,-0.142857102040828,0.0,0.0,2026-01-30,0,85,0,low,598.0,2,Basic,299.0,low,active
u000490,2026-01-12,7,170.33,12,19,0,0.0,0.0,0.0,0.0,0.0,1,110.1225,7.0,6.75,0.0,1.0,0.0,0.5467320434358824,0.7142856122449125,0.0,0.0,2026-01-30,0,118,0,high,1497.0,3,Standard,499.0,mid,active
u000492,2026-01-12,7,80.73,4,3,0,0.0,0.0,0.0,0.0,0.0,1,117.17999999999999,7.75,7.0,0.0,1.0,0.0,-0.31105990517955356,-0.48387090530697996,0.0,0.0,2026-01-30,0,53,0,high,299.0,1,Basic,299.0,low,active
u001611,2026-01-12,7,109.76,7,10,0,0.0,0.0,0.0,0.0,0.0,1,133.875,8.5,7.0,0.0,1.0,0.0,-0.18013071760873411,-0.1764705674740509,0.0,0.0,2026-01-30,0,76,0,high,598.0,2,Basic,299.0,low,active
u001610,2026-01-12,7,104.16,8,14,0,0.0,0.0,0.0,0.0,0.0,1,155.39,11.5,6.75,0.0,1.0,0.0,-0.32968659289731256,-0.3043477996219305,0.0,0.0,2026-01-30,0,239,0,medium,2093.0,7,Basic,299.0,low,active
u000493,2026-01-12,7,175.41,10,14,0,0.0,0.0,0.0,0.0,0.0,1,128.7175,7.5,6.5,0.0,1.0,0.0,0.36275175976264484,0.3333332888888948,0.0,0.0,2026-01-30,0,81,0,high,598.0,2,Basic,299.0,low,active
u001609,2026-01-12,7,119.42,5,11,0,0.0,0.0,0.0,0.0,0.0,1,58.63000000000001,3.0,7.0,0.0,1.0,0.0,1.0368411898884324,0.6666664444445185,0.0,0.0,2026-01-30,0,211,0,medium,1794.0,6,Basic,299.0,low,active
u002374,2026-01-12,7,0.0,0,0,0,0.0,0.0,0.0,0.0,0.0,0,0.0,0.0,7.0,0.0,0.0,0.0,0.0,0.0,0.0,0.0,2026-01-30,0,170,0,low,299.0,1,Basic,299.0,low,cancelled
u000494,2026-01-12,7,134.57999999999998,9,12,0,0.0,0.0,0.0,0.0,0.0,1,149.425,8.25,6.75,0.0,1.0,0.0,-0.09934749808032477,0.09090907988980851,0.0,0.0,2026-01-30,0,119,0,medium,1497.0,3,Standard,499.0,mid,active
u001608,2026-01-12,7,84.78,7,10,0,0.0,0.0,0.0,0.0,0.0,1,80.1325,5.5,7.0,0.0,1.0,0.0,0.05799769059997277,0.2727272231405049,0.0,0.0,2026-01-30,0,121,0,medium,1497.0,3,Standard,499.0,mid,active
u001607,2026-01-12,7,131.04000000000002,5,16,0,0.0,0.0,0.0,0.0,0.0,1,123.595,7.0,7.0,0.0,1.0,0.0,0.060237064118798964,-0.285714244897965,0.0,0.0,2026-01-30,0,233,0,high,5593.0,7,Premium,799.0,high,active
u000495,2026-01-12,7,23.4,3,1,0,0.0,0.0,0.0,0.0,0.0,1,91.6225,6.25,7.0,0.0,1.0,0.0,-0.7446042102692656,-0.5199999168000133,0.0,0.0,2026-01-30,0,198,0,high,2994.0,6,Standard,499.0,mid,active
u000491,2026-01-12,7,141.51999999999998,11,11,0,0.0,0.0,0.0,0.0,0.0,1,106.9725,7.25,6.0,0.0,1.0,0.0,0.32295683168144296,0.5172413079667161,0.0,0.0,2026-01-30,0,36,0,high,299.0,1,Basic,299.0,low,active
u000470,2026-01-12,7,135.65,7,12,0,0.0,0.0,0.0,0.0,0.0,1,156.35500000000002,10.75,6.25,0.0,1.0,0.0,-0.13242301088917527,-0.34883717685235566,0.0,0.0,2026-01-30,0,36,0,high,299.0,1,Basic,299.0,low,active
u001646,2026-01-12,7,129.88,9,14,0,0.0,0.0,0.0,0.0,0.0,1,114.07249999999999,8.5,7.0,0.0,1.0,0.0,0.13857415118828686,0.0588235224913503,0.0,0.0,2026-01-30,0,197,0,medium,2495.0,5,Standard,499.0,mid,active
u000078,2026-01-12,7,0.0,0,0,0,0.0,0.0,0.0,0.0,0.0,0,0.0,0.0,7.0,0.0,0.0,0.0,0.0,0.0,0.0,0.0,2026-01-30,0,214,0,low,1996.0,4,Standard,499.0,mid,cancelled
u001688,2026-01-12,7,72.47,6,9,0,0.0,0.0,0.0,0.0,0.0,1,52.69499999999999,4.0,7.0,0.0,1.0,0.0,0.37527278915888074,0.49999987500003124,0.0,0.0,2026-01-30,0,168,0,low,1495.0,5,Basic,299.0,low,active
u001687,2026-01-12,7,228.78,14,23,0,0.0,0.0,1.0,0.0,0.0,1,103.94,6.5,7.0,0.0,1.0,0.0,1.2010775331818595,1.1538459763313882,0.0,0.0,2026-01-30,0,163,0,medium,2495.0,5,Standard,499.0,mid,active
u000450,2026-01-12,7,0.0,0,0,0,0.0,0.0,1.0,0.0,0.0,0,0.0,0.0,7.0,0.0,0.0,0.0,0.0,0.0,0.0,0.0,2026-01-30,0,199,0,low,299.0,1,Basic,299.0,low,expired
u000083,2026-01-12,7,0.0,0,0,0,0.0,0.0,0.0,0.0,0.0,0,0.0,0.0,6.75,0.0,0.0,0.0,0.0,0.0,0.0,0.0,2026-01-30,0,230,0,medium,1794.0,6,Basic,299.0,low,cancelled
u000451,2026-01-12,7,73.02,6,8,0,0.0,0.0,0.0,0.0,0.0,1,56.160000000000004,3.3333333333333335,6.0,0.0,1.0,0.0,0.3002136698679901,0.7999997600000719,0.0,0.0,2026-01-30,0,29,0,low,299.0,1,Basic,299.0,low,active
u001686,2026-01-12,7,37.17,2,3,0,0.0,0.0,2.0,1.0,0.0,0,49.14,4.25,7.0,0.0,1.0,0.0,-0.24358973863268743,-0.5294116401384376,0.0,0.0,2026-01-30,0,140,0,low,897.0,3,Basic,299.0,low,cancelled
u000452,2026-01-12,7,28.33,2,1,0,0.0,0.0,0.0,0.0,0.0,1,112.35,6.0,6.5,0.0,1.0,0.0,-0.7478415598767997,-0.6666665555555741,0.0,0.0,2026-01-30,1,38,0,high,499.0,1,Standard,499.0,mid,cancelled
u001685,2026-01-12,7,154.18,10,13,0,0.0,0.0,0.0,0.0,0.0,1,177.71,8.75,7.0,0.0,1.0,0.0,-0.1324067293207657,0.1428571265306141,0.0,0.0,2026-01-30,0,181,0,high,2495.0,5,Standard,499.0,mid,active
u001684,2026-01-12,7,42.81,3,4,0,0.0,0.0,0.0,0.0,0.0,1,124.37,8.25,7.0,1.0,3.0,1.0,-0.6557851519193926,-0.6363635592286595,0.33333322222225925,0.33333322222225925,2026-01-30,0,71,0,high,598.0,2,Basic,299.0,low,active
u001683,2026-01-12,7,0.0,0,0,0,0.0,0.0,0.0,0.0,0.0,0,0.0,0.0,7.0,0.0,0.0,0.0,0.0,0.0,0.0,0.0,2026-01-30,0,262,0,low,1497.0,3,Standard,499.0,mid,cancelled
u000453,2026-01-12,7,65.57,4,10,0,0.0,0.0,0.0,0.0,0.0,1,79.1525,8.0,7.0,0.0,1.0,0.0,-0.17159912609710223,-0.4999999375000079,0.0,0.0,2026-01-30,0,145,0,medium,1996.0,4,Standard,499.0,mid,active
u001682,2026-01-12,7,93.00999999999999,5,10,0,0.0,0.0,0.0,0.0,0.0,1,116.99249999999999,8.5,6.75,0.0,1.0,0.0,-0.2049917712247215,-0.4117646574394521,0.0,0.0,2026-01-30,0,267,0,medium,3992.0,8,Standard,499.0,mid,active
u000454,2026-01-12,7,104.14,4,12,0,0.0,0.0,0.0,0.0,0.0,1,138.61749999999998,8.5,7.0,0.0,1.0,0.0,-0.24872400491479055,-0.5294117024221527,0.0,0.0,2026-01-30,0,264,0,high,3493.0,7,Standard,499.0,mid,active
u002364,2026-01-12,7,219.16,16,17,0,0.0,0.0,1.0,0.0,0.0,1,182.7175,10.75,7.0,0.0,1.0,0.0,0.19944723302668196,0.48837204759329794,0.0,0.0,2026-01-30,0,241,0,high,3493.0,7,Standard,499.0,mid,active
u001681,2026-01-12,7,33.65,6,6,0,0.0,0.0,0.0,0.0,0.0,1,37.6175,4.0,5.75,0.0,1.0,0.0,-0.1054695260059939,0.49999987500003124,0.0,0.0,2026-01-30,0,34,0,low,299.0,1,Basic,299.0,low,active
u001680,2026-01-12,7,0.0,0,0,0,0.0,0.0,0.0,0.0,0.0,0,0.0,0.0,6.75,0.0,0.0,0.0,0.0,0.0,0.0,0.0,2026-01-30,0,141,0,low,499.0,1,Standard,499.0,mid,expired
u000455,2026-01-12,7,74.09,3,8,0,0.0,0.0,0.0,0.0,0.0,1,46.225,3.25,6.75,1.0,2.0,1.0,0.6028123179488953,-0.07692305325444515,0.499999750000125,0.499999750000125,2026-01-30,0,121,0,medium,598.0,2,Basic,299.0,low,active
u001679,2026-01-12,7,36.61,2,7,0,0.0,0.0,1.0,0.0,0.0,1,121.3575,5.5,7.0,0.0,1.0,0.0,-0.6983293105219759,-0.6363635206611781,0.0,0.0,2026-01-30,0,39,0,medium,499.0,1,Standard,499.0,mid,cancelled
u001678,2026-01-12,7,53.04,3,5,0,0.0,0.0,0.0,0.0,0.0,1,96.3275,9.0,7.0,0.0,1.0,0.0,-0.44937841790373034,-0.6666665925926009,0.0,0.0,2026-01-30,0,165,0,medium,3196.0,4,Premium,799.0,high,active
u002365,2026-01-12,7,249.48,10,25,0,0.0,0.0,0.0,0.0,0.0,1,144.3725,8.25,7.0,0.0,1.0,0.0,0.7280299175533435,0.2121211864095532,0.0,0.0,2026-01-30,0,80,0,medium,998.0,2,Standard,499.0,mid,active
u001677,2026-01-12,7,193.64,12,16,0,0.0,0.0,0.0,0.0,0.0,1,185.08499999999998,11.25,7.0,0.0,1.0,0.0,0.04622200585556907,0.06666666074074128,0.0,0.0,2026-01-30,0,233,0,high,5593.0,7,Premium,799.0,high,active
u000084,2026-01-12,7,0.0,0,0,0,0.0,0.0,1.0,0.0,0.0,0,43.28,3.25,7.0,1.0,1.0,1.0,-0.9999999768946402,-0.999999692307787,0.9999990000010001,0.9999990000010001,2026-01-30,0,61,0,medium,0.0,0,Basic,299.0,low,expired
u002363,2026-01-12,7,65.16,4,4,0,0.0,0.0,0.0,0.0,0.0,1,53.10999999999999,4.333333333333333,5.666666666666667,0.0,1.0,0.0,0.22688758751859195,-0.07692305917160167,0.0,0.0,2026-01-30,0,29,0,low,299.0,1,Basic,299.0,low,active
u001689,2026-01-12,7,221.73,14,28,0,0.0,0.0,0.0,0.0,0.0,1,167.7125,11.75,6.0,0.0,1.0,0.0,0.32208392146033277,0.1914893454051621,0.0,0.0,2026-01-30,0,35,0,high,799.0,1,Premium,799.0,high,active
u000449,2026-01-12,7,43.34,2,6,0,0.0,0.0,0.0,0.0,0.0,1,56.615,5.25,6.75,0.0,1.0,0.0,-0.2344784909568402,-0.6190475011338092,0.0,0.0,2026-01-30,0,140,0,medium,1996.0,4,Standard,499.0,mid,active
u000888,2026-01-12,6,85.46000000000001,6,11,0,0.0,0.0,0.0,0.0,0.0,1,109.0275,5.75,6.5,1.0,3.0,1.0,-0.2161610583003273,0.043478253308129856,0.33333322222225925,0.33333322222225925,2026-01-30,0,222,0,high,5593.0,7,Premium,799.0,high,active
u001701,2026-01-12,7,0.0,0,0,0,0.0,0.0,0.0,0.0,0.0,0,0.0,0.0,7.0,0.0,0.0,0.0,0.0,0.0,0.0,0.0,2026-01-30,0,204,0,low,299.0,1,Basic,299.0,low,cancelled
u000443,2026-01-12,7,130.13,5,8,0,0.0,0.0,1.0,0.0,0.0,1,124.0025,7.5,7.0,0.0,1.0,0.0,0.049414325925571434,-0.3333332888888948,0.0,0.0,2026-01-30,0,237,0,medium,2994.0,6,Standard,499.0,mid,active
u001700,2026-01-12,7,75.85,4,5,0,0.0,0.0,0.0,0.0,0.0,1,63.97666666666667,4.666666666666667,6.0,0.0,1.0,0.0,0.18558849290488463,-0.14285711224490458,0.0,0.0,2026-01-30,0,29,0,medium,299.0,1,Basic,299.0,low,active
u001699,2026-01-12,7,163.68,7,15,0,0.0,0.0,1.0,0.0,0.0,1,158.78,8.5,6.75,0.0,1.0,0.0,0.030860309668344226,-0.1764705674740509,0.0,0.0,2026-01-30,0,180,0,medium,1996.0,4,Standard,499.0,mid,active
u000444,2026-01-12,7,108.78,6,11,0,0.0,0.0,0.0,0.0,0.0,1,80.97749999999999,6.5,7.0,0.0,1.0,0.0,0.34333610764303546,-0.07692306508875922,0.0,0.0,2026-01-30,0,148,0,medium,1196.0,4,Basic,299.0,low,active
u001698,2026-01-12,5,0.0,0,0,0,0.0,0.0,0.0,0.0,0.0,0,0.0,0.0,6.5,0.0,0.0,0.0,0.0,0.0,0.0,0.0,2026-01-30,0,233,0,low,299.0,1,Basic,299.0,low,cancelled
u000445,2026-01-12,7,60.849999999999994,4,6,0,0.0,0.0,0.0,0.0,0.0,1,48.76,2.75,7.0,0.0,1.0,0.0,0.24794913355313503,0.4545452892562584,0.0,0.0,2026-01-30,0,143,0,medium,897.0,3,Basic,299.0,low,active
u002360,2026-01-12,7,81.57,5,10,0,0.0,0.0,0.0,0.0,0.0,1,120.08500000000001,6.5,7.0,1.0,2.0,1.0,-0.3207311460987539,-0.23076919526627765,0.499999750000125,0.499999750000125,2026-01-30,0,218,0,high,2994.0,6,Standard,499.0,mid,active
u001697,2026-01-12,7,280.89,15,30,0,0.0,0.0,0.0,0.0,0.0,1,146.4775,10.5,7.0,0.0,2.0,0.0,0.9176323946160169,0.42857138775510595,0.0,0.0,2026-01-30,0,153,0,medium,2495.0,5,Standard,499.0,mid,active
u000456,2026-01-12,7,14.77,1,1,0,0.0,0.0,0.0,0.0,0.0,1,107.81249999999999,7.25,7.0,0.0,2.0,0.0,-0.8630028905460602,-0.8620688466111935,0.0,0.0,2026-01-30,1,131,0,high,1497.0,3,Standard,499.0,mid,cancelled
u001696,2026-01-12,7,63.82,5,6,0,0.0,0.0,0.0,0.0,0.0,1,52.307500000000005,3.75,7.0,2.0,4.0,2.0,0.22009271672145062,0.33333324444446816,0.49999987500003124,0.49999987500003124,2026-01-30,0,99,0,low,897.0,3,Basic,299.0,low,active
u000446,2026-01-12,7,86.30000000000001,4,13,0,0.0,0.0,1.0,1.0,0.0,1,117.40750000000003,6.75,6.75,0.0,2.0,0.0,-0.264953258821172,-0.40740734705076337,0.0,0.0,2026-01-30,0,104,0,high,1497.0,3,Standard,499.0,mid,active
u001694,2026-01-12,7,120.78,7,8,0,0.0,0.0,0.0,0.0,0.0,1,130.58749999999998,7.0,7.0,1.0,2.0,1.0,-0.07510289977905296,0.0,0.499999750000125,0.499999750000125,2026-01-30,0,171,0,high,2495.0,5,Standard,499.0,mid,active
u000447,2026-01-12,7,167.16,8,22,1,0.0,0.0,0.0,0.0,0.0,1,63.3925,3.5,7.0,0.0,2.0,0.0,1.6369049708261234,1.2857139183674517,0.0,0.0,2026-01-30,0,192,0,low,2994.0,6,Standard,499.0,mid,active
u002361,2026-01-12,7,0.0,0,0,0,0.0,0.0,1.0,0.0,0.0,0,0.0,0.0,7.0,0.0,0.0,0.0,0.0,0.0,0.0,0.0,2026-01-30,0,108,0,low,598.0,2,Basic,299.0,low,cancelled
u000448,2026-01-12,7,177.99,13,17,0,0.0,0.0,0.0,0.0,0.0,1,260.09999999999997,17.333333333333332,6.666666666666667,0.0,1.0,0.0,-0.3156862732960926,-0.24999998557692385,0.0,0.0,2026-01-30,0,31,0,high,799.0,1,Premium,799.0,high,active
u001693,2026-01-12,7,129.10999999999999,6,14,0,0.0,0.0,0.0,0.0,0.0,1,138.3125,8.25,7.0,0.0,1.0,0.0,-0.06653411610278101,-0.2727272396694255,0.0,0.0,2026-01-30,0,105,0,high,1497.0,3,Standard,499.0,mid,active
u001692,2026-01-12,7,186.76,11,24,0,0.0,0.0,0.0,0.0,0.0,1,174.38,10.25,7.0,0.0,1.0,0.0,0.07099437968233523,0.07317072456870981,0.0,0.0,2026-01-30,0,47,0,high,799.0,1,Premium,799.0,high,active
u001691,2026-01-12,7,24.86,1,6,0,0.0,0.0,0.0,0.0,0.0,1,72.4209850533163,3.0,7.0,0.0,1.0,0.0,-0.6567293217783852,-0.6666664444445185,0.0,0.0,2026-01-30,0,77,0,low,998.0,2,Standard,499.0,mid,active
u001690,2026-01-12,7,40.96,4,3,0,0.0,0.0,0.0,0.0,0.0,1,50.752500000000005,3.25,7.0,0.0,2.0,0.0,-0.1929461564859632,0.23076915976333545,0.0,0.0,2026-01-30,0,247,0,low,3992.0,8,Standard,499.0,mid,active
u002362,2026-01-12,7,0.0,0,0,0,0.0,0.0,0.0,0.0,0.0,0,68.9175,3.0,7.0,0.0,1.0,0.0,-0.9999999854898975,-0.9999996666667778,0.0,0.0,2026-01-30,0,82,0,medium,998.0,2,Standard,499.0,mid,cancelled
u001695,2026-01-12,7,103.93,12,6,0,0.0,0.0,0.0,0.0,0.0,1,176.76999999999998,11.25,7.0,0.0,1.0,0.0,-0.41206086772607975,0.06666666074074128,0.0,0.0,2026-01-30,0,230,0,high,5593.0,7,Premium,799.0,high,active
u001702,2026-01-12,6,25.63,2,2,0,0.0,0.0,0.0,0.0,0.0,1,129.73000000000002,10.0,6.75,0.0,1.0,0.0,-0.8024358220732613,-0.7999999200000081,0.0,0.0,2026-01-30,0,226,0,high,2093.0,7,Basic,299.0,low,active
u001676,2026-01-12,7,72.23,5,6,0,0.0,0.0,0.0,0.0,0.0,1,82.34,6.0,6.5,1.0,1.0,1.0,-0.12278357878572287,-0.16666663888889352,0.9999990000010001,0.9999990000010001,2026-01-30,1,24,0,medium,0.0,0,Basic,299.0,low,expired
u000082,2026-01-12,7,141.18,4,16,0,0.0,0.0,0.0,0.0,0.0,1,129.845,7.75,6.75,0.0,2.0,0.0,0.08729639117951109,-0.48387090530697996,0.0,0.0,2026-01-30,0,161,0,high,2495.0,5,Standard,499.0,mid,active
u001658,2026-01-12,7,68.66,4,8,0,0.0,0.0,1.0,1.0,1.0,1,99.815,8.5,7.0,0.0,1.0,0.0,-0.31212743262908954,-0.5294117024221527,0.0,0.0,2026-01-30,0,51,0,medium,299.0,1,Basic,299.0,low,active
u001657,2026-01-12,7,0.0,0,0,0,0.0,0.0,0.0,0.0,0.0,0,6.555,0.5,7.0,1.0,1.0,1.0,-0.9999998474447219,-0.999998000004,0.9999990000010001,0.9999990000010001,2026-01-30,0,58,0,low,0.0,0,Basic,299.0,low,expired
u001656,2026-01-12,7,0.0,0,0,0,0.0,0.0,0.0,0.0,0.0,0,0.0,0.0,7.0,0.0,0.0,0.0,0.0,0.0,0.0,0.0,2026-01-30,0,212,0,medium,598.0,2,Basic,299.0,low,expired
u000463,2026-01-12,6,54.31,6,4,0,0.0,0.0,0.0,0.0,0.0,1,118.44500000000001,7.5,6.75,1.0,2.0,1.0,-0.5414749416060202,-0.19999997333333688,0.499999750000125,0.499999750000125,2026-01-30,0,83,0,high,598.0,2,Basic,299.0,low,active
u001655,2026-01-12,6,50.83,3,6,0,0.0,0.0,1.0,0.0,0.0,1,118.57999999999998,5.0,6.75,0.0,1.0,0.0,-0.5713442353571915,-0.399999920000016,0.0,0.0,2026-01-30,0,231,0,high,3493.0,7,Standard,499.0,mid,active
u000079,2026-01-12,7,165.70999999999998,12,15,0,0.0,0.0,0.0,0.0,0.0,1,182.8275,11.75,7.0,0.0,2.0,0.0,-0.09362650534724537,0.0212765939339069,0.0,0.0,2026-01-30,0,129,0,high,1996.0,4,Standard,499.0,mid,active
u000464,2026-01-12,7,0.0,0,0,0,0.0,0.0,0.0,0.0,0.0,0,45.2575,3.0,7.0,1.0,1.0,1.0,-0.9999999779042154,-0.9999996666667778,0.9999990000010001,0.9999990000010001,2026-01-30,1,165,0,low,897.0,3,Basic,299.0,low,expired
u001654,2026-01-12,6,29.38,3,4,0,0.0,0.0,0.0,0.0,0.0,1,46.6825,3.0,6.75,0.0,1.0,0.0,-0.37064209563236555,0.0,0.0,0.0,2026-01-30,0,121,0,low,897.0,3,Basic,299.0,low,active
u001653,2026-01-12,7,98.25,5,10,0,0.0,0.0,0.0,0.0,0.0,1,84.3875,5.25,7.0,0.0,1.0,0.0,0.1642719577630341,-0.04761903854875456,0.0,0.0,2026-01-30,0,257,0,medium,2392.0,8,Basic,299.0,low,active
u000465,2026-01-12,7,123.88000000000001,7,13,0,0.0,0.0,0.0,0.0,0.0,1,119.20499999999998,5.5,7.0,0.0,1.0,0.0,0.039218153271942224,0.2727272231405049,0.0,0.0,2026-01-30,0,269,0,high,2392.0,8,Basic,299.0,low,active
u000466,2026-01-12,7,50.95,7,5,0,0.0,0.0,0.0,0.0,0.0,1,43.56666666666667,4.333333333333333,5.666666666666667,0.0,1.0,0.0,0.1694720695607023,0.6153844733728139,0.0,0.0,2026-01-30,1,28,0,low,299.0,1,Basic,299.0,low,cancelled
u001652,2026-01-12,7,0.0,0,0,0,0.0,0.0,0.0,0.0,0.0,0,0.0,0.0,7.0,0.0,0.0,0.0,0.0,0.0,0.0,0.0,2026-01-30,0,266,0,low,1495.0,5,Basic,299.0,low,cancelled
u000467,2026-01-12,7,93.49000000000001,6,6,0,0.0,0.0,0.0,0.0,0.0,1,114.5575,7.5,7.0,0.0,1.0,0.0,-0.1839032784068849,-0.19999997333333688,0.0,0.0,2026-01-30,0,229,0,high,3493.0,7,Standard,499.0,mid,active
u002368,2026-01-12,7,62.42,3,6,0,0.0,0.0,0.0,0.0,0.0,1,65.6375,4.0,7.0,0.0,1.0,0.0,-0.04901923368471937,-0.24999993750001562,0.0,0.0,2026-01-30,0,226,0,low,2093.0,7,Basic,299.0,low,cancelled
u001651,2026-01-12,7,94.2,3,7,0,0.0,0.0,0.0,0.0,0.0,1,95.705,4.75,6.75,0.0,2.0,0.0,-0.01572540603181223,-0.3684209750692684,0.0,0.0,2026-01-30,0,223,0,medium,3493.0,7,Standard,499.0,mid,active
u000468,2026-01-12,7,0.0,0,0,0,0.0,0.0,0.0,0.0,0.0,0,0.0,0.0,7.0,0.0,0.0,0.0,0.0,0.0,0.0,0.0,2026-01-30,0,121,0,low,299.0,1,Basic,299.0,low,cancelled
u001650,2026-01-12,6,0.0,0,0,0,0.0,0.0,0.0,0.0,0.0,0,5.51,0.25,6.75,0.0,1.0,0.0,-0.9999998185118296,-0.9999960000160001,0.0,0.0,2026-01-30,0,61,0,low,299.0,1,Basic,299.0,low,cancelled
u001649,2026-01-12,7,147.82999999999998,14,18,0,1.0,0.0,0.0,0.0,0.0,1,127.865,13.0,7.0,0.0,1.0,0.0,0.15614124149578656,0.07692307100591762,0.0,0.0,2026-01-30,0,25,0,high,499.0,1,Standard,499.0,mid,active
u001648,2026-01-12,7,25.0,2,2,0,0.0,0.0,1.0,0.0,0.0,1,58.537499999999994,4.75,7.0,2.0,3.0,2.0,-0.572923329952196,-0.5789472465374218,0.6666664444445185,0.6666664444445185,2026-01-30,1,104,0,low,598.0,2,Basic,299.0,low,cancelled
u001647,2026-01-12,7,15.81,1,1,0,0.0,0.0,0.0,0.0,0.0,1,28.092499999999998,2.0,7.0,0.0,2.0,0.0,-0.4372163233170303,-0.499999750000125,0.0,0.0,2026-01-30,0,184,0,low,2495.0,5,Standard,499.0,mid,active
u000469,2026-01-12,7,221.69,15,23,0,0.0,0.0,0.0,0.0,0.0,1,172.7175,12.0,7.0,0.0,1.0,0.0,0.2835410408120715,0.2499999791666684,0.0,0.0,2026-01-30,0,225,0,high,5593.0,7,Premium,799.0,high,active
u000080,2026-01-12,7,117.89,9,11,0,0.0,0.0,0.0,0.0,0.0,1,123.15500000000002,6.75,7.0,2.0,4.0,2.0,-0.042751004484178554,0.3333332839506246,0.49999987500003124,0.49999987500003124,2026-01-30,0,102,0,high,897.0,3,Basic,299.0,low,active
u001659,2026-01-12,7,35.64,3,3,0,0.0,0.0,0.0,0.0,0.0,1,61.84,3.25,6.75,0.0,1.0,0.0,-0.42367399056154614,-0.07692305325444515,0.0,0.0,2026-01-30,0,60,0,low,299.0,1,Basic,299.0,low,active
u002367,2026-01-12,7,184.24,12,21,0,0.0,0.0,1.0,0.0,0.0,1,148.3475,10.75,7.0,1.0,3.0,1.0,0.2419488010114846,0.11627905895078522,0.33333322222225925,0.33333322222225925,2026-01-30,0,186,0,high,2994.0,6,Standard,499.0,mid,active
u000462,2026-01-12,7,96.79,6,9,0,0.0,0.0,1.0,0.0,0.0,1,41.85500000000001,3.25,6.75,0.0,1.0,0.0,1.3125074348941,0.8461535857988967,0.0,0.0,2026-01-30,0,235,0,low,2093.0,7,Basic,299.0,low,active
u001674,2026-01-12,7,0.0,0,0,0,0.0,0.0,0.0,0.0,0.0,0,19.8675,2.0,7.0,1.0,1.0,1.0,-0.9999999496665433,-0.99999950000025,0.9999990000010001,0.9999990000010001,2026-01-30,0,80,0,low,499.0,1,Standard,499.0,mid,expired
u001673,2026-01-12,7,127.77000000000001,12,16,0,0.0,0.0,0.0,0.0,0.0,1,121.90000000000002,9.25,7.0,0.0,1.0,0.0,0.04815422437937461,0.29729726515705246,0.0,0.0,2026-01-30,0,203,0,medium,1996.0,4,Standard,499.0,mid,active
u000457,2026-01-12,7,0.0,0,0,0,0.0,0.0,0.0,0.0,0.0,0,0.0,0.0,6.75,0.0,0.0,0.0,0.0,0.0,0.0,0.0,2026-01-30,0,233,0,low,1495.0,5,Basic,299.0,low,cancelled
u001672,2026-01-12,7,0.0,0,0,0,0.0,0.0,0.0,0.0,0.0,0,0.0,0.0,7.0,0.0,0.0,0.0,0.0,0.0,0.0,0.0,2026-01-30,0,128,0,low,499.0,1,Standard,499.0,mid,cancelled
u001671,2026-01-12,7,69.36,2,8,0,0.0,0.0,2.0,1.0,0.0,1,154.0225,8.75,7.0,0.0,1.0,0.0,-0.5496761801056588,-0.7714284832653162,0.0,0.0,2026-01-30,0,79,0,medium,998.0,2,Standard,499.0,mid,active
u001670,2026-01-12,7,90.97,8,11,0,0.0,0.0,0.0,0.0,0.0,1,59.684999999999995,4.25,7.0,0.0,1.0,0.0,0.52416854278012,0.8823527335640626,0.0,0.0,2026-01-30,0,88,0,medium,598.0,2,Basic,299.0,low,active
u001669,2026-01-12,7,0.0,0,0,0,0.0,0.0,0.0,0.0,0.0,0,0.0,0.0,7.0,0.0,0.0,0.0,0.0,0.0,0.0,0.0,2026-01-30,0,137,0,low,499.0,1,Standard,499.0,mid,cancelled
u000458,2026-01-12,7,101.11,7,17,0,0.0,0.0,0.0,0.0,0.0,1,102.425,8.25,7.0,0.0,1.0,0.0,-0.012838662310581747,-0.15151513314968085,0.0,0.0,2026-01-30,0,111,0,medium,897.0,3,Basic,299.0,low,active
u001668,2026-01-12,7,266.9,12,23,0,0.0,0.0,1.0,1.0,0.0,1,245.42,12.25,7.0,0.0,1.0,0.0,0.08752342886674502,-0.020408161599333747,0.0,0.0,2026-01-30,0,100,0,high,2397.0,3,Premium,799.0,high,active
u001667,2026-01-12,7,56.85,3,6,0,0.0,0.0,0.0,0.0,0.0,1,52.182500000000005,3.25,7.0,0.0,1.0,0.0,0.08944569368187233,-0.07692305325444515,0.0,0.0,2026-01-30,0,82,0,medium,598.0,2,Basic,299.0,low,active
u001675,2026-01-12,7,252.04,14,19,0,0.0,0.0,0.0,0.0,0.0,1,287.625,15.75,7.0,0.0,1.0,0.0,-0.12372012125607958,-0.11111110405643784,0.0,0.0,2026-01-30,0,90,0,high,998.0,2,Standard,499.0,mid,active
u002366,2026-01-12,7,95.88,3,6,0,0.0,0.0,0.0,0.0,0.0,1,104.4275,5.25,7.0,0.0,2.0,0.0,-0.08185104419955429,-0.42857134693879106,0.0,0.0,2026-01-30,0,249,0,medium,3992.0,8,Standard,499.0,mid,active
u000459,2026-01-12,7,45.870000000000005,2,3,0,0.0,0.0,0.0,0.0,0.0,1,116.69250000000001,6.5,6.75,0.0,1.0,0.0,-0.6069156063421762,-0.6923075857988329,0.0,0.0,2026-01-30,0,59,0,high,299.0,1,Basic,299.0,low,active
u001665,2026-01-12,7,146.26999999999998,7,13,0,0.0,0.0,1.0,0.0,0.0,1,173.95749999999998,9.0,7.0,1.0,2.0,1.0,-0.15916243818655457,-0.22222219753086697,0.499999750000125,0.499999750000125,2026-01-30,0,139,0,high,1196.0,4,Basic,299.0,low,active
u001664,2026-01-12,7,60.31,7,8,0,0.0,0.0,1.0,0.0,0.0,1,89.66499999999999,7.75,7.0,0.0,1.0,0.0,-0.3273852637329474,-0.09677418106139599,0.0,0.0,2026-01-30,0,132,0,low,1196.0,4,Basic,299.0,low,active
u000081,2026-01-12,7,197.82,9,21,0,0.0,0.0,0.0,0.0,0.0,1,124.91499999999999,6.25,5.75,0.0,1.0,0.0,0.583636868401418,0.4399999296000113,0.0,0.0,2026-01-30,0,34,0,high,299.0,1,Basic,299.0,low,active
u001663,2026-01-12,7,87.84,5,9,0,0.0,0.0,0.0,0.0,0.0,1,51.072500000000005,3.25,7.0,0.0,1.0,0.0,0.719907959862784,0.538461372781116,0.0,0.0,2026-01-30,0,224,0,low,3493.0,7,Standard,499.0,mid,active
u000460,2026-01-12,7,63.949999999999996,2,5,0,0.0,0.0,0.0,0.0,0.0,1,34.5075,1.5,7.0,1.0,3.0,1.0,0.8532202896987526,0.3333331111112593,0.33333322222225925,0.33333322222225925,2026-01-30,0,244,0,low,3992.0,8,Standard,499.0,mid,active
u000461,2026-01-12,7,157.27,6,11,0,0.0,0.0,0.0,0.0,0.0,1,99.7725,6.25,6.5,0.0,1.0,0.0,0.5762860449894909,-0.039999993600001026,0.0,0.0,2026-01-30,0,89,0,high,598.0,2,Basic,299.0,low,active
u001662,2026-01-12,7,114.24,7,7,0,0.0,0.0,0.0,0.0,0.0,1,153.8875,8.0,7.0,0.0,1.0,0.0,-0.25763950770764676,-0.12499998437500197,0.0,0.0,2026-01-30,0,117,0,high,1497.0,3,Standard,499.0,mid,active
u001661,2026-01-12,7,18.15,1,1,0,0.0,0.0,0.0,0.0,0.0,1,39.012499999999996,3.0,7.0,0.0,1.0,0.0,-0.534764484850638,-0.6666664444445185,0.0,0.0,2026-01-30,0,115,0,low,897.0,3,Basic,299.0,low,active
u001660,2026-01-12,7,220.78,14,21,0,0.0,0.0,0.0,0.0,0.0,1,122.82500000000002,7.25,7.0,0.0,1.0,0.0,0.7975167856908869,0.9310343543400891,0.0,0.0,2026-01-30,0,207,0,high,1794.0,6,Basic,299.0,low,active
u001666,2026-01-12,7,1154.5190945129204,10,17,1,0.0,0.0,0.0,0.0,0.0,1,405.8797736282301,8.75,7.0,0.0,1.0,0.0,1.844485405981154,0.1428571265306141,0.0,0.0,2026-01-30,0,171,0,high,1495.0,5,Basic,299.0,low,active
u002500,2026-01-12,7,17.2,1,1,0,0.0,0.0,1.0,0.0,0.0,1,33.2475,2.25,6.5,1.0,1.0,1.0,-0.48266785524722605,-0.555555308642085,0.9999990000010001,0.9999990000010001,2026-01-30,1,37,0,low,0.0,0,Basic,299.0,low,expired
